public_category,root,mid_level,leaf
Animal Rescue,Expense,Donations & Gifts,Charity & Donations
Animal Welfare,Expense,Donations & Gifts,Charity & Donations
Breast Cancer Research,Expense,Donations & Gifts,Charity & Donations
Cancer Research,Expense,Donations & Gifts,Charity & Donations
Cancer Support,Expense,Donations & Gifts,Charity & Donations
Cash Transfer Charity,Expense,Donations & Gifts,Charity & Donations
Charitable Organization,Expense,Donations & Gifts,Charity & Donations
Charity Fundraising (UK),Expense,Donations & Gifts,Charity & Donations
Charity Fundraising Platform,Expense,Donations & Gifts,Charity & Donations
Charity Rating,Expense,Donations & Gifts,Charity & Donations
Charity Verification,Expense,Donations & Gifts,Charity & Donations
Children's Charity,Expense,Donations & Gifts,Charity & Donations
Children's Hospital,Expense,Donations & Gifts,Charity & Donations
Children's Literacy,Expense,Donations & Gifts,Charity & Donations
Civil Liberties Organization,Expense,Donations & Gifts,Charity & Donations
Clean Water Nonprofit,Expense,Donations & Gifts,Charity & Donations
Creative Crowdfunding,Expense,Donations & Gifts,Charity & Donations
Creator Membership Platform,Expense,Donations & Gifts,Charity & Donations
Creator Support Platform,Expense,Donations & Gifts,Charity & Donations
Creator Tips Platform,Expense,Donations & Gifts,Charity & Donations
Crowdfunding Platform,Expense,Donations & Gifts,Charity & Donations
Digital Rights,Expense,Donations & Gifts,Charity & Donations
Education Charity,Expense,Donations & Gifts,Charity & Donations
Education Fundraising,Expense,Donations & Gifts,Charity & Donations
Education Nonprofit,Expense,Donations & Gifts,Charity & Donations
Environmental Charity,Expense,Donations & Gifts,Charity & Donations
Environmental Org,Expense,Donations & Gifts,Charity & Donations
Environmental Organization,Expense,Donations & Gifts,Charity & Donations
Family Charity,Expense,Donations & Gifts,Charity & Donations
Food Bank Network,Expense,Donations & Gifts,Charity & Donations
Free Encyclopedia,Expense,Donations & Gifts,Charity & Donations
Healthcare Nonprofit,Expense,Donations & Gifts,Charity & Donations
Housing Charity,Expense,Donations & Gifts,Charity & Donations
Humanitarian Organization,Expense,Donations & Gifts,Charity & Donations
International Charity,Expense,Donations & Gifts,Charity & Donations
Maternal/Child Health,Expense,Donations & Gifts,Charity & Donations
Medical Charity,Expense,Donations & Gifts,Charity & Donations
Men's Health,Expense,Donations & Gifts,Charity & Donations
Micro-Lending Charity,Expense,Donations & Gifts,Charity & Donations
Nonprofit Organization,Expense,Donations & Gifts,Charity & Donations
Online Petition Platform,Expense,Donations & Gifts,Charity & Donations
Political Fundraising,Expense,Donations & Gifts,Charity & Donations
Political Fundraising Platform,Expense,Donations & Gifts,Charity & Donations
Public Broadcasting,Expense,Donations & Gifts,Charity & Donations
Public Radio,Expense,Donations & Gifts,Charity & Donations
Race & Charity Event Platform,Expense,Donations & Gifts,Charity & Donations
Thrift & Workforce Dev,Expense,Donations & Gifts,Charity & Donations
Voter Registration Nonprofit,Expense,Donations & Gifts,Charity & Donations
Youth Mentoring,Expense,Donations & Gifts,Charity & Donations
Youth Organization,Expense,Donations & Gifts,Charity & Donations
Greeting Card & Gift Store,Expense,Donations & Gifts,Gifts & Cards
Photo Printing & Gifts,Expense,Donations & Gifts,Gifts & Cards
Wedding Registry & Planning,Expense,Donations & Gifts,Gifts & Cards
Celebrity-Led Courses,Expense,Education,Online Learning
Childcare,Expense,Education,Online Learning
Childcare & Education,Expense,Education,Online Learning
Childcare & Learning,Expense,Education,Online Learning
Children's Art Education,Expense,Education,Online Learning
Children's Learning,Expense,Education,Online Learning
Children's Publisher,Expense,Education,Online Learning
Coding Education,Expense,Education,Online Learning
Coding Interview Prep,Expense,Education,Online Learning
Coding Interview Prep Platform,Expense,Education,Online Learning
Creative Online Learning,Expense,Education,Online Learning
Data Science Learning,Expense,Education,Online Learning
Early Childhood,Expense,Education,Online Learning
Early Reading App,Expense,Education,Online Learning
EdTech Platform (India),Expense,Education,Online Learning
Educational Publisher,Expense,Education,Online Learning
English Learning,Expense,Education,Online Learning
English Tutoring (China),Expense,Education,Online Learning
Flashcard & Study App,Expense,Education,Online Learning
Free Online Learning,Expense,Education,Online Learning
Free Online Learning Platform,Expense,Education,Online Learning
GMAT/GRE Prep,Expense,Education,Online Learning
K-12 Online Learning Platform,Expense,Education,Online Learning
Kids Coding Center,Expense,Education,Online Learning
Kids Learning (ABCmouse),Expense,Education,Online Learning
LEGO STEM Education,Expense,Education,Online Learning
Language & Business Training,Expense,Education,Online Learning
Language & Travel Education,Expense,Education,Online Learning
Language Learning,Expense,Education,Online Learning
Language Learning App,Expense,Education,Online Learning
Language Tutoring,Expense,Education,Online Learning
Learning App (India),Expense,Education,Online Learning
Live Online Classes (Kids),Expense,Education,Online Learning
Live Tutoring (India),Expense,Education,Online Learning
Math & Reading Tutoring,Expense,Education,Online Learning
Math Learning Center,Expense,Education,Online Learning
Math Problem Solver,Expense,Education,Online Learning
Music Education,Expense,Education,Online Learning
Music Learning App,Expense,Education,Online Learning
Music Lessons,Expense,Education,Online Learning
Online Course Marketplace,Expense,Education,Online Learning
Online Course Platform,Expense,Education,Online Learning
Online Guitar Lessons,Expense,Education,Online Learning
Online Language School,Expense,Education,Online Learning
Online Learning (India),Expense,Education,Online Learning
Online Learning (University),Expense,Education,Online Learning
Online Test Prep,Expense,Education,Online Learning
Online Tutoring,Expense,Education,Online Learning
Online Tutoring & Textbooks,Expense,Education,Online Learning
Online Tutoring (China),Expense,Education,Online Learning
Online Tutoring Platform,Expense,Education,Online Learning
Piano Learning App,Expense,Education,Online Learning
Preschool,Expense,Education,Online Learning
Professional Courses,Expense,Education,Online Learning
SAT/ACT Prep,Expense,Education,Online Learning
STEM Education,Expense,Education,Online Learning
STEM Learning,Expense,Education,Online Learning
STEM Learning Platform,Expense,Education,Online Learning
Student Q&A Platform,Expense,Education,Online Learning
Study Resources,Expense,Education,Online Learning
Tech Education,Expense,Education,Online Learning
Tech Nanodegrees,Expense,Education,Online Learning
Technical Assessment,Expense,Education,Online Learning
Technology Skills,Expense,Education,Online Learning
Test Prep,Expense,Education,Online Learning
Test Prep & Education,Expense,Education,Online Learning
Textbooks & Tutoring,Expense,Education,Online Learning
Tutoring Center,Expense,Education,Online Learning
Tutoring Marketplace,Expense,Education,Online Learning
Catholic Diocese (School),Expense,Education,Tuition & School
Catholic High School,Expense,Education,Tuition & School
Catholic School,Expense,Education,Tuition & School
Community College,Expense,Education,Tuition & School
K-12 Online Learning Platform,Expense,Education,Tuition & School
Kids Coding Education Center,Expense,Education,Tuition & School
Preschool & Nursery,Expense,Education,Tuition & School
Religious School,Expense,Education,Tuition & School
School Photography Service,Expense,Education,Tuition & School
School Rings & Graduation,Expense,Education,Tuition & School
Test Prep & Tutoring,Expense,Education,Tuition & School
Tutoring & Education Center,Expense,Education,Tuition & School
Amusement Park,Expense,Entertainment,Amusement & Parks
Amusement Park (AU),Expense,Entertainment,Amusement & Parks
Amusement Park (Denmark),Expense,Entertainment,Amusement & Parks
Amusement Park (Japan),Expense,Entertainment,Amusement & Parks
Amusement Park (Sweden),Expense,Entertainment,Amusement & Parks
Amusement Park Chain,Expense,Entertainment,Amusement & Parks
Amusement Ride,Expense,Entertainment,Amusement & Parks
Aquarium,Expense,Entertainment,Amusement & Parks
Aquarium & Boardwalk,Expense,Entertainment,Amusement & Parks
Arcade & Entertainment (Japan),Expense,Entertainment,Amusement & Parks
Arcade (Asia-Pacific),Expense,Entertainment,Amusement & Parks
Boardwalk Amusement,Expense,Entertainment,Amusement & Parks
Bowling & Bistro,Expense,Entertainment,Amusement & Parks
Bowling & Entertainment,Expense,Entertainment,Amusement & Parks
Bowling & Lounge,Expense,Entertainment,Amusement & Parks
Children's Museum,Expense,Entertainment,Amusement & Parks
Children's Ride Attraction,Expense,Entertainment,Amusement & Parks
Entertainment Center,Expense,Entertainment,Amusement & Parks
Escape Room Entertainment,Expense,Entertainment,Amusement & Parks
Family Attraction,Expense,Entertainment,Amusement & Parks
Golf Entertainment Complex,Expense,Entertainment,Amusement & Parks
Holiday Light Festival,Expense,Entertainment,Amusement & Parks
Indoor Go-Kart Racing,Expense,Entertainment,Amusement & Parks
Indoor Karting,Expense,Entertainment,Amusement & Parks
Indoor Play & Recreation,Expense,Entertainment,Amusement & Parks
Indoor Play Center,Expense,Entertainment,Amusement & Parks
Indoor Skydiving,Expense,Entertainment,Amusement & Parks
Indoor Theme Park (UAE),Expense,Entertainment,Amusement & Parks
Indoor Water Park Resort,Expense,Entertainment,Amusement & Parks
Kids Entertainment & Pizza,Expense,Entertainment,Amusement & Parks
Kids Pizza & Games,Expense,Entertainment,Amusement & Parks
Marine Theme Park,Expense,Entertainment,Amusement & Parks
Observation Tower & Attraction,Expense,Entertainment,Amusement & Parks
Science Museum,Expense,Entertainment,Amusement & Parks
Social Entertainment,Expense,Entertainment,Amusement & Parks
State Park & Hiking,Expense,Entertainment,Amusement & Parks
Theme & Amusement Park,Expense,Entertainment,Amusement & Parks
Theme Park,Expense,Entertainment,Amusement & Parks
Theme Park & Aquarium,Expense,Entertainment,Amusement & Parks
Theme Park & Discovery Center,Expense,Entertainment,Amusement & Parks
Theme Park (Australia),Expense,Entertainment,Amusement & Parks
Theme Park (China),Expense,Entertainment,Amusement & Parks
Theme Park (Germany),Expense,Entertainment,Amusement & Parks
Theme Park (Japan),Expense,Entertainment,Amusement & Parks
Theme Park (Korea),Expense,Entertainment,Amusement & Parks
Theme Park (Netherlands),Expense,Entertainment,Amusement & Parks
Theme Park (Spain),Expense,Entertainment,Amusement & Parks
Theme Park (UAE),Expense,Entertainment,Amusement & Parks
Theme Park (UK),Expense,Entertainment,Amusement & Parks
Trampoline & Adventure Park,Expense,Entertainment,Amusement & Parks
Trampoline Park,Expense,Entertainment,Amusement & Parks
Water Park,Expense,Entertainment,Amusement & Parks
Water Park Resort,Expense,Entertainment,Amusement & Parks
Zoo,Expense,Entertainment,Amusement & Parks
Zoo (Australia),Expense,Entertainment,Amusement & Parks
Zoo (UK),Expense,Entertainment,Amusement & Parks
Art Studio & Creative Space,Expense,Entertainment,Arts & Hobbies
Cloud Gaming,Expense,Entertainment,Gaming
Cloud Gaming (Google),Expense,Entertainment,Gaming
Custom Controllers,Expense,Entertainment,Gaming
DRM-Free Game Store,Expense,Entertainment,Gaming
Digital Game Retailer,Expense,Entertainment,Gaming
Digital Game Store,Expense,Entertainment,Gaming
Ergonomic Gaming Chairs,Expense,Entertainment,Gaming
Game Company,Expense,Entertainment,Gaming
Game Developer,Expense,Entertainment,Gaming
Game Developer & Platform,Expense,Entertainment,Gaming
Game Developer & Store,Expense,Entertainment,Gaming
Game Developer (Apex),Expense,Entertainment,Gaming
Game Developer (China),Expense,Entertainment,Gaming
Game Developer (CoD),Expense,Entertainment,Gaming
Game Developer (Destiny),Expense,Entertainment,Gaming
Game Developer (Elder Scrolls),Expense,Entertainment,Gaming
Game Developer (Forza),Expense,Entertainment,Gaming
Game Developer (GTA/RDR),Expense,Entertainment,Gaming
Game Developer (Genshin),Expense,Entertainment,Gaming
Game Developer (GoW),Expense,Entertainment,Gaming
Game Developer (Japan),Expense,Entertainment,Gaming
Game Developer (Minecraft),Expense,Entertainment,Gaming
Game Developer (PUBG),Expense,Entertainment,Gaming
Game Developer (Persona),Expense,Entertainment,Gaming
Game Developer (Rocket League),Expense,Entertainment,Gaming
Game Developer (Spider-Man),Expense,Entertainment,Gaming
Game Developer (TLOU),Expense,Entertainment,Gaming
Game Developer (WoW/OW),Expense,Entertainment,Gaming
Game Publisher,Expense,Entertainment,Gaming
Game Publisher (China),Expense,Entertainment,Gaming
Game Publisher (Japan),Expense,Entertainment,Gaming
Game Publisher (Korea),Expense,Entertainment,Gaming
Game Subscription,Expense,Entertainment,Gaming
Gaming Chairs,Expense,Entertainment,Gaming
Gaming Communication Platform,Expense,Entertainment,Gaming
Gaming Headsets,Expense,Entertainment,Gaming
Gaming Peripherals,Expense,Entertainment,Gaming
Gaming Platform,Expense,Entertainment,Gaming
Gaming Subscription Service,Expense,Entertainment,Gaming
Live Streaming Platform (Gaming),Expense,Entertainment,Gaming
Mobile Game Developer,Expense,Entertainment,Gaming
Mobile Games (Candy Crush),Expense,Entertainment,Gaming
PC Game Platform,Expense,Entertainment,Gaming
RPG Developer (BG3),Expense,Entertainment,Gaming
Sandbox Game,Expense,Entertainment,Gaming
Strategy Publisher (Sweden),Expense,Entertainment,Gaming
Video Game Company,Expense,Entertainment,Gaming
Video Game Console & Service,Expense,Entertainment,Gaming
Video Game Publisher,Expense,Entertainment,Gaming
Video Game Retailer,Expense,Entertainment,Gaming
Video Game Retailer (AU/CA),Expense,Entertainment,Gaming
Video Game Retailer (UK),Expense,Entertainment,Gaming
Art House Cinema,Expense,Entertainment,Movies & Events
Art House Cinema (UK),Expense,Entertainment,Movies & Events
Art Museum,Expense,Entertainment,Movies & Events
Art Museum (France),Expense,Entertainment,Movies & Events
Art Museum (UK),Expense,Entertainment,Movies & Events
Author & Speaker Event,Expense,Entertainment,Movies & Events
Bingo Hall & Gaming,Expense,Entertainment,Movies & Events
Comedy Theater,Expense,Entertainment,Movies & Events
Concert & Event Promoter,Expense,Entertainment,Movies & Events
Concert & Live Events,Expense,Entertainment,Movies & Events
Contemporary Circus,Expense,Entertainment,Movies & Events
Dine-In Cinema,Expense,Entertainment,Movies & Events
Dine-In Movie Theater,Expense,Entertainment,Movies & Events
Dinner & Tournament,Expense,Entertainment,Movies & Events
Entertainment & Retail,Expense,Entertainment,Movies & Events
Entertainment Services,Expense,Entertainment,Movies & Events
Entertainment Technology,Expense,Entertainment,Movies & Events
Entertainment Venue,Expense,Entertainment,Movies & Events
Entertainment Venue Cafe,Expense,Entertainment,Movies & Events
Entertainment Venue Concessions,Expense,Entertainment,Movies & Events
Event & Party Planning,Expense,Entertainment,Movies & Events
Event Ticket Marketplace,Expense,Entertainment,Movies & Events
Event Ticket Resale,Expense,Entertainment,Movies & Events
Event Ticketing,Expense,Entertainment,Movies & Events
Event Ticketing (AU),Expense,Entertainment,Movies & Events
Event Ticketing (UK),Expense,Entertainment,Movies & Events
Event Ticketing Platform,Expense,Entertainment,Movies & Events
Film Processing Laboratory,Expense,Entertainment,Movies & Events
Hospitality & Events,Expense,Entertainment,Movies & Events
Live Theater,Expense,Entertainment,Movies & Events
Live Theater (London),Expense,Entertainment,Movies & Events
Live Theater (NYC),Expense,Entertainment,Movies & Events
Luxury Cinema,Expense,Entertainment,Movies & Events
Modern Art Museum,Expense,Entertainment,Movies & Events
Movie Theater,Expense,Entertainment,Movies & Events
Movie Theater (AU/NZ),Expense,Entertainment,Movies & Events
Movie Theater (Australia),Expense,Entertainment,Movies & Events
Movie Theater (France),Expense,Entertainment,Movies & Events
Movie Theater (France/NL),Expense,Entertainment,Movies & Events
Movie Theater (Germany),Expense,Entertainment,Movies & Events
Movie Theater (India),Expense,Entertainment,Movies & Events
Movie Theater (Italy),Expense,Entertainment,Movies & Events
Movie Theater (Japan),Expense,Entertainment,Movies & Events
Movie Theater (Korea),Expense,Entertainment,Movies & Events
Movie Theater (Korea/Global),Expense,Entertainment,Movies & Events
Movie Theater (ME),Expense,Entertainment,Movies & Events
Movie Theater (Mexico),Expense,Entertainment,Movies & Events
Movie Theater (Mexico/Global),Expense,Entertainment,Movies & Events
Movie Theater (Singapore),Expense,Entertainment,Movies & Events
Movie Theater (UK),Expense,Entertainment,Movies & Events
Movie Theater Chain,Expense,Entertainment,Movies & Events
Museum (UK),Expense,Entertainment,Movies & Events
Museum Complex,Expense,Entertainment,Movies & Events
Music Event Ticketing,Expense,Entertainment,Movies & Events
No-Fee Ticket Marketplace,Expense,Entertainment,Movies & Events
Observation Deck & Attraction,Expense,Entertainment,Movies & Events
Performance Art,Expense,Entertainment,Movies & Events
Submission Management Platform,Expense,Entertainment,Movies & Events
Ticket Resale Marketplace,Expense,Entertainment,Movies & Events
Visa & Travel Services,Expense,Entertainment,Movies & Events
24-Hour Gym,Expense,Entertainment,Sports & Recreation
24-Hour Gym Franchise,Expense,Entertainment,Sports & Recreation
AI Personal Training,Expense,Entertainment,Sports & Recreation
Barre Fitness Studio,Expense,Entertainment,Sports & Recreation
Boutique Fitness,Expense,Entertainment,Sports & Recreation
Boxing Fitness,Expense,Entertainment,Sports & Recreation
Boxing Fitness Studio,Expense,Entertainment,Sports & Recreation
Budget Gym,Expense,Entertainment,Sports & Recreation
Budget Gym (UK),Expense,Entertainment,Sports & Recreation
Calorie Tracking App,Expense,Entertainment,Sports & Recreation
Community Fitness & Recreation,Expense,Entertainment,Sports & Recreation
Community Recreation Center,Expense,Entertainment,Sports & Recreation
Connected Bike,Expense,Entertainment,Sports & Recreation
Connected Fitness,Expense,Entertainment,Sports & Recreation
Connected Fitness Bike,Expense,Entertainment,Sports & Recreation
Connected Rowing,Expense,Entertainment,Sports & Recreation
County Park System,Expense,Entertainment,Sports & Recreation
Cycling Studio,Expense,Entertainment,Sports & Recreation
English Soccer League,Expense,Entertainment,Sports & Recreation
Fitness & Wellness Booking,Expense,Entertainment,Sports & Recreation
Fitness (India),Expense,Entertainment,Sports & Recreation
Fitness App,Expense,Entertainment,Sports & Recreation
Fitness Camp,Expense,Entertainment,Sports & Recreation
Fitness Membership App,Expense,Entertainment,Sports & Recreation
Fitness Streaming,Expense,Entertainment,Sports & Recreation
Fitness Studio,Expense,Entertainment,Sports & Recreation
Fitness Subscription,Expense,Entertainment,Sports & Recreation
Fitness Tracking,Expense,Entertainment,Sports & Recreation
French Soccer League,Expense,Entertainment,Sports & Recreation
Functional Fitness,Expense,Entertainment,Sports & Recreation
German Soccer League,Expense,Entertainment,Sports & Recreation
Golf Club Fitting,Expense,Entertainment,Sports & Recreation
Group Fitness,Expense,Entertainment,Sports & Recreation
Gym & Fitness,Expense,Entertainment,Sports & Recreation
Gym & Fitness Club,Expense,Entertainment,Sports & Recreation
Gym (Australia),Expense,Entertainment,Sports & Recreation
Gym (India),Expense,Entertainment,Sports & Recreation
Gym (UK),Expense,Entertainment,Sports & Recreation
Gym Chain (Canada),Expense,Entertainment,Sports & Recreation
Gym Chain (EU),Expense,Entertainment,Sports & Recreation
Gym Chain (France),Expense,Entertainment,Sports & Recreation
Gym Chain (Germany),Expense,Entertainment,Sports & Recreation
Gym Chain (Global),Expense,Entertainment,Sports & Recreation
Gym Franchise,Expense,Entertainment,Sports & Recreation
Health & Fitness,Expense,Entertainment,Sports & Recreation
Hi-Res Music Streaming,Expense,Entertainment,Sports & Recreation
Horse Racing & Casino,Expense,Entertainment,Sports & Recreation
Hot Yoga Studio,Expense,Entertainment,Sports & Recreation
Indoor Cycling Platform,Expense,Entertainment,Sports & Recreation
Internet Radio,Expense,Entertainment,Sports & Recreation
Internet Radio & Podcast,Expense,Entertainment,Sports & Recreation
Italian Soccer League,Expense,Entertainment,Sports & Recreation
Kickboxing Circuit Training,Expense,Entertainment,Sports & Recreation
Live Fitness Classes,Expense,Entertainment,Sports & Recreation
MMA & Fitness,Expense,Entertainment,Sports & Recreation
Mixed Martial Arts,Expense,Entertainment,Sports & Recreation
Motor Racing,Expense,Entertainment,Sports & Recreation
Municipal Park & Recreation,Expense,Entertainment,Sports & Recreation
Music Streaming,Expense,Entertainment,Sports & Recreation
Nutrition Tracking App,Expense,Entertainment,Sports & Recreation
Pilates Studio,Expense,Entertainment,Sports & Recreation
Podcast App,Expense,Entertainment,Sports & Recreation
Podcast Platform,Expense,Entertainment,Sports & Recreation
Premium Fitness Club,Expense,Entertainment,Sports & Recreation
Premium Gym & Fitness,Expense,Entertainment,Sports & Recreation
Premium Gym (Global),Expense,Entertainment,Sports & Recreation
Premium Gym (UK),Expense,Entertainment,Sports & Recreation
Professional Baseball League,Expense,Entertainment,Sports & Recreation
Professional Basketball League,Expense,Entertainment,Sports & Recreation
Professional Football League,Expense,Entertainment,Sports & Recreation
Professional Golf,Expense,Entertainment,Sports & Recreation
Professional Hockey League,Expense,Entertainment,Sports & Recreation
Professional Soccer League,Expense,Entertainment,Sports & Recreation
Professional Sports Merchandise,Expense,Entertainment,Sports & Recreation
Professional Wrestling,Expense,Entertainment,Sports & Recreation
Rowing Fitness Studio,Expense,Entertainment,Sports & Recreation
Running & Cycling App,Expense,Entertainment,Sports & Recreation
Smart Fitness Mirror,Expense,Entertainment,Sports & Recreation
Smart Home Gym,Expense,Entertainment,Sports & Recreation
Spanish Soccer League,Expense,Entertainment,Sports & Recreation
Stock Car Racing,Expense,Entertainment,Sports & Recreation
Tee Time Booking,Expense,Entertainment,Sports & Recreation
Weight Loss App,Expense,Entertainment,Sports & Recreation
Weight Management App,Expense,Entertainment,Sports & Recreation
Workout App,Expense,Entertainment,Sports & Recreation
Yoga Studio Chain,Expense,Entertainment,Sports & Recreation
Youth Hockey Organization,Expense,Entertainment,Sports & Recreation
Hi-Fi Music Streaming Service,Expense,Entertainment,Streaming Music
Music Streaming Service,Expense,Entertainment,Streaming Music
Animation & Sci-Fi Streaming,Expense,Entertainment,Streaming Video
Anime Streaming,Expense,Entertainment,Streaming Video
Anime Streaming Service,Expense,Entertainment,Streaming Video
British TV Streaming,Expense,Entertainment,Streaming Video
British TV Streaming Service,Expense,Entertainment,Streaming Video
Classic Film Streaming,Expense,Entertainment,Streaming Video
Curated Film Streaming,Expense,Entertainment,Streaming Video
Documentary & Reality Streaming,Expense,Entertainment,Streaming Video
Documentary Streaming,Expense,Entertainment,Streaming Video
Documentary Streaming Service,Expense,Entertainment,Streaming Video
Free Streaming,Expense,Entertainment,Streaming Video
Free Streaming (Japan),Expense,Entertainment,Streaming Video
Free Streaming (Library),Expense,Entertainment,Streaming Video
Free Video Streaming,Expense,Entertainment,Streaming Video
Free Video Streaming Service,Expense,Entertainment,Streaming Video
Horror Streaming,Expense,Entertainment,Streaming Video
Horror Streaming Service,Expense,Entertainment,Streaming Video
Independent Film Streaming,Expense,Entertainment,Streaming Video
Indie Film Streaming,Expense,Entertainment,Streaming Video
International TV Streaming,Expense,Entertainment,Streaming Video
Live Streaming Platform,Expense,Entertainment,Streaming Video
Live TV Streaming,Expense,Entertainment,Streaming Video
Live TV Streaming Service,Expense,Entertainment,Streaming Video
Media Server & Streaming,Expense,Entertainment,Streaming Video
Premium Cable & Streaming,Expense,Entertainment,Streaming Video
Reality & Documentary Streaming,Expense,Entertainment,Streaming Video
Sports Broadcasting Network,Expense,Entertainment,Streaming Video
Sports Streaming,Expense,Entertainment,Streaming Video
Sports Streaming (AU),Expense,Entertainment,Streaming Video
Sports Streaming (Global),Expense,Entertainment,Streaming Video
Sports Streaming (ME/EU),Expense,Entertainment,Streaming Video
Sports Streaming Service,Expense,Entertainment,Streaming Video
Sports-Focused Live TV,Expense,Entertainment,Streaming Video
Streaming (UK),Expense,Entertainment,Streaming Video
Streaming Media Player & Service,Expense,Entertainment,Streaming Video
Streaming Service,Expense,Entertainment,Streaming Video
Subscription Streaming & Shipping,Expense,Entertainment,Streaming Video
Video & Music Streaming,Expense,Entertainment,Streaming Video
Video Hosting Platform,Expense,Entertainment,Streaming Video
Video Sharing & Streaming,Expense,Entertainment,Streaming Video
Video Streaming (Asia),Expense,Entertainment,Streaming Video
Video Streaming (Australia),Expense,Entertainment,Streaming Video
Video Streaming (Canada),Expense,Entertainment,Streaming Video
Video Streaming (China),Expense,Entertainment,Streaming Video
Video Streaming (India),Expense,Entertainment,Streaming Video
Video Streaming (Indonesia),Expense,Entertainment,Streaming Video
Video Streaming (Korea),Expense,Entertainment,Streaming Video
Video Streaming (Middle East),Expense,Entertainment,Streaming Video
Video Streaming (SE Asia),Expense,Entertainment,Streaming Video
Video Streaming Service,Expense,Entertainment,Streaming Video
Video on Demand,Expense,Entertainment,Streaming Video
Video on Demand Service,Expense,Entertainment,Streaming Video
AI Lending Platform,Expense,Financial Services,Banking Fees
Asset Management,Expense,Financial Services,Banking Fees
Bank & Credit Card,Expense,Financial Services,Banking Fees
Bank (France),Expense,Financial Services,Banking Fees
Bank (Germany),Expense,Financial Services,Banking Fees
Bank (Netherlands),Expense,Financial Services,Banking Fees
Bank (Spain),Expense,Financial Services,Banking Fees
Bank (Spain/Global),Expense,Financial Services,Banking Fees
Bank (Switzerland),Expense,Financial Services,Banking Fees
Bank (UK),Expense,Financial Services,Banking Fees
Behavioral Health,Expense,Financial Services,Banking Fees
Bond Fund Manager,Expense,Financial Services,Banking Fees
Brokerage,Expense,Financial Services,Banking Fees
Brokerage & Mutual Funds,Expense,Financial Services,Banking Fees
Budgeting App,Expense,Financial Services,Banking Fees
Buy Now Pay Later,Expense,Financial Services,Banking Fees
Commercial Bank,Expense,Financial Services,Banking Fees
Commercial Bank (India),Expense,Financial Services,Banking Fees
Consumer Finance,Expense,Financial Services,Banking Fees
Credit Card & Bank,Expense,Financial Services,Banking Fees
Credit Card & Financial,Expense,Financial Services,Banking Fees
Credit Monitoring,Expense,Financial Services,Banking Fees
Credit Union,Expense,Financial Services,Banking Fees
Cryptocurrency Exchange,Expense,Financial Services,Banking Fees
Digital Bank (Brazil),Expense,Financial Services,Banking Fees
Digital Bank (Germany),Expense,Financial Services,Banking Fees
Digital Bank (UK),Expense,Financial Services,Banking Fees
Digital Banking Platform,Expense,Financial Services,Banking Fees
Digital Finance (Asia),Expense,Financial Services,Banking Fees
Digital Payment (China),Expense,Financial Services,Banking Fees
Digital Payment (India),Expense,Financial Services,Banking Fees
Digital Payment (Indonesia),Expense,Financial Services,Banking Fees
Digital Payment (Korea),Expense,Financial Services,Banking Fees
Digital Payment (Latin Am),Expense,Financial Services,Banking Fees
Earned Wage Access,Expense,Financial Services,Banking Fees
Financial Advice Platform,Expense,Financial Services,Banking Fees
Financial Market Infrastructure,Expense,Financial Services,Banking Fees
Financial Planning,Expense,Financial Services,Banking Fees
Financial Services,Expense,Financial Services,Banking Fees
Free Tax Filing,Expense,Financial Services,Banking Fees
Global Bank,Expense,Financial Services,Banking Fees
Health Insurance,Expense,Financial Services,Banking Fees
Health Insurance & HMO,Expense,Financial Services,Banking Fees
Hedge Fund,Expense,Financial Services,Banking Fees
Index Funds & Brokerage,Expense,Financial Services,Banking Fees
Insurance,Expense,Financial Services,Banking Fees
Insurance & Annuities,Expense,Financial Services,Banking Fees
Investing App,Expense,Financial Services,Banking Fees
Investment & Brokerage,Expense,Financial Services,Banking Fees
Investment & Brokerage Firm,Expense,Financial Services,Banking Fees
Investment Advisory,Expense,Financial Services,Banking Fees
Investment Management,Expense,Financial Services,Banking Fees
Investment Platform,Expense,Financial Services,Banking Fees
Life Insurance,Expense,Financial Services,Banking Fees
Low-Cost Pharmacy,Expense,Financial Services,Banking Fees
Major Bank,Expense,Financial Services,Banking Fees
Managed Care,Expense,Financial Services,Banking Fees
Medicare Advantage,Expense,Financial Services,Banking Fees
Micro-Investing App,Expense,Financial Services,Banking Fees
Neobank,Expense,Financial Services,Banking Fees
Online Bank,Expense,Financial Services,Banking Fees
Online Banking & Lending,Expense,Financial Services,Banking Fees
Online Brokerage,Expense,Financial Services,Banking Fees
Online Savings,Expense,Financial Services,Banking Fees
Overdraft Protection App,Expense,Financial Services,Banking Fees
Peer-to-Peer Lending,Expense,Financial Services,Banking Fees
Pharmacy Benefit Manager,Expense,Financial Services,Banking Fees
Prescription Discount,Expense,Financial Services,Banking Fees
Quant Investment,Expense,Financial Services,Banking Fees
Quantitative Investment,Expense,Financial Services,Banking Fees
Regional Bank,Expense,Financial Services,Banking Fees
Robo-Advisor,Expense,Financial Services,Banking Fees
Social Investing,Expense,Financial Services,Banking Fees
Tax Preparation,Expense,Financial Services,Banking Fees
Tax Preparation Service,Expense,Financial Services,Banking Fees
Tax Preparation Software,Expense,Financial Services,Banking Fees
Tax Software,Expense,Financial Services,Banking Fees
Telehealth,Expense,Financial Services,Banking Fees
Telehealth Platform,Expense,Financial Services,Banking Fees
Wealth Management,Expense,Financial Services,Banking Fees
Cryptocurrency Exchange/ATM,Expense,Financial Services,Crypto & Trading
Investment Advisory & News,Expense,Financial Services,Investment
Micro-Investing App,Expense,Financial Services,Investment
Online Personal Lending,Expense,Financial Services,Lending & Loans
Real Estate Appraisal Service,Expense,Financial Services,Lending & Loans
Artisan Bakery,Expense,Food & Dining,Bakery & Desserts
Artisan Bakery (Ann Arbor),Expense,Food & Dining,Bakery & Desserts
Artisan Bakery (LA),Expense,Food & Dining,Bakery & Desserts
Artisan Bakery (London),Expense,Food & Dining,Bakery & Desserts
Artisan Bakery (NYC),Expense,Food & Dining,Bakery & Desserts
Artisan Bakery (SF),Expense,Food & Dining,Bakery & Desserts
Artisan Bakery (Sydney),Expense,Food & Dining,Bakery & Desserts
Artisan Bread (Berkeley),Expense,Food & Dining,Bakery & Desserts
Artisan Bread (NYC),Expense,Food & Dining,Bakery & Desserts
Artisan Doughnut Shop,Expense,Food & Dining,Bakery & Desserts
Artisan Sourdough (Sydney),Expense,Food & Dining,Bakery & Desserts
Asian Bakery Chain,Expense,Food & Dining,Bakery & Desserts
Austrian Bakery,Expense,Food & Dining,Bakery & Desserts
Bagel (Ottawa),Expense,Food & Dining,Bakery & Desserts
Bagel Chain,Expense,Food & Dining,Bakery & Desserts
Bagel Shop (London),Expense,Food & Dining,Bakery & Desserts
Bagel Shop (NYC),Expense,Food & Dining,Bakery & Desserts
Bakery,Expense,Food & Dining,Bakery & Desserts
Bakery & Baking School (London),Expense,Food & Dining,Bakery & Desserts
Bakery & Cafe (Sydney),Expense,Food & Dining,Bakery & Desserts
"Bakery & Deli (Venice, CA)",Expense,Food & Dining,Bakery & Desserts
Bakery & Ice Cream Combo,Expense,Food & Dining,Bakery & Desserts
Bakery & Restaurant (Brooklyn),Expense,Food & Dining,Bakery & Desserts
Bakery & Restaurant (SF),Expense,Food & Dining,Bakery & Desserts
Bakery (Brooklyn),Expense,Food & Dining,Bakery & Desserts
Bakery (London),Expense,Food & Dining,Bakery & Desserts
Bakery (Melbourne),Expense,Food & Dining,Bakery & Desserts
Bakery Cafe,Expense,Food & Dining,Bakery & Desserts
Bakery Cafe Chain,Expense,Food & Dining,Bakery & Desserts
Bakery Chain,Expense,Food & Dining,Bakery & Desserts
Challah Bakery (London),Expense,Food & Dining,Bakery & Desserts
Cinnamon Roll Bakery Chain,Expense,Food & Dining,Bakery & Desserts
Cookie Bakery,Expense,Food & Dining,Bakery & Desserts
Cooperative Bakery (SF),Expense,Food & Dining,Bakery & Desserts
Croissant Bakery (Melbourne),Expense,Food & Dining,Bakery & Desserts
Cuban Bakery,Expense,Food & Dining,Bakery & Desserts
Cuban Bakery (LA),Expense,Food & Dining,Bakery & Desserts
Cupcake & Dessert Bakery,Expense,Food & Dining,Bakery & Desserts
Cupcake Bakery,Expense,Food & Dining,Bakery & Desserts
Danish Bakery (London),Expense,Food & Dining,Bakery & Desserts
Doughnut Chain,Expense,Food & Dining,Bakery & Desserts
Fine Bakery (NYC),Expense,Food & Dining,Bakery & Desserts
French Artisan Bakery,Expense,Food & Dining,Bakery & Desserts
French Artisan Bakery & Patisserie,Expense,Food & Dining,Bakery & Desserts
French Bakery,Expense,Food & Dining,Bakery & Desserts
French Bakery (Brooklyn),Expense,Food & Dining,Bakery & Desserts
French Bakery (NYC),Expense,Food & Dining,Bakery & Desserts
French Bakery Cafe,Expense,Food & Dining,Bakery & Desserts
French Luxury Patisserie,Expense,Food & Dining,Bakery & Desserts
French Patisserie,Expense,Food & Dining,Bakery & Desserts
French Patisserie (Macarons),Expense,Food & Dining,Bakery & Desserts
French Sourdough Bakery,Expense,Food & Dining,Bakery & Desserts
French Tea Room & Patisserie,Expense,Food & Dining,Bakery & Desserts
German Patisserie,Expense,Food & Dining,Bakery & Desserts
German-Inspired Bakery (London),Expense,Food & Dining,Bakery & Desserts
Gourmet Doughnut (London),Expense,Food & Dining,Bakery & Desserts
Hungarian Patisserie,Expense,Food & Dining,Bakery & Desserts
Israeli/Danish Bakery (NYC),Expense,Food & Dining,Bakery & Desserts
Italian Bakery,Expense,Food & Dining,Bakery & Desserts
Italian Gelato & Pastry,Expense,Food & Dining,Bakery & Desserts
Italian Market Bakery,Expense,Food & Dining,Bakery & Desserts
Italian-American Bakery,Expense,Food & Dining,Bakery & Desserts
Japanese Bakery,Expense,Food & Dining,Bakery & Desserts
Japanese Bakery Chain,Expense,Food & Dining,Bakery & Desserts
Japanese Cheesecake,Expense,Food & Dining,Bakery & Desserts
Japanese Cream Puff Chain,Expense,Food & Dining,Bakery & Desserts
Jewish Appetizing (NYC),Expense,Food & Dining,Bakery & Desserts
Korean Bakery Chain,Expense,Food & Dining,Bakery & Desserts
Late-Night Cookie Delivery,Expense,Food & Dining,Bakery & Desserts
Luxury Crêpe Cake Boutique,Expense,Food & Dining,Bakery & Desserts
Made-to-Order Doughnut Shop,Expense,Food & Dining,Bakery & Desserts
Mini Cupcake Bakery,Expense,Food & Dining,Bakery & Desserts
Modern Bakery & Desserts,Expense,Food & Dining,Bakery & Desserts
Montreal Bagel Shop,Expense,Food & Dining,Bakery & Desserts
Montreal-Style Bagels (NYC),Expense,Food & Dining,Bakery & Desserts
Multicultural Bakery (NYC),Expense,Food & Dining,Bakery & Desserts
Novelty Doughnut Shop,Expense,Food & Dining,Bakery & Desserts
Organic Bakery (London),Expense,Food & Dining,Bakery & Desserts
Pastry (NYC),Expense,Food & Dining,Bakery & Desserts
Portuguese Patisserie,Expense,Food & Dining,Bakery & Desserts
Portuguese Tart Bakery,Expense,Food & Dining,Bakery & Desserts
Soft Pretzel Chain,Expense,Food & Dining,Bakery & Desserts
Sourdough Bakery (SF),Expense,Food & Dining,Bakery & Desserts
Specialty Cake Shop,Expense,Food & Dining,Bakery & Desserts
Specialty Cookie Shop,Expense,Food & Dining,Bakery & Desserts
Specialty Cupcake Bakery,Expense,Food & Dining,Bakery & Desserts
Specialty Doughnut,Expense,Food & Dining,Bakery & Desserts
Taiwanese Bakery Chain,Expense,Food & Dining,Bakery & Desserts
Toast & Coffee (SF),Expense,Food & Dining,Bakery & Desserts
Viennese Patisserie,Expense,Food & Dining,Bakery & Desserts
Austrian Coffee Brand,Expense,Food & Dining,Coffee & Tea
Bubble Tea Chain,Expense,Food & Dining,Coffee & Tea
Bubble Tea Shop,Expense,Food & Dining,Coffee & Tea
Cheese Tea Chain (China),Expense,Food & Dining,Coffee & Tea
Coffee & Cocktails (Oslo/Tokyo),Expense,Food & Dining,Coffee & Tea
Coffee & Donut Chain,Expense,Food & Dining,Coffee & Tea
Coffee & Fast Food,Expense,Food & Dining,Coffee & Tea
Coffee & Food (Australia),Expense,Food & Dining,Coffee & Tea
Coffee & Tea Chain,Expense,Food & Dining,Coffee & Tea
Coffee (Barcelona),Expense,Food & Dining,Coffee & Tea
Coffee (Chicago),Expense,Food & Dining,Coffee & Tea
Coffee (Stockholm),Expense,Food & Dining,Coffee & Tea
Coffee Brand (India),Expense,Food & Dining,Coffee & Tea
Coffee Chain,Expense,Food & Dining,Coffee & Tea
Coffee Chain (AU),Expense,Food & Dining,Coffee & Tea
Coffee Chain (Asia),Expense,Food & Dining,Coffee & Tea
Coffee Chain (Australia),Expense,Food & Dining,Coffee & Tea
Coffee Chain (Canada),Expense,Food & Dining,Coffee & Tea
Coffee Chain (China),Expense,Food & Dining,Coffee & Tea
Coffee Chain (Finland),Expense,Food & Dining,Coffee & Tea
Coffee Chain (Germany),Expense,Food & Dining,Coffee & Tea
Coffee Chain (HK),Expense,Food & Dining,Coffee & Tea
Coffee Chain (India),Expense,Food & Dining,Coffee & Tea
Coffee Chain (Indonesia),Expense,Food & Dining,Coffee & Tea
Coffee Chain (Japan),Expense,Food & Dining,Coffee & Tea
Coffee Chain (Korea),Expense,Food & Dining,Coffee & Tea
Coffee Chain (Malaysia),Expense,Food & Dining,Coffee & Tea
Coffee Chain (NYC),Expense,Food & Dining,Coffee & Tea
Coffee Chain (Ottawa),Expense,Food & Dining,Coffee & Tea
Coffee Chain (Scandinavia),Expense,Food & Dining,Coffee & Tea
Coffee Chain (Sweden),Expense,Food & Dining,Coffee & Tea
Coffee Chain (Thailand),Expense,Food & Dining,Coffee & Tea
Coffee Chain (Vancouver),Expense,Food & Dining,Coffee & Tea
Coffee Shop,Expense,Food & Dining,Coffee & Tea
Coffee Shop Chain,Expense,Food & Dining,Coffee & Tea
Coffee Shop Chain (UK),Expense,Food & Dining,Coffee & Tea
Coffee Subscription,Expense,Food & Dining,Coffee & Tea
Colombian Coffee (NYC),Expense,Food & Dining,Coffee & Tea
Drive-Through Coffee,Expense,Food & Dining,Coffee & Tea
Fast Casual & Coffee (HK),Expense,Food & Dining,Coffee & Tea
French Bakery & Cafe,Expense,Food & Dining,Coffee & Tea
French Bakery Cafe,Expense,Food & Dining,Coffee & Tea
Gas Station Coffee,Expense,Food & Dining,Coffee & Tea
Independent Coffee Shop,Expense,Food & Dining,Coffee & Tea
Italian Coffee Brand/Cafe,Expense,Food & Dining,Coffee & Tea
Italian Coffee Chain,Expense,Food & Dining,Coffee & Tea
Japanese Specialty Coffee,Expense,Food & Dining,Coffee & Tea
Luxury Tea Salon,Expense,Food & Dining,Coffee & Tea
McDonald's Coffee Brand,Expense,Food & Dining,Coffee & Tea
Premium Tea Brand,Expense,Food & Dining,Coffee & Tea
Specialty Coffee,Expense,Food & Dining,Coffee & Tea
Specialty Coffee & Draft Latte,Expense,Food & Dining,Coffee & Tea
Specialty Coffee (AU/Portland),Expense,Food & Dining,Coffee & Tea
Specialty Coffee (Barcelona),Expense,Food & Dining,Coffee & Tea
Specialty Coffee (Berlin),Expense,Food & Dining,Coffee & Tea
Specialty Coffee (Brooklyn),Expense,Food & Dining,Coffee & Tea
Specialty Coffee (Chicago),Expense,Food & Dining,Coffee & Tea
Specialty Coffee (Cornwall),Expense,Food & Dining,Coffee & Tea
Specialty Coffee (Florence),Expense,Food & Dining,Coffee & Tea
Specialty Coffee (Greenville),Expense,Food & Dining,Coffee & Tea
Specialty Coffee (India),Expense,Food & Dining,Coffee & Tea
Specialty Coffee (London),Expense,Food & Dining,Coffee & Tea
Specialty Coffee (Melbourne),Expense,Food & Dining,Coffee & Tea
Specialty Coffee (Michigan),Expense,Food & Dining,Coffee & Tea
Specialty Coffee (Milan),Expense,Food & Dining,Coffee & Tea
Specialty Coffee (NYC),Expense,Food & Dining,Coffee & Tea
Specialty Coffee (NYC/AU),Expense,Food & Dining,Coffee & Tea
Specialty Coffee (NZ),Expense,Food & Dining,Coffee & Tea
Specialty Coffee (NZ/London),Expense,Food & Dining,Coffee & Tea
Specialty Coffee (Oslo),Expense,Food & Dining,Coffee & Tea
Specialty Coffee (Portland),Expense,Food & Dining,Coffee & Tea
Specialty Coffee (SF),Expense,Food & Dining,Coffee & Tea
Specialty Coffee (Stockholm),Expense,Food & Dining,Coffee & Tea
Specialty Coffee (Sydney),Expense,Food & Dining,Coffee & Tea
Specialty Coffee Chain,Expense,Food & Dining,Coffee & Tea
Specialty Coffee Roaster,Expense,Food & Dining,Coffee & Tea
Specialty Roaster (London),Expense,Food & Dining,Coffee & Tea
Specialty Tea Retailer,Expense,Food & Dining,Coffee & Tea
Specialty Tea Retailer (AU),Expense,Food & Dining,Coffee & Tea
Strong Coffee Brand,Expense,Food & Dining,Coffee & Tea
Subscription Coffee,Expense,Food & Dining,Coffee & Tea
Tea & Bakery (China),Expense,Food & Dining,Coffee & Tea
Tea House,Expense,Food & Dining,Coffee & Tea
Veteran-Owned Coffee,Expense,Food & Dining,Coffee & Tea
Bakery & Fast Food (UK),Expense,Food & Dining,Fast Food
Cheesesteak,Expense,Food & Dining,Fast Food
Cheesesteak Fast Food,Expense,Food & Dining,Fast Food
Chicken Wing Restaurant,Expense,Food & Dining,Fast Food
Cinnamon Roll Bakery,Expense,Food & Dining,Fast Food
Coastal Mexican,Expense,Food & Dining,Fast Food
Confectionery & Candy Shop,Expense,Food & Dining,Fast Food
Curry Restaurant (Japan),Expense,Food & Dining,Fast Food
Deep Dish Pizza (STL),Expense,Food & Dining,Fast Food
Delivery Platform (Saudi),Expense,Food & Dining,Fast Food
Doughnut Shop,Expense,Food & Dining,Fast Food
Doughnut Shop & Coffee,Expense,Food & Dining,Fast Food
East Coast Subs,Expense,Food & Dining,Fast Food
Farm-to-Table Fast Casual,Expense,Food & Dining,Fast Food
Fast Casual Asian,Expense,Food & Dining,Fast Food
Fast Casual Burger,Expense,Food & Dining,Fast Food
Fast Casual Burger (Germany),Expense,Food & Dining,Fast Food
Fast Casual Burger (Japan),Expense,Food & Dining,Fast Food
Fast Casual Burger Restaurant,Expense,Food & Dining,Fast Food
Fast Casual Butter Burger,Expense,Food & Dining,Fast Food
Fast Casual Chicken,Expense,Food & Dining,Fast Food
Fast Casual Chicken Restaurant,Expense,Food & Dining,Fast Food
Fast Casual Chinese,Expense,Food & Dining,Fast Food
Fast Casual Deli,Expense,Food & Dining,Fast Food
Fast Casual Frozen Custard,Expense,Food & Dining,Fast Food
Fast Casual Healthy,Expense,Food & Dining,Fast Food
Fast Casual Hot Dogs,Expense,Food & Dining,Fast Food
Fast Casual Italian,Expense,Food & Dining,Fast Food
Fast Casual Japanese/Asian,Expense,Food & Dining,Fast Food
Fast Casual Kebab Restaurant,Expense,Food & Dining,Fast Food
Fast Casual Mexican,Expense,Food & Dining,Fast Food
Fast Casual Mexican (AU),Expense,Food & Dining,Fast Food
Fast Casual Natural Food,Expense,Food & Dining,Fast Food
Fast Casual Noodle,Expense,Food & Dining,Fast Food
Fast Casual Peri-Peri Chicken,Expense,Food & Dining,Fast Food
Fast Casual Pizza,Expense,Food & Dining,Fast Food
Fast Casual Restaurant,Expense,Food & Dining,Fast Food
Fast Casual Sandwich,Expense,Food & Dining,Fast Food
Fast Casual Sandwich & Coffee,Expense,Food & Dining,Fast Food
Fast Casual Sandwich Shop,Expense,Food & Dining,Fast Food
Fast Casual Seafood/Mexican,Expense,Food & Dining,Fast Food
Fast Casual Sub,Expense,Food & Dining,Fast Food
Fast Casual Taco,Expense,Food & Dining,Fast Food
Fast Casual Teriyaki,Expense,Food & Dining,Fast Food
Fast Casual Toasted Sub,Expense,Food & Dining,Fast Food
Fast Casual Wing Restaurant,Expense,Food & Dining,Fast Food
Fast Food & Ice Cream,Expense,Food & Dining,Fast Food
Fast Food (Filipino),Expense,Food & Dining,Fast Food
Fast Food (Japan),Expense,Food & Dining,Fast Food
Fast Food (Korean),Expense,Food & Dining,Fast Food
Fast Food (Malaysia),Expense,Food & Dining,Fast Food
Fast Food (Sweden),Expense,Food & Dining,Fast Food
Fast Food Burger,Expense,Food & Dining,Fast Food
Fast Food Burger (AU),Expense,Food & Dining,Fast Food
Fast Food Burger (Belgium/France),Expense,Food & Dining,Fast Food
Fast Food Burger (Finland),Expense,Food & Dining,Fast Food
Fast Food Burger (Japan),Expense,Food & Dining,Fast Food
Fast Food Burger (South Africa),Expense,Food & Dining,Fast Food
Fast Food Burger (Sweden),Expense,Food & Dining,Fast Food
Fast Food Burger (UK/SA),Expense,Food & Dining,Fast Food
Fast Food Chicken,Expense,Food & Dining,Fast Food
Fast Food Chicken (AU),Expense,Food & Dining,Fast Food
Fast Food Chicken (Latin Am),Expense,Food & Dining,Fast Food
Fast Food Chicken (Saudi Arabia),Expense,Food & Dining,Fast Food
Fast Food Chicken (South Africa),Expense,Food & Dining,Fast Food
Fast Food Chicken Fingers,Expense,Food & Dining,Fast Food
Fast Food Chicken Restaurant,Expense,Food & Dining,Fast Food
Fast Food Chinese,Expense,Food & Dining,Fast Food
Fast Food Chinese Restaurant,Expense,Food & Dining,Fast Food
Fast Food Drive-In,Expense,Food & Dining,Fast Food
Fast Food Fried Chicken,Expense,Food & Dining,Fast Food
Fast Food Grilled Chicken,Expense,Food & Dining,Fast Food
Fast Food Gyudon (Japan),Expense,Food & Dining,Fast Food
Fast Food Hot Dogs,Expense,Food & Dining,Fast Food
Fast Food Japanese,Expense,Food & Dining,Fast Food
Fast Food Japanese Beef Bowl,Expense,Food & Dining,Fast Food
Fast Food Mexican,Expense,Food & Dining,Fast Food
Fast Food Mexican Restaurant,Expense,Food & Dining,Fast Food
Fast Food Portuguese Chicken (AU),Expense,Food & Dining,Fast Food
Fast Food Restaurant,Expense,Food & Dining,Fast Food
Fast Food Roast Beef,Expense,Food & Dining,Fast Food
Fast Food Sandwich,Expense,Food & Dining,Fast Food
Fast Food Sandwich Chain,Expense,Food & Dining,Fast Food
Fast Food Seafood,Expense,Food & Dining,Fast Food
Fast Food Seafood (Germany),Expense,Food & Dining,Fast Food
Fast Food Slider,Expense,Food & Dining,Fast Food
Fast Food Steakburger,Expense,Food & Dining,Fast Food
Fast Food Taco Shop,Expense,Food & Dining,Fast Food
Flame-Grilled Chicken,Expense,Food & Dining,Fast Food
Fried Chicken (Asia),Expense,Food & Dining,Fast Food
Fried Chicken Restaurant,Expense,Food & Dining,Fast Food
Korean Fried Chicken Chain,Expense,Food & Dining,Fast Food
Mediterranean,Expense,Food & Dining,Fast Food
Multi-Brand Fast Food (Mexico),Expense,Food & Dining,Fast Food
Pita Wrap Restaurant,Expense,Food & Dining,Fast Food
Pizza (Dayton OH),Expense,Food & Dining,Fast Food
Pizza (Ohio),Expense,Food & Dining,Fast Food
Pizza Buffet,Expense,Food & Dining,Fast Food
Pizza Chain,Expense,Food & Dining,Fast Food
Pizza Chain (Africa),Expense,Food & Dining,Fast Food
Pizza Chain (Cincinnati),Expense,Food & Dining,Fast Food
Pizza Chain (Midwest),Expense,Food & Dining,Fast Food
Pizza Chain (Spain),Expense,Food & Dining,Fast Food
Pizza Chain (Wisconsin),Expense,Food & Dining,Fast Food
Pizza Delivery & Carryout,Expense,Food & Dining,Fast Food
Pizza Restaurant Chain,Expense,Food & Dining,Fast Food
Pizzeria,Expense,Food & Dining,Fast Food
Salad Fast Casual,Expense,Food & Dining,Fast Food
Sandwich Shop,Expense,Food & Dining,Fast Food
Soft Pretzel Chain,Expense,Food & Dining,Fast Food
Sports Bar & Wings,Expense,Food & Dining,Fast Food
St. Louis Pizza,Expense,Food & Dining,Fast Food
St. Louis-Style Pizza,Expense,Food & Dining,Fast Food
Sub Sandwich Chain,Expense,Food & Dining,Fast Food
Take-and-Bake Pizza,Expense,Food & Dining,Fast Food
Delivery (Middle East),Expense,Food & Dining,Food Delivery
Food Delivery & Restaurant Discovery,Expense,Food & Dining,Food Delivery
Food Delivery (Africa),Expense,Food & Dining,Food Delivery
Food Delivery (Asia),Expense,Food & Dining,Food Delivery
Food Delivery (Brazil),Expense,Food & Dining,Food Delivery
Food Delivery (Canada),Expense,Food & Dining,Food Delivery
Food Delivery (China),Expense,Food & Dining,Food Delivery
Food Delivery (Chinese diaspora),Expense,Food & Dining,Food Delivery
Food Delivery (EU),Expense,Food & Dining,Food Delivery
Food Delivery (Germany),Expense,Food & Dining,Food Delivery
Food Delivery (India),Expense,Food & Dining,Food Delivery
Food Delivery (Japan),Expense,Food & Dining,Food Delivery
Food Delivery (Korea),Expense,Food & Dining,Food Delivery
Food Delivery (Latin Am),Expense,Food & Dining,Food Delivery
Food Delivery (Latin America),Expense,Food & Dining,Food Delivery
Food Delivery (Lebanon),Expense,Food & Dining,Food Delivery
Food Delivery (Middle East),Expense,Food & Dining,Food Delivery
Food Delivery (Nigeria),Expense,Food & Dining,Food Delivery
Food Delivery (Nordics),Expense,Food & Dining,Food Delivery
Food Delivery (Nordics/EU),Expense,Food & Dining,Food Delivery
Food Delivery (SE Asia),Expense,Food & Dining,Food Delivery
Food Delivery (Saudi),Expense,Food & Dining,Food Delivery
Food Delivery (South Africa),Expense,Food & Dining,Food Delivery
Food Delivery (Thailand),Expense,Food & Dining,Food Delivery
Food Delivery (UK/EU),Expense,Food & Dining,Food Delivery
Food Delivery Platform,Expense,Food & Dining,Food Delivery
Grocery Delivery Platform,Expense,Food & Dining,Food Delivery
Instant Delivery (India),Expense,Food & Dining,Food Delivery
Instant Delivery Platform,Expense,Food & Dining,Food Delivery
Instant Grocery Delivery,Expense,Food & Dining,Food Delivery
Multi-Category Delivery,Expense,Food & Dining,Food Delivery
Multi-Category Delivery (EU),Expense,Food & Dining,Food Delivery
Multi-Category Delivery (India),Expense,Food & Dining,Food Delivery
Multi-Category Delivery (Latin Am),Expense,Food & Dining,Food Delivery
Multi-Category Delivery Platform,Expense,Food & Dining,Food Delivery
Premium Food Delivery,Expense,Food & Dining,Food Delivery
Premium Food Delivery Platform,Expense,Food & Dining,Food Delivery
Asian Supermarket,Expense,Food & Dining,Groceries
Asian Supermarket (Canada),Expense,Food & Dining,Groceries
Budget Organic Grocery,Expense,Food & Dining,Groceries
Bulk Food Store (Canada),Expense,Food & Dining,Groceries
Chinese Grocery,Expense,Food & Dining,Groceries
Chinese Supermarket,Expense,Food & Dining,Groceries
Co-op Grocery,Expense,Food & Dining,Groceries
Co-op Grocery (NYC),Expense,Food & Dining,Groceries
Convenience (NZ),Expense,Food & Dining,Groceries
Convenience Store,Expense,Food & Dining,Groceries
Convenience Store & Fried Chicken,Expense,Food & Dining,Groceries
Convenience Store & Gas,Expense,Food & Dining,Groceries
Convenience Store Chain,Expense,Food & Dining,Groceries
Convenience Supermarket,Expense,Food & Dining,Groceries
Cooperative Grocery,Expense,Food & Dining,Groceries
Cooperative Grocery (WI),Expense,Food & Dining,Groceries
Cooperative Supermarket,Expense,Food & Dining,Groceries
Department Store & Supermarket,Expense,Food & Dining,Groceries
Discount Grocery,Expense,Food & Dining,Groceries
Discount Grocery (Canada),Expense,Food & Dining,Groceries
Discount Grocery (Quebec),Expense,Food & Dining,Groceries
Discount Grocery Store,Expense,Food & Dining,Groceries
Discount Store Chain,Expense,Food & Dining,Groceries
Discount Supermarket,Expense,Food & Dining,Groceries
Discount Supermarket (NZ),Expense,Food & Dining,Groceries
Filipino Supermarket,Expense,Food & Dining,Groceries
Food Market (London),Expense,Food & Dining,Groceries
Fresh Food Market,Expense,Food & Dining,Groceries
Frozen Food Specialty,Expense,Food & Dining,Groceries
Frozen Food Supermarket,Expense,Food & Dining,Groceries
Gourmet Food (Munich),Expense,Food & Dining,Groceries
Gourmet Food Market,Expense,Food & Dining,Groceries
Halal Grocery,Expense,Food & Dining,Groceries
Halal Grocery & Farm,Expense,Food & Dining,Groceries
Halal Meat Market,Expense,Food & Dining,Groceries
Health Food Store,Expense,Food & Dining,Groceries
Hispanic Butcher/Grocery,Expense,Food & Dining,Groceries
Hispanic Grocery,Expense,Food & Dining,Groceries
Hispanic Supermarket,Expense,Food & Dining,Groceries
Hypermarket,Expense,Food & Dining,Groceries
Hypermarket Chain,Expense,Food & Dining,Groceries
Independent Supermarket,Expense,Food & Dining,Groceries
Indian Grocery,Expense,Food & Dining,Groceries
Indian Grocery Store,Expense,Food & Dining,Groceries
Italian Food Market,Expense,Food & Dining,Groceries
Italian Food Market (London),Expense,Food & Dining,Groceries
Japanese Grocery,Expense,Food & Dining,Groceries
Japanese Supermarket,Expense,Food & Dining,Groceries
Korean Grocery,Expense,Food & Dining,Groceries
Korean Grocery Store,Expense,Food & Dining,Groceries
Korean Supermarket,Expense,Food & Dining,Groceries
Luxury Food (London),Expense,Food & Dining,Groceries
Luxury Food (Paris),Expense,Food & Dining,Groceries
Luxury Food Hall (Berlin),Expense,Food & Dining,Groceries
Luxury Food Hall (London),Expense,Food & Dining,Groceries
Luxury Food Hall (Paris),Expense,Food & Dining,Groceries
Mediterranean Grocery (Canada),Expense,Food & Dining,Groceries
Natural & Organic Grocery,Expense,Food & Dining,Groceries
Natural Grocery,Expense,Food & Dining,Groceries
Natural Grocery (CA),Expense,Food & Dining,Groceries
Natural Grocery (San Diego),Expense,Food & Dining,Groceries
Online Grocery (AU),Expense,Food & Dining,Groceries
Online Grocery Delivery,Expense,Food & Dining,Groceries
Organic Cooperative (France),Expense,Food & Dining,Groceries
Organic Grocery,Expense,Food & Dining,Groceries
Organic Grocery (France),Expense,Food & Dining,Groceries
Organic Grocery (Germany),Expense,Food & Dining,Groceries
Organic Grocery (SD),Expense,Food & Dining,Groceries
Organic Luxury Grocery (LA),Expense,Food & Dining,Groceries
Pharmacy & Convenience,Expense,Food & Dining,Groceries
Premium Food Retailer,Expense,Food & Dining,Groceries
Premium Grocery,Expense,Food & Dining,Groceries
Premium Grocery (CA),Expense,Food & Dining,Groceries
Premium Grocery (MN),Expense,Food & Dining,Groceries
Premium Grocery (MO),Expense,Food & Dining,Groceries
Premium Grocery (Netherlands),Expense,Food & Dining,Groceries
Premium Grocery (OH),Expense,Food & Dining,Groceries
Premium Supermarket,Expense,Food & Dining,Groceries
Premium Supermarket (CA),Expense,Food & Dining,Groceries
South Asian Grocery,Expense,Food & Dining,Groceries
Specialty (WA),Expense,Food & Dining,Groceries
Specialty Food Market,Expense,Food & Dining,Groceries
Specialty Grocery,Expense,Food & Dining,Groceries
Specialty Grocery (CA),Expense,Food & Dining,Groceries
Specialty Grocery (MI),Expense,Food & Dining,Groceries
Specialty Grocery (Ontario),Expense,Food & Dining,Groceries
Specialty Grocery (SF),Expense,Food & Dining,Groceries
Specialty Grocery (WA),Expense,Food & Dining,Groceries
Specialty Grocery Store,Expense,Food & Dining,Groceries
Specialty Market,Expense,Food & Dining,Groceries
Specialty Market (NYC),Expense,Food & Dining,Groceries
Specialty Market (Ohio),Expense,Food & Dining,Groceries
Specialty Produce Market,Expense,Food & Dining,Groceries
Specialty Supermarket,Expense,Food & Dining,Groceries
Supercenter,Expense,Food & Dining,Groceries
Supermarket,Expense,Food & Dining,Groceries
Supermarket (Canada),Expense,Food & Dining,Groceries
Supermarket (NZ),Expense,Food & Dining,Groceries
Supermarket (Ontario),Expense,Food & Dining,Groceries
Supermarket (Quebec),Expense,Food & Dining,Groceries
Supermarket (SE US),Expense,Food & Dining,Groceries
Supermarket (TX),Expense,Food & Dining,Groceries
Supermarket Chain,Expense,Food & Dining,Groceries
Supermarket Group,Expense,Food & Dining,Groceries
Travel Center,Expense,Food & Dining,Groceries
Travel Center & Convenience,Expense,Food & Dining,Groceries
Warehouse Grocery,Expense,Food & Dining,Groceries
Warehouse Supermarket,Expense,Food & Dining,Groceries
Wholesale & Retail,Expense,Food & Dining,Groceries
Wholesale Club,Expense,Food & Dining,Groceries
Wholesale Food,Expense,Food & Dining,Groceries
Wholesale Grocery,Expense,Food & Dining,Groceries
Artisan Gelato (Italy),Expense,Food & Dining,Ice Cream & Yogurt
Artisan Gelato Shop,Expense,Food & Dining,Ice Cream & Yogurt
Artisan Ice Cream,Expense,Food & Dining,Ice Cream & Yogurt
Artisan Ice Cream (NYC),Expense,Food & Dining,Ice Cream & Yogurt
Cold-Pressed Juice & Freeze,Expense,Food & Dining,Ice Cream & Yogurt
Frozen Custard (WI),Expense,Food & Dining,Ice Cream & Yogurt
Frozen Custard Chain,Expense,Food & Dining,Ice Cream & Yogurt
Frozen Dessert Shop,Expense,Food & Dining,Ice Cream & Yogurt
Frozen Yogurt Chain,Expense,Food & Dining,Ice Cream & Yogurt
Frozen Yogurt Shop,Expense,Food & Dining,Ice Cream & Yogurt
Gelato (Australia),Expense,Food & Dining,Ice Cream & Yogurt
Gelato (Brazil),Expense,Food & Dining,Ice Cream & Yogurt
Gelato Chain,Expense,Food & Dining,Ice Cream & Yogurt
Gelato Chain (Australia),Expense,Food & Dining,Ice Cream & Yogurt
Gelato Shop,Expense,Food & Dining,Ice Cream & Yogurt
Historic Gelato (Italy),Expense,Food & Dining,Ice Cream & Yogurt
Ice Cream & Fast Food Chain,Expense,Food & Dining,Ice Cream & Yogurt
Ice Cream & Sundae Shop,Expense,Food & Dining,Ice Cream & Yogurt
Ice Cream (Austin),Expense,Food & Dining,Ice Cream & Yogurt
Ice Cream (Boston),Expense,Food & Dining,Ice Cream & Yogurt
Ice Cream (LA),Expense,Food & Dining,Ice Cream & Yogurt
Ice Cream (Pennsylvania),Expense,Food & Dining,Ice Cream & Yogurt
Ice Cream (SF),Expense,Food & Dining,Ice Cream & Yogurt
Ice Cream (Seattle),Expense,Food & Dining,Ice Cream & Yogurt
Ice Cream (Texas),Expense,Food & Dining,Ice Cream & Yogurt
Ice Cream Chain,Expense,Food & Dining,Ice Cream & Yogurt
Ice Cream Shop,Expense,Food & Dining,Ice Cream & Yogurt
Italian Chocolate & Gelato,Expense,Food & Dining,Ice Cream & Yogurt
Italian Gelato Chain,Expense,Food & Dining,Ice Cream & Yogurt
Italian Ice & Frozen Custard,Expense,Food & Dining,Ice Cream & Yogurt
Italian-Style Gelato,Expense,Food & Dining,Ice Cream & Yogurt
Japanese Shaved Ice,Expense,Food & Dining,Ice Cream & Yogurt
Korean Frozen Dessert,Expense,Food & Dining,Ice Cream & Yogurt
Korean Shaved Ice,Expense,Food & Dining,Ice Cream & Yogurt
Liquid Nitrogen Gelato,Expense,Food & Dining,Ice Cream & Yogurt
Liquid Nitrogen Ice Cream,Expense,Food & Dining,Ice Cream & Yogurt
Made-to-Order Ice Cream,Expense,Food & Dining,Ice Cream & Yogurt
Milk Tea & Soft Serve (Taiwan),Expense,Food & Dining,Ice Cream & Yogurt
Mobile Ice Cream Vendor,Expense,Food & Dining,Ice Cream & Yogurt
Novelty Ice Cream,Expense,Food & Dining,Ice Cream & Yogurt
Premium Ice Cream,Expense,Food & Dining,Ice Cream & Yogurt
Self-Serve Frozen Yogurt,Expense,Food & Dining,Ice Cream & Yogurt
Shaved Ice Chain,Expense,Food & Dining,Ice Cream & Yogurt
Shaved Ice Truck,Expense,Food & Dining,Ice Cream & Yogurt
Shaved Snow (Asia),Expense,Food & Dining,Ice Cream & Yogurt
Soft Serve (Korea),Expense,Food & Dining,Ice Cream & Yogurt
Afghan Restaurant,Expense,Food & Dining,Restaurants
American (AU),Expense,Food & Dining,Restaurants
American Grill (Italy),Expense,Food & Dining,Restaurants
American Restaurant,Expense,Food & Dining,Restaurants
American Restaurant (Spain),Expense,Food & Dining,Restaurants
Apple Services Bundle,Expense,Food & Dining,Restaurants
Argentine Steakhouse (UK),Expense,Food & Dining,Restaurants
Artisan Pizza,Expense,Food & Dining,Restaurants
Asian Casual Dining,Expense,Food & Dining,Restaurants
Asian Fast Casual,Expense,Food & Dining,Restaurants
Asian Restaurant,Expense,Food & Dining,Restaurants
Asian Restaurant (Germany),Expense,Food & Dining,Restaurants
Asian-American Restaurant,Expense,Food & Dining,Restaurants
Auto Club Membership,Expense,Food & Dining,Restaurants
BBQ (Australia),Expense,Food & Dining,Restaurants
BBQ Restaurant (Canada),Expense,Food & Dining,Restaurants
Bagel Shop & Deli,Expense,Food & Dining,Restaurants
Bakery & Restaurant (Lebanon),Expense,Food & Dining,Restaurants
Bakery Cafe,Expense,Food & Dining,Restaurants
Bakery Cafe Chain,Expense,Food & Dining,Restaurants
Bar & Grill,Expense,Food & Dining,Restaurants
Bavarian Beer Hall,Expense,Food & Dining,Restaurants
Beer Hall (Munich),Expense,Food & Dining,Restaurants
Biryani Delivery,Expense,Food & Dining,Restaurants
Brazilian BBQ,Expense,Food & Dining,Restaurants
Brazilian Steakhouse,Expense,Food & Dining,Restaurants
Breakfast,Expense,Food & Dining,Restaurants
Breakfast & Brunch,Expense,Food & Dining,Restaurants
Breakfast & Brunch Restaurant,Expense,Food & Dining,Restaurants
Breakfast (Canada),Expense,Food & Dining,Restaurants
Breakfast (Florida),Expense,Food & Dining,Restaurants
Breakfast Restaurant,Expense,Food & Dining,Restaurants
Brewpub (France/Canada),Expense,Food & Dining,Restaurants
British Fish & Chips Shop,Expense,Food & Dining,Restaurants
British Restaurant,Expense,Food & Dining,Restaurants
Bubble Tea (Korea),Expense,Food & Dining,Restaurants
Budget Meal Kit,Expense,Food & Dining,Restaurants
Buffet Restaurant,Expense,Food & Dining,Restaurants
Buffet Steakhouse,Expense,Food & Dining,Restaurants
Burger & Steak (Brazil),Expense,Food & Dining,Restaurants
Burger (Australia),Expense,Food & Dining,Restaurants
Burger (Paris),Expense,Food & Dining,Restaurants
Burger Restaurant,Expense,Food & Dining,Restaurants
Burger Restaurant (Australia),Expense,Food & Dining,Restaurants
Burger Restaurant (Germany),Expense,Food & Dining,Restaurants
Burger Restaurant (UK),Expense,Food & Dining,Restaurants
Cafeteria Restaurant (France),Expense,Food & Dining,Restaurants
Cafeteria-Style Restaurant,Expense,Food & Dining,Restaurants
Cajun Seafood,Expense,Food & Dining,Restaurants
Canadian Restaurant,Expense,Food & Dining,Restaurants
Caribbean Fast Casual,Expense,Food & Dining,Restaurants
Caribbean Restaurant,Expense,Food & Dining,Restaurants
Caribbean Restaurant (UK),Expense,Food & Dining,Restaurants
Carvery Restaurant (UK),Expense,Food & Dining,Restaurants
Casual Dining & Brewhouse,Expense,Food & Dining,Restaurants
Casual Dining (Australia),Expense,Food & Dining,Restaurants
Casual Dining (Canada),Expense,Food & Dining,Restaurants
Casual Dining (Spain),Expense,Food & Dining,Restaurants
Casual Dining Burger,Expense,Food & Dining,Restaurants
Casual Dining Pizza (UK),Expense,Food & Dining,Restaurants
Casual Dining Restaurant,Expense,Food & Dining,Restaurants
Casual Dining Seafood,Expense,Food & Dining,Restaurants
Casual Dining Steakhouse,Expense,Food & Dining,Restaurants
Chai & Snacks (India),Expense,Food & Dining,Restaurants
Chai Cafe (India),Expense,Food & Dining,Restaurants
Chef-Prepared Meals,Expense,Food & Dining,Restaurants
Chicken Fingers Restaurant,Expense,Food & Dining,Restaurants
Chicken Restaurant (Germany/Austria),Expense,Food & Dining,Restaurants
Chinese Noodle Restaurant,Expense,Food & Dining,Restaurants
Chinese Restaurant (India),Expense,Food & Dining,Restaurants
Chinese Restaurant (Japan),Expense,Food & Dining,Restaurants
Chinese Restaurant Chain,Expense,Food & Dining,Restaurants
Chinese Szechuan Restaurant,Expense,Food & Dining,Restaurants
Classic Steakhouse,Expense,Food & Dining,Restaurants
Classic Steakhouse (NYC),Expense,Food & Dining,Restaurants
Coal-Fired Pizza (CT),Expense,Food & Dining,Restaurants
Coal-Fired Pizza (NYC),Expense,Food & Dining,Restaurants
Coffee & Dessert (Korea),Expense,Food & Dining,Restaurants
Coffee & Dining (Spain),Expense,Food & Dining,Restaurants
Coffee & Food (ME),Expense,Food & Dining,Restaurants
Coffee & Restaurant (SA),Expense,Food & Dining,Restaurants
Coffee Chain (Korea),Expense,Food & Dining,Restaurants
Coffee Chain (SA),Expense,Food & Dining,Restaurants
Conveyor Belt Sushi,Expense,Food & Dining,Restaurants
Conveyor Belt Sushi (UK),Expense,Food & Dining,Restaurants
Creative Taco Restaurant,Expense,Food & Dining,Restaurants
Custom Pizza,Expense,Food & Dining,Restaurants
Deep Dish Pizza (Chicago),Expense,Food & Dining,Restaurants
Deli & Sandwich Restaurant,Expense,Food & Dining,Restaurants
Delivery Subscription,Expense,Food & Dining,Restaurants
Detroit-Style Pizza (NYC),Expense,Food & Dining,Restaurants
Dim Sum Restaurant,Expense,Food & Dining,Restaurants
Diner (Breakfast),Expense,Food & Dining,Restaurants
Eastern European Restaurant,Expense,Food & Dining,Restaurants
Entertainment & Dining,Expense,Food & Dining,Restaurants
Family Diner,Expense,Food & Dining,Restaurants
Family Dining & Ice Cream,Expense,Food & Dining,Restaurants
Family Dining Restaurant,Expense,Food & Dining,Restaurants
Family Restaurant,Expense,Food & Dining,Restaurants
Family Restaurant & Gift Shop,Expense,Food & Dining,Restaurants
Family Restaurant & Pies,Expense,Food & Dining,Restaurants
Family Restaurant (Canada),Expense,Food & Dining,Restaurants
Family Restaurant (Japan),Expense,Food & Dining,Restaurants
Family Restaurant (Mexico),Expense,Food & Dining,Restaurants
Family Restaurant (Pancakes),Expense,Food & Dining,Restaurants
Family Restaurant (UK),Expense,Food & Dining,Restaurants
Family Steakhouse (South Africa),Expense,Food & Dining,Restaurants
Farm-to-Table Fast Casual,Expense,Food & Dining,Restaurants
Fast Casual,Expense,Food & Dining,Restaurants
Fast Casual (Brazil),Expense,Food & Dining,Restaurants
Fast Casual Japanese,Expense,Food & Dining,Restaurants
Fast Casual Pizza,Expense,Food & Dining,Restaurants
Fast Food (Brazil),Expense,Food & Dining,Restaurants
Fast Food (Canada),Expense,Food & Dining,Restaurants
Fast Food (India),Expense,Food & Dining,Restaurants
Fast Food (Saudi Arabia),Expense,Food & Dining,Restaurants
Fast Food (South Africa),Expense,Food & Dining,Restaurants
Fast Food (Southeast),Expense,Food & Dining,Restaurants
Fast Food Restaurant,Expense,Food & Dining,Restaurants
Fine Casual Dining,Expense,Food & Dining,Restaurants
Fine Dining,Expense,Food & Dining,Restaurants
Fine Dining (Chicago),Expense,Food & Dining,Restaurants
Fine Dining (Copenhagen),Expense,Food & Dining,Restaurants
Fine Dining (Italy),Expense,Food & Dining,Restaurants
Fine Dining (NYC),Expense,Food & Dining,Restaurants
Fine Dining (Napa),Expense,Food & Dining,Restaurants
Fine Dining (Spain),Expense,Food & Dining,Restaurants
Fine Dining (UK),Expense,Food & Dining,Restaurants
Fine Dining Seafood,Expense,Food & Dining,Restaurants
Fine Dining Steakhouse,Expense,Food & Dining,Restaurants
Fish & Chips (South Africa),Expense,Food & Dining,Restaurants
Fish Taco Restaurant,Expense,Food & Dining,Restaurants
Fondue Restaurant,Expense,Food & Dining,Restaurants
French (Dubai),Expense,Food & Dining,Restaurants
French Fine Dining,Expense,Food & Dining,Restaurants
French Fine Dining (NYC),Expense,Food & Dining,Restaurants
French Restaurant,Expense,Food & Dining,Restaurants
French Restaurant (UK),Expense,Food & Dining,Restaurants
Fried Chicken (Canada),Expense,Food & Dining,Restaurants
Fried Chicken (India),Expense,Food & Dining,Restaurants
Fried Chicken (Korea),Expense,Food & Dining,Restaurants
Frozen & Restaurant Pizza,Expense,Food & Dining,Restaurants
German Restaurant,Expense,Food & Dining,Restaurants
German Restaurant (AU),Expense,Food & Dining,Restaurants
German Sausage Restaurant,Expense,Food & Dining,Restaurants
German Street Food,Expense,Food & Dining,Restaurants
Google Cloud Storage,Expense,Food & Dining,Restaurants
Gourmet Burger (France),Expense,Food & Dining,Restaurants
Gourmet Burger (Spain),Expense,Food & Dining,Restaurants
Greek Fast Food,Expense,Food & Dining,Restaurants
Greek Restaurant,Expense,Food & Dining,Restaurants
Grill (France),Expense,Food & Dining,Restaurants
Grill Restaurant (France),Expense,Food & Dining,Restaurants
Grilled Chicken (Saudi),Expense,Food & Dining,Restaurants
Grocery + Meal Planning,Expense,Food & Dining,Restaurants
Grocery Delivery Sub,Expense,Food & Dining,Restaurants
Gyoza Chain (Japan),Expense,Food & Dining,Restaurants
Halal Restaurant,Expense,Food & Dining,Restaurants
Halal Street Food,Expense,Food & Dining,Restaurants
Health-Focused Restaurant,Expense,Food & Dining,Restaurants
Healthy Fast Casual,Expense,Food & Dining,Restaurants
Historic Pizza (NYC),Expense,Food & Dining,Restaurants
Home Kitchen Restaurant,Expense,Food & Dining,Restaurants
Hot Pot Chain,Expense,Food & Dining,Restaurants
Hot Pot Restaurant,Expense,Food & Dining,Restaurants
Ice Cream & Dessert Shop,Expense,Food & Dining,Restaurants
Indian BBQ Chain,Expense,Food & Dining,Restaurants
Indian Biryani,Expense,Food & Dining,Restaurants
Indian Biryani Restaurant,Expense,Food & Dining,Restaurants
Indian Buffet,Expense,Food & Dining,Restaurants
Indian Casual Dining (UK),Expense,Food & Dining,Restaurants
Indian Fast Casual,Expense,Food & Dining,Restaurants
Indian Fine Dining (Dubai),Expense,Food & Dining,Restaurants
Indian Fine Dining (UK),Expense,Food & Dining,Restaurants
Indian Meal Delivery,Expense,Food & Dining,Restaurants
Indian Restaurant,Expense,Food & Dining,Restaurants
Indian Restaurant & Sweets,Expense,Food & Dining,Restaurants
Indian Restaurant (UK),Expense,Food & Dining,Restaurants
Indian Thali Chain,Expense,Food & Dining,Restaurants
Indian Wraps Delivery,Expense,Food & Dining,Restaurants
Italian (South Africa),Expense,Food & Dining,Restaurants
Italian Casual Dining,Expense,Food & Dining,Restaurants
Italian Chain (Japan),Expense,Food & Dining,Restaurants
Italian Family Restaurant,Expense,Food & Dining,Restaurants
Italian Fast Casual (Brazil),Expense,Food & Dining,Restaurants
Italian Flatbread,Expense,Food & Dining,Restaurants
Italian Pizza Chain,Expense,Food & Dining,Restaurants
Italian Pizzeria,Expense,Food & Dining,Restaurants
Italian Restaurant,Expense,Food & Dining,Restaurants
Italian Restaurant (France),Expense,Food & Dining,Restaurants
Italian Restaurant (Germany),Expense,Food & Dining,Restaurants
Italian Restaurant (SF),Expense,Food & Dining,Restaurants
Italian Restaurant (Spain),Expense,Food & Dining,Restaurants
Italian Restaurant (UK),Expense,Food & Dining,Restaurants
Italian-American Restaurant (UK),Expense,Food & Dining,Restaurants
Izakaya (Japan),Expense,Food & Dining,Restaurants
Izakaya Chain (Japan),Expense,Food & Dining,Restaurants
Japanese BBQ Restaurant,Expense,Food & Dining,Restaurants
Japanese Cheesecake,Expense,Food & Dining,Restaurants
Japanese Curry,Expense,Food & Dining,Restaurants
Japanese Fast Casual (UK),Expense,Food & Dining,Restaurants
Japanese Fine Dining,Expense,Food & Dining,Restaurants
Japanese Home Cooking Chain,Expense,Food & Dining,Restaurants
Japanese Izakaya Chain,Expense,Food & Dining,Restaurants
Japanese Ramen Restaurant,Expense,Food & Dining,Restaurants
Japanese Restaurant,Expense,Food & Dining,Restaurants
Japanese Restaurant (Dubai),Expense,Food & Dining,Restaurants
Japanese Restaurant Chain,Expense,Food & Dining,Restaurants
Japanese Sushi Restaurant,Expense,Food & Dining,Restaurants
Japanese Teppanyaki Restaurant,Expense,Food & Dining,Restaurants
Japanese Udon Chain,Expense,Food & Dining,Restaurants
Kolache Restaurant,Expense,Food & Dining,Restaurants
Korean BBQ,Expense,Food & Dining,Restaurants
Korean BBQ Chain,Expense,Food & Dining,Restaurants
Korean BBQ Restaurant,Expense,Food & Dining,Restaurants
Korean Fried Chicken,Expense,Food & Dining,Restaurants
Korean Pizza,Expense,Food & Dining,Restaurants
Latin American Restaurant (UK),Expense,Food & Dining,Restaurants
Lebanese Fast Casual,Expense,Food & Dining,Restaurants
Lebanese Flatbread,Expense,Food & Dining,Restaurants
Lebanese Restaurant,Expense,Food & Dining,Restaurants
Lebanese Restaurant (UK),Expense,Food & Dining,Restaurants
Legendary Pizza (Brooklyn),Expense,Food & Dining,Restaurants
Lobster Roll Shop,Expense,Food & Dining,Restaurants
Malaysian Coffee & Food,Expense,Food & Dining,Restaurants
Malaysian Restaurant,Expense,Food & Dining,Restaurants
Malaysian Restaurant (Australia),Expense,Food & Dining,Restaurants
Malaysian Restaurant Chain,Expense,Food & Dining,Restaurants
Meal Kit Delivery,Expense,Food & Dining,Restaurants
Meal Prep Service,Expense,Food & Dining,Restaurants
Mediterranean,Expense,Food & Dining,Restaurants
Mediterranean Fast Casual,Expense,Food & Dining,Restaurants
Mexican (Australia),Expense,Food & Dining,Restaurants
Mexican Fast Casual (Australia),Expense,Food & Dining,Restaurants
Mexican Health,Expense,Food & Dining,Restaurants
Mexican Pozole Restaurant,Expense,Food & Dining,Restaurants
Mexican Restaurant,Expense,Food & Dining,Restaurants
Mexican Restaurant (Germany),Expense,Food & Dining,Restaurants
Mexican Street Food (UK),Expense,Food & Dining,Restaurants
Middle Eastern Fast Casual,Expense,Food & Dining,Restaurants
Middle Eastern Grill,Expense,Food & Dining,Restaurants
Middle Eastern Restaurant,Expense,Food & Dining,Restaurants
Mobile Food Vendor,Expense,Food & Dining,Restaurants
Modern Indian Fine Dining,Expense,Food & Dining,Restaurants
Modern Steakhouse,Expense,Food & Dining,Restaurants
Mongolian Hot Pot,Expense,Food & Dining,Restaurants
Mozzarella Bar (Italy),Expense,Food & Dining,Restaurants
Mughlai,Expense,Food & Dining,Restaurants
Mughlai Restaurant,Expense,Food & Dining,Restaurants
Music Subscription,Expense,Food & Dining,Restaurants
NYC Slice Shop,Expense,Food & Dining,Restaurants
Neapolitan Pizza,Expense,Food & Dining,Restaurants
Neapolitan Pizza (UK),Expense,Food & Dining,Restaurants
New Haven Pizza,Expense,Food & Dining,Restaurants
North Indian Fine Dining,Expense,Food & Dining,Restaurants
North Indian Restaurant,Expense,Food & Dining,Restaurants
Online Grocery,Expense,Food & Dining,Restaurants
Organic Meal Kit,Expense,Food & Dining,Restaurants
Organic Prepared Meals,Expense,Food & Dining,Restaurants
Oven-Roasted Chicken (Korea),Expense,Food & Dining,Restaurants
Pakistani Restaurant,Expense,Food & Dining,Restaurants
Paleo Meal Delivery,Expense,Food & Dining,Restaurants
Peri-Peri Chicken,Expense,Food & Dining,Restaurants
Peri-Peri Chicken (UK),Expense,Food & Dining,Restaurants
Pizza & Bar,Expense,Food & Dining,Restaurants
Pizza & Buffet,Expense,Food & Dining,Restaurants
Pizza & Casual Dining,Expense,Food & Dining,Restaurants
Pizza & Sports Bar (Canada),Expense,Food & Dining,Restaurants
Pizza (Australia),Expense,Food & Dining,Restaurants
Pizza (Brooklyn),Expense,Food & Dining,Restaurants
Pizza (India),Expense,Food & Dining,Restaurants
Pizza (NYC),Expense,Food & Dining,Restaurants
Pizza (Phoenix),Expense,Food & Dining,Restaurants
Pizza (SF),Expense,Food & Dining,Restaurants
Pizza (Saudi Arabia),Expense,Food & Dining,Restaurants
Pizza (South Africa),Expense,Food & Dining,Restaurants
Pizza Buffet,Expense,Food & Dining,Restaurants
Pizza Chain,Expense,Food & Dining,Restaurants
Pizza Chain (Korea),Expense,Food & Dining,Restaurants
Pizza Chain (Milan),Expense,Food & Dining,Restaurants
Pizza Delivery (Australia),Expense,Food & Dining,Restaurants
Pizza Delivery (UK),Expense,Food & Dining,Restaurants
Pizza Restaurant (UK),Expense,Food & Dining,Restaurants
Pizza al Taglio (Italy),Expense,Food & Dining,Restaurants
Pizzeria,Expense,Food & Dining,Restaurants
Plant-Based Meal Delivery,Expense,Food & Dining,Restaurants
Plant-Based Meal Kit,Expense,Food & Dining,Restaurants
Plant-Based Meals,Expense,Food & Dining,Restaurants
Prepared Meal Delivery,Expense,Food & Dining,Restaurants
Prepared Meals,Expense,Food & Dining,Restaurants
Prepared Meals (California),Expense,Food & Dining,Restaurants
Prepared Meals (NJ),Expense,Food & Dining,Restaurants
Pub Chain (UK),Expense,Food & Dining,Restaurants
Pub Restaurant (UK),Expense,Food & Dining,Restaurants
Ramen & Chinese (Japan),Expense,Food & Dining,Restaurants
Ramen (Austin),Expense,Food & Dining,Restaurants
Ramen Chain (Japan),Expense,Food & Dining,Restaurants
Ramen Restaurant,Expense,Food & Dining,Restaurants
Ramen Restaurant Chain,Expense,Food & Dining,Restaurants
Regional Restaurant (BC),Expense,Food & Dining,Restaurants
Restaurant,Expense,Food & Dining,Restaurants
Restaurant & Bar,Expense,Food & Dining,Restaurants
Restaurant & Bar (Germany),Expense,Food & Dining,Restaurants
Restaurant & Pub (UK),Expense,Food & Dining,Restaurants
Restaurant & Retail (Mexico),Expense,Food & Dining,Restaurants
Restaurant Chain (Germany),Expense,Food & Dining,Restaurants
Restaurant Group,Expense,Food & Dining,Restaurants
Retail Loyalty Program,Expense,Food & Dining,Restaurants
Retail Subscription,Expense,Food & Dining,Restaurants
Ribs & Steak (Australia),Expense,Food & Dining,Restaurants
Ride & Delivery Sub,Expense,Food & Dining,Restaurants
Rotisserie (Canada),Expense,Food & Dining,Restaurants
Rotisserie Restaurant,Expense,Food & Dining,Restaurants
Salad & Bowls (Germany),Expense,Food & Dining,Restaurants
Salad & Plates,Expense,Food & Dining,Restaurants
Salad Fast Casual,Expense,Food & Dining,Restaurants
Salad Restaurant Chain,Expense,Food & Dining,Restaurants
Sandwich & Salad,Expense,Food & Dining,Restaurants
Sandwich Chain (India),Expense,Food & Dining,Restaurants
Sandwich Restaurant,Expense,Food & Dining,Restaurants
Seafood (Dubai),Expense,Food & Dining,Restaurants
Seafood (South Africa),Expense,Food & Dining,Restaurants
Seafood Restaurant,Expense,Food & Dining,Restaurants
Seafood Restaurant (Brazil),Expense,Food & Dining,Restaurants
Shawarma Chain (Saudi),Expense,Food & Dining,Restaurants
Shawarma Restaurant,Expense,Food & Dining,Restaurants
Smart Oven + Meal Delivery,Expense,Food & Dining,Restaurants
Sourdough Pizza (UK),Expense,Food & Dining,Restaurants
South Asian BBQ Restaurant,Expense,Food & Dining,Restaurants
South Asian Grill,Expense,Food & Dining,Restaurants
South Asian Restaurant,Expense,Food & Dining,Restaurants
South Indian Fast Casual,Expense,Food & Dining,Restaurants
South Indian Fine Dining,Expense,Food & Dining,Restaurants
South Indian Restaurant,Expense,Food & Dining,Restaurants
South Indian Vegetarian,Expense,Food & Dining,Restaurants
South Shore Pizza (MA),Expense,Food & Dining,Restaurants
Spanish Restaurant,Expense,Food & Dining,Restaurants
Spanish Tapas Bar,Expense,Food & Dining,Restaurants
Spanish Tapas Chain,Expense,Food & Dining,Restaurants
Spanish Tapas Restaurant,Expense,Food & Dining,Restaurants
Sports Bar & Wings,Expense,Food & Dining,Restaurants
Sports Lodge,Expense,Food & Dining,Restaurants
Steakhouse,Expense,Food & Dining,Restaurants
Steakhouse (AU),Expense,Food & Dining,Restaurants
Steakhouse (Australia),Expense,Food & Dining,Restaurants
Steakhouse (Canada),Expense,Food & Dining,Restaurants
Steakhouse (France),Expense,Food & Dining,Restaurants
Steakhouse (Germany),Expense,Food & Dining,Restaurants
Steakhouse (Italy),Expense,Food & Dining,Restaurants
Steakhouse (Middle East),Expense,Food & Dining,Restaurants
Steakhouse (South Africa),Expense,Food & Dining,Restaurants
Steakhouse (UK),Expense,Food & Dining,Restaurants
Sub Sandwich Restaurant,Expense,Food & Dining,Restaurants
Subscription Service,Expense,Food & Dining,Restaurants
Surplus Grocery,Expense,Food & Dining,Restaurants
Surplus Grocery Delivery,Expense,Food & Dining,Restaurants
Sushi (Australia),Expense,Food & Dining,Restaurants
Sushi Chain,Expense,Food & Dining,Restaurants
Sushi Restaurant,Expense,Food & Dining,Restaurants
Szechuan Restaurant,Expense,Food & Dining,Restaurants
Taco Restaurant,Expense,Food & Dining,Restaurants
Taiwanese Dumpling Restaurant,Expense,Food & Dining,Restaurants
Tapas Chain (Spain),Expense,Food & Dining,Restaurants
Teriyaki Fast Casual,Expense,Food & Dining,Restaurants
Tex-Mex Restaurant,Expense,Food & Dining,Restaurants
Thai Restaurant,Expense,Food & Dining,Restaurants
Thai Restaurant (UK),Expense,Food & Dining,Restaurants
Thai Restaurant Chain,Expense,Food & Dining,Restaurants
Turkish Kebab Restaurant,Expense,Food & Dining,Restaurants
Turkish Restaurant,Expense,Food & Dining,Restaurants
Turkish Steakhouse,Expense,Food & Dining,Restaurants
Udon & Donburi (Japan),Expense,Food & Dining,Restaurants
Udon Chain (Japan),Expense,Food & Dining,Restaurants
Udon Restaurant Chain,Expense,Food & Dining,Restaurants
Upscale Seafood,Expense,Food & Dining,Restaurants
Upscale Seafood & Steak,Expense,Food & Dining,Restaurants
Upscale Steakhouse,Expense,Food & Dining,Restaurants
Vietnamese (Australia),Expense,Food & Dining,Restaurants
Vietnamese Restaurant (UK),Expense,Food & Dining,Restaurants
Warehouse Club,Expense,Food & Dining,Restaurants
Warehouse Club Membership,Expense,Food & Dining,Restaurants
World Food Restaurant (UK),Expense,Food & Dining,Restaurants
Yakitori Chain (Japan),Expense,Food & Dining,Restaurants
Bubble Tea Shop,Expense,Food & Dining,Snacks & Drinks
Chocolate & Candy,Expense,Food & Dining,Snacks & Drinks
Chocolate & Confectionery,Expense,Food & Dining,Snacks & Drinks
Chocolate & Fudge,Expense,Food & Dining,Snacks & Drinks
Chocolate Company,Expense,Food & Dining,Snacks & Drinks
Chocolatier & Candy Shop,Expense,Food & Dining,Snacks & Drinks
Cold-Pressed Juice,Expense,Food & Dining,Snacks & Drinks
Cookie & Snack Chain,Expense,Food & Dining,Snacks & Drinks
Cookie Chain,Expense,Food & Dining,Snacks & Drinks
Frozen Smoothie Delivery,Expense,Food & Dining,Snacks & Drinks
Gourmet Popcorn,Expense,Food & Dining,Snacks & Drinks
Gummy Candy Maker,Expense,Food & Dining,Snacks & Drinks
Japanese Chocolate,Expense,Food & Dining,Snacks & Drinks
Japanese Snack Brand,Expense,Food & Dining,Snacks & Drinks
Japanese Souvenir Snack,Expense,Food & Dining,Snacks & Drinks
Juice & Coffee Bar,Expense,Food & Dining,Snacks & Drinks
Juice & Smoothie (AU),Expense,Food & Dining,Snacks & Drinks
Juice Bar & Dessert Shop,Expense,Food & Dining,Snacks & Drinks
Luxury Chocolate,Expense,Food & Dining,Snacks & Drinks
Nutrition Supplement,Expense,Food & Dining,Snacks & Drinks
Organic Juice Bar,Expense,Food & Dining,Snacks & Drinks
Premium Chocolate,Expense,Food & Dining,Snacks & Drinks
Premium Chocolate (Japan),Expense,Food & Dining,Snacks & Drinks
Smoothie & Food,Expense,Food & Dining,Snacks & Drinks
Smoothie & Juice,Expense,Food & Dining,Snacks & Drinks
Smoothie & Juice Chain,Expense,Food & Dining,Snacks & Drinks
Smoothie Chain,Expense,Food & Dining,Snacks & Drinks
South Asian Sweet Shop,Expense,Food & Dining,Snacks & Drinks
Specialty Snack Shop,Expense,Food & Dining,Snacks & Drinks
Swiss Chocolate,Expense,Food & Dining,Snacks & Drinks
Vending Machine Operator,Expense,Food & Dining,Snacks & Drinks
Affordable Cosmetics,Expense,Health & Wellness,Beauty & Spa
Affordable Skincare,Expense,Health & Wellness,Beauty & Spa
Bath & Body Products,Expense,Health & Wellness,Beauty & Spa
Bath & Body Products Retailer,Expense,Health & Wellness,Beauty & Spa
Beauty & Cosmetics Retailer,Expense,Health & Wellness,Beauty & Spa
Beauty Salon,Expense,Health & Wellness,Beauty & Spa
Blowout Bar,Expense,Health & Wellness,Beauty & Spa
Budget Cosmetics,Expense,Health & Wellness,Beauty & Spa
Cosmetics Brand,Expense,Health & Wellness,Beauty & Spa
DTC Beauty Brand,Expense,Health & Wellness,Beauty & Spa
Day Spa,Expense,Health & Wellness,Beauty & Spa
Dermatologist Skincare,Expense,Health & Wellness,Beauty & Spa
Elizabeth Arden Spa,Expense,Health & Wellness,Beauty & Spa
Fresh Handmade Cosmetics,Expense,Health & Wellness,Beauty & Spa
Hair & Beauty Salon,Expense,Health & Wellness,Beauty & Spa
Hair Color Salon & DTC,Expense,Health & Wellness,Beauty & Spa
Hair Salon,Expense,Health & Wellness,Beauty & Spa
Hair Salon (UK),Expense,Health & Wellness,Beauty & Spa
Hair Salon (Walmart),Expense,Health & Wellness,Beauty & Spa
Hair Salon Chain,Expense,Health & Wellness,Beauty & Spa
Home & Body (Netherlands),Expense,Health & Wellness,Beauty & Spa
Inclusive Cosmetics Brand,Expense,Health & Wellness,Beauty & Spa
K-Beauty Conglomerate,Expense,Health & Wellness,Beauty & Spa
K-Beauty Skincare,Expense,Health & Wellness,Beauty & Spa
Laser & Light Facial,Expense,Health & Wellness,Beauty & Spa
Laser Hair Removal,Expense,Health & Wellness,Beauty & Spa
Luxury Cosmetics (UK),Expense,Health & Wellness,Beauty & Spa
Luxury Fragrance,Expense,Health & Wellness,Beauty & Spa
Luxury Fragrance & Candles,Expense,Health & Wellness,Beauty & Spa
Luxury K-Beauty,Expense,Health & Wellness,Beauty & Spa
Luxury Skincare (Japanese-Inspired),Expense,Health & Wellness,Beauty & Spa
Mass Market Beauty,Expense,Health & Wellness,Beauty & Spa
Mass Market Cosmetics,Expense,Health & Wellness,Beauty & Spa
Massage & Facial Spa,Expense,Health & Wellness,Beauty & Spa
Massage & Spa Chain,Expense,Health & Wellness,Beauty & Spa
Massage & Spa Franchise,Expense,Health & Wellness,Beauty & Spa
Medical Aesthetics,Expense,Health & Wellness,Beauty & Spa
Men's Grooming,Expense,Health & Wellness,Beauty & Spa
Men's Grooming DTC,Expense,Health & Wellness,Beauty & Spa
Men's Grooming Subscription,Expense,Health & Wellness,Beauty & Spa
Men's Hair Salon Chain,Expense,Health & Wellness,Beauty & Spa
Men's Health & Wellness,Expense,Health & Wellness,Beauty & Spa
Natural Beauty & Body,Expense,Health & Wellness,Beauty & Spa
Natural Beauty (French),Expense,Health & Wellness,Beauty & Spa
Natural Beauty (Korea),Expense,Health & Wellness,Beauty & Spa
Niche Fragrance,Expense,Health & Wellness,Beauty & Spa
Premium Skincare,Expense,Health & Wellness,Beauty & Spa
Premium Skincare & Body (AU),Expense,Health & Wellness,Beauty & Spa
Premium Skincare (Japan),Expense,Health & Wellness,Beauty & Spa
Prestige Beauty,Expense,Health & Wellness,Beauty & Spa
Prestige Beauty (French),Expense,Health & Wellness,Beauty & Spa
Prestige Cosmetics,Expense,Health & Wellness,Beauty & Spa
Prestige Skincare,Expense,Health & Wellness,Beauty & Spa
Skincare & Cosmetics (Japan),Expense,Health & Wellness,Beauty & Spa
Skincare & Suncare,Expense,Health & Wellness,Beauty & Spa
Spa & Fitness,Expense,Health & Wellness,Beauty & Spa
Therapeutic Massage,Expense,Health & Wellness,Beauty & Spa
Ultra-Luxury Skincare,Expense,Health & Wellness,Beauty & Spa
Waxing Salon,Expense,Health & Wellness,Beauty & Spa
Community Fitness & Recreation,Expense,Health & Wellness,Fitness & Gym
Connected Fitness Equipment,Expense,Health & Wellness,Fitness & Gym
Dance Fitness Studio,Expense,Health & Wellness,Fitness & Gym
Gym & Fitness Club,Expense,Health & Wellness,Fitness & Gym
Home Fitness Program,Expense,Health & Wellness,Fitness & Gym
Yoga & Wellness Studio,Expense,Health & Wellness,Fitness & Gym
Budget Eyeglasses Online,Expense,Health & Wellness,Health Products
Clear Aligners,Expense,Health & Wellness,Health Products
Consumer DNA Testing,Expense,Health & Wellness,Health Products
Contact Lens Retailer,Expense,Health & Wellness,Health Products
Continuous Glucose Monitor,Expense,Health & Wellness,Health Products
Custom Skincare (Prescription),Expense,Health & Wellness,Health Products
Electric Toothbrush,Expense,Health & Wellness,Health Products
Electric Toothbrush Subscription,Expense,Health & Wellness,Health Products
Fitness Tracker Band,Expense,Health & Wellness,Health Products
Greens Supplement,Expense,Health & Wellness,Health Products
Gummy Vitamins,Expense,Health & Wellness,Health Products
Hair Growth Supplement,Expense,Health & Wellness,Health Products
Hair Loss Treatment,Expense,Health & Wellness,Health Products
Hair Vitamins,Expense,Health & Wellness,Health Products
Health & Wellness Coaching,Expense,Health & Wellness,Health Products
Health & Wellness MLM,Expense,Health & Wellness,Health Products
Health Monitoring Devices,Expense,Health & Wellness,Health Products
Meal Delivery (Weight Loss),Expense,Health & Wellness,Health Products
Meditation & Sleep App,Expense,Health & Wellness,Health Products
Meditation App,Expense,Health & Wellness,Health Products
Natural Supplements,Expense,Health & Wellness,Health Products
Natural Supplements Brand,Expense,Health & Wellness,Health Products
Nutraceutical Company,Expense,Health & Wellness,Health Products
Nutrigenomics & DNA Testing,Expense,Health & Wellness,Health Products
Nutrition MLM,Expense,Health & Wellness,Health Products
Nutritional Supplement Brand,Expense,Health & Wellness,Health Products
Online Eyeglasses,Expense,Health & Wellness,Health Products
Online Health Marketplace,Expense,Health & Wellness,Health Products
Online Health Products,Expense,Health & Wellness,Health Products
Online Therapy Platform,Expense,Health & Wellness,Health Products
Organic Supplements,Expense,Health & Wellness,Health Products
Personalized Vitamins,Expense,Health & Wellness,Health Products
Practitioner-Grade Supplements,Expense,Health & Wellness,Health Products
Prescription Eyewear,Expense,Health & Wellness,Health Products
Probiotic Supplement,Expense,Health & Wellness,Health Products
Smart Mattress & Sleep Tech,Expense,Health & Wellness,Health Products
Stress Relief Device,Expense,Health & Wellness,Health Products
Subscription Vitamins,Expense,Health & Wellness,Health Products
Supplement Brand,Expense,Health & Wellness,Health Products
Telehealth & Wellness,Expense,Health & Wellness,Health Products
Telehealth Platform,Expense,Health & Wellness,Health Products
Vitamins & Supplements,Expense,Health & Wellness,Health Products
Vitamins & Supplements Retailer,Expense,Health & Wellness,Health Products
Wearable Health Tracker,Expense,Health & Wellness,Health Products
Weight Loss App,Expense,Health & Wellness,Health Products
Weight Management,Expense,Health & Wellness,Health Products
Weight Management Program,Expense,Health & Wellness,Health Products
Whole Food Supplements,Expense,Health & Wellness,Health Products
Clinical Laboratory,Expense,Health & Wellness,Medical & Dental
Dental Practice,Expense,Health & Wellness,Medical & Dental
Hospital & Health System,Expense,Health & Wellness,Medical & Dental
Integrative Medicine Physician,Expense,Health & Wellness,Medical & Dental
Internal Medicine Practice,Expense,Health & Wellness,Medical & Dental
Medical Practice,Expense,Health & Wellness,Medical & Dental
Nephrology Practice,Expense,Health & Wellness,Medical & Dental
Ophthalmology Practice,Expense,Health & Wellness,Medical & Dental
Oral Surgery Practice,Expense,Health & Wellness,Medical & Dental
Orthodontics Practice,Expense,Health & Wellness,Medical & Dental
Pediatric Dentistry,Expense,Health & Wellness,Medical & Dental
Pediatrics Practice,Expense,Health & Wellness,Medical & Dental
Physical Therapy & Rehab,Expense,Health & Wellness,Medical & Dental
Walk-In Health Clinic,Expense,Health & Wellness,Medical & Dental
Digital Pharmacy,Expense,Health & Wellness,Pharmacy
Drugstore (Germany),Expense,Health & Wellness,Pharmacy
Drugstore (Japan),Expense,Health & Wellness,Pharmacy
Health & Beauty (Korea),Expense,Health & Wellness,Pharmacy
Online Pharmacy,Expense,Health & Wellness,Pharmacy
Online Pharmacy (Amazon),Expense,Health & Wellness,Pharmacy
Online Pharmacy (India),Expense,Health & Wellness,Pharmacy
Online Pharmacy (Sweden),Expense,Health & Wellness,Pharmacy
Pharmacy & Beauty (Asia),Expense,Health & Wellness,Pharmacy
Pharmacy & Beauty (UK),Expense,Health & Wellness,Pharmacy
Pharmacy & Drugstore Chain,Expense,Health & Wellness,Pharmacy
Pharmacy & Health/Beauty (UK),Expense,Health & Wellness,Pharmacy
Pharmacy & Health/Beauty Retailer,Expense,Health & Wellness,Pharmacy
Pharmacy (Asia),Expense,Health & Wellness,Pharmacy
Pharmacy (Brazil),Expense,Health & Wellness,Pharmacy
Pharmacy (In-Store),Expense,Health & Wellness,Pharmacy
Pharmacy (India),Expense,Health & Wellness,Pharmacy
Pharmacy (South Africa),Expense,Health & Wellness,Pharmacy
Pharmacy (Sweden),Expense,Health & Wellness,Pharmacy
Pharmacy (UK),Expense,Health & Wellness,Pharmacy
Pharmacy Benefit Manager,Expense,Health & Wellness,Pharmacy
Pharmacy Chain (Argentina),Expense,Health & Wellness,Pharmacy
Prescription Discount,Expense,Health & Wellness,Pharmacy
Air Conditioning,Expense,Housing & Utilities,Home Services
Car Wash,Expense,Housing & Utilities,Home Services
Cordless Vacuum,Expense,Housing & Utilities,Home Services
Dry Cleaning & Laundry,Expense,Housing & Utilities,Home Services
Electrical Contractor,Expense,Housing & Utilities,Home Services
General Contractor,Expense,Housing & Utilities,Home Services
Heating & Cooling,Expense,Housing & Utilities,Home Services
Home Security System,Expense,Housing & Utilities,Home Services
Home Service Marketplace,Expense,Housing & Utilities,Home Services
Pest Control Service,Expense,Housing & Utilities,Home Services
Plumbing Contractor,Expense,Housing & Utilities,Home Services
Plumbing Service,Expense,Housing & Utilities,Home Services
Robot Vacuum,Expense,Housing & Utilities,Home Services
Smart Home & HVAC,Expense,Housing & Utilities,Home Services
Smart Home Security,Expense,Housing & Utilities,Home Services
Smart Lighting Controls,Expense,Housing & Utilities,Home Services
Smart Lock,Expense,Housing & Utilities,Home Services
Smart Security (Amazon),Expense,Housing & Utilities,Home Services
Smart Sprinkler Controller,Expense,Housing & Utilities,Home Services
Smart Thermostat,Expense,Housing & Utilities,Home Services
Smart Vacuum & Mop,Expense,Housing & Utilities,Home Services
Vacuum & Floor Care,Expense,Housing & Utilities,Home Services
Auto Insurance Company,Expense,Housing & Utilities,Insurance
Property Insurance,Expense,Housing & Utilities,Insurance
Mobile Virtual Network Operator,Expense,Housing & Utilities,Telecom & Internet
Wireless Telecommunications,Expense,Housing & Utilities,Telecom & Internet
Auto & Home Insurance,Expense,Housing & Utilities,Utilities
Auto Insurance,Expense,Housing & Utilities,Utilities
Cable & Internet,Expense,Housing & Utilities,Utilities
Cable & Mobile (UK),Expense,Housing & Utilities,Utilities
Cable TV & Internet,Expense,Housing & Utilities,Utilities
Cable TV & Internet Provider,Expense,Housing & Utilities,Utilities
Carpet Cleaning,Expense,Housing & Utilities,Utilities
Digital Auto Insurance,Expense,Housing & Utilities,Utilities
Digital Insurance,Expense,Housing & Utilities,Utilities
Electric & Gas (NYC),Expense,Housing & Utilities,Utilities
Electric & Gas Utility,Expense,Housing & Utilities,Utilities
Electric Utility,Expense,Housing & Utilities,Utilities
Electrical Service,Expense,Housing & Utilities,Utilities
Fiber Internet,Expense,Housing & Utilities,Utilities
Gas Utility,Expense,Housing & Utilities,Utilities
Gig Economy Home Services,Expense,Housing & Utilities,Utilities
HVAC Service,Expense,Housing & Utilities,Utilities
Handyman Service,Expense,Housing & Utilities,Utilities
Home Cleaning & Handyman,Expense,Housing & Utilities,Utilities
Home Insurance,Expense,Housing & Utilities,Utilities
Home Service Marketplace,Expense,Housing & Utilities,Utilities
Home Service Platform,Expense,Housing & Utilities,Utilities
House Cleaning Service,Expense,Housing & Utilities,Utilities
Insurance,Expense,Housing & Utilities,Utilities
Insurance & Banking,Expense,Housing & Utilities,Utilities
Internet & Phone,Expense,Housing & Utilities,Utilities
Lawn Care Franchise,Expense,Housing & Utilities,Utilities
Lawn Care Service,Expense,Housing & Utilities,Utilities
Local Service Marketplace,Expense,Housing & Utilities,Utilities
MVNO,Expense,Housing & Utilities,Utilities
MVNO (AT&T),Expense,Housing & Utilities,Utilities
MVNO (Budget Wireless),Expense,Housing & Utilities,Utilities
MVNO (Google),Expense,Housing & Utilities,Utilities
MVNO (Seniors),Expense,Housing & Utilities,Utilities
MVNO (Verizon),Expense,Housing & Utilities,Utilities
Mobile (China),Expense,Housing & Utilities,Utilities
Mobile (Japan),Expense,Housing & Utilities,Utilities
Mobile (Korea),Expense,Housing & Utilities,Utilities
Mobile Operator (Germany/UK),Expense,Housing & Utilities,Utilities
Mobile Operator (UK),Expense,Housing & Utilities,Utilities
Natural Gas Utility,Expense,Housing & Utilities,Utilities
Pay-Per-Mile Insurance,Expense,Housing & Utilities,Utilities
Pest Control (UK/Global),Expense,Housing & Utilities,Utilities
Pest Control Service,Expense,Housing & Utilities,Utilities
Plumbing,Expense,Housing & Utilities,Utilities
Plumbing & Drain,Expense,Housing & Utilities,Utilities
Plumbing Service,Expense,Housing & Utilities,Utilities
Prepaid Wireless,Expense,Housing & Utilities,Utilities
Property & Casualty Insurance,Expense,Housing & Utilities,Utilities
Restoration & Cleaning,Expense,Housing & Utilities,Utilities
Satellite Internet,Expense,Housing & Utilities,Utilities
TV & Broadband (UK),Expense,Housing & Utilities,Utilities
Telecom & Internet,Expense,Housing & Utilities,Utilities
Telecom & Wireless,Expense,Housing & Utilities,Utilities
Telecom (Africa),Expense,Housing & Utilities,Utilities
Telecom (Australia),Expense,Housing & Utilities,Utilities
Telecom (France),Expense,Housing & Utilities,Utilities
Telecom (France/Global),Expense,Housing & Utilities,Utilities
Telecom (Germany),Expense,Housing & Utilities,Utilities
Telecom (India),Expense,Housing & Utilities,Utilities
Telecom (Kenya),Expense,Housing & Utilities,Utilities
Telecom (Latin America),Expense,Housing & Utilities,Utilities
Telecom (Netherlands),Expense,Housing & Utilities,Utilities
Telecom (Norway/Asia),Expense,Housing & Utilities,Utilities
Telecom (Scandinavia),Expense,Housing & Utilities,Utilities
Telecom (Singapore),Expense,Housing & Utilities,Utilities
Telecom (Spain),Expense,Housing & Utilities,Utilities
Telecom (Switzerland),Expense,Housing & Utilities,Utilities
Telecom (UK),Expense,Housing & Utilities,Utilities
Telecom (UK/Global),Expense,Housing & Utilities,Utilities
VoIP Telephone Service,Expense,Housing & Utilities,Utilities
Water & Gas,Expense,Housing & Utilities,Utilities
Water Utility,Expense,Housing & Utilities,Utilities
Wireless Carrier,Expense,Housing & Utilities,Utilities
Wireless Telecommunications,Expense,Housing & Utilities,Utilities
Preschool & Childcare,Expense,Kids & Family,Childcare
Age-Appropriate Toy Subscription,Expense,Kids & Family,Toys & Activities
Baby & Home Products,Expense,Kids & Family,Toys & Activities
Baby Carrier,Expense,Kids & Family,Toys & Activities
Baby Monitor,Expense,Kids & Family,Toys & Activities
Baby Products,Expense,Kids & Family,Toys & Activities
Baby Products Retailer,Expense,Kids & Family,Toys & Activities
Baby Registry,Expense,Kids & Family,Toys & Activities
Baby Skincare & Cleaning,Expense,Kids & Family,Toys & Activities
Baby Sound Machine,Expense,Kids & Family,Toys & Activities
Baby Sound Machine & Light,Expense,Kids & Family,Toys & Activities
Baby Tech Products,Expense,Kids & Family,Toys & Activities
Brain-Building Baby Food,Expense,Kids & Family,Toys & Activities
Budget Diapers,Expense,Kids & Family,Toys & Activities
Building Toy Retailer,Expense,Kids & Family,Toys & Activities
Character Merchandise,Expense,Kids & Family,Toys & Activities
Children's Art Supplies,Expense,Kids & Family,Toys & Activities
Children's Clothing Retailer,Expense,Kids & Family,Toys & Activities
Children's Outdoor Play,Expense,Kids & Family,Toys & Activities
Children's Toys & Furniture,Expense,Kids & Family,Toys & Activities
Custom Stuffed Animals,Expense,Kids & Family,Toys & Activities
Diapers,Expense,Kids & Family,Toys & Activities
Diapers & Baby Products,Expense,Kids & Family,Toys & Activities
Doll Brand (Mattel),Expense,Kids & Family,Toys & Activities
Educational Technology Toys,Expense,Kids & Family,Toys & Activities
Educational Toys,Expense,Kids & Family,Toys & Activities
Educational Toys & Games,Expense,Kids & Family,Toys & Activities
Electronic Learning Toys,Expense,Kids & Family,Toys & Activities
Hobby & Craft Store,Expense,Kids & Family,Toys & Activities
Hobby & Model Shop,Expense,Kids & Family,Toys & Activities
Infant/Toddler Toys,Expense,Kids & Family,Toys & Activities
Interactive Learning,Expense,Kids & Family,Toys & Activities
Kids Activity Subscription,Expense,Kids & Family,Toys & Activities
Kids Educational Subscription,Expense,Kids & Family,Toys & Activities
Kids Magazine & Activity,Expense,Kids & Family,Toys & Activities
Kids STEM Education Center,Expense,Kids & Family,Toys & Activities
Logic Games,Expense,Kids & Family,Toys & Activities
Magnetic Building Tiles,Expense,Kids & Family,Toys & Activities
Modeling Compound (Hasbro),Expense,Kids & Family,Toys & Activities
Organic Baby Food,Expense,Kids & Family,Toys & Activities
Premium Baby Gear,Expense,Kids & Family,Toys & Activities
Premium Diapers,Expense,Kids & Family,Toys & Activities
Premium Dolls & Accessories,Expense,Kids & Family,Toys & Activities
Premium Stroller,Expense,Kids & Family,Toys & Activities
Puzzles & Games (Germany),Expense,Kids & Family,Toys & Activities
Smart Baby Monitor,Expense,Kids & Family,Toys & Activities
Smart Bassinet (Happiest Baby),Expense,Kids & Family,Toys & Activities
Stroller Brand,Expense,Kids & Family,Toys & Activities
Sustainable Diapers,Expense,Kids & Family,Toys & Activities
Toy Animal Figures (Germany),Expense,Kids & Family,Toys & Activities
Toy Blaster Brand (Hasbro),Expense,Kids & Family,Toys & Activities
Toy Car Brand (Mattel),Expense,Kids & Family,Toys & Activities
Toy Figures (Germany),Expense,Kids & Family,Toys & Activities
Toy Store,Expense,Kids & Family,Toys & Activities
Toy Store Chain,Expense,Kids & Family,Toys & Activities
Wooden Toys,Expense,Kids & Family,Toys & Activities
Wooden Toys & Furniture,Expense,Kids & Family,Toys & Activities
Wooden Toys (Germany),Expense,Kids & Family,Toys & Activities
Motor Vehicle Administration,Expense,Personal Services,Gov & DMV
Municipal Government,Expense,Personal Services,Gov & DMV
State Government Services,Expense,Personal Services,Gov & DMV
Children's Portrait Studio,Expense,Personal Services,Photography
Photo Processing Lab,Expense,Personal Services,Photography
Portrait Photography Studio,Expense,Personal Services,Photography
Postal Service,Expense,Personal Services,Printing & Shipping
Print & Copy Shop,Expense,Personal Services,Printing & Shipping
Self-Publishing & Printing,Expense,Personal Services,Printing & Shipping
Shipping & Logistics,Expense,Personal Services,Printing & Shipping
Writing & Publishing Service,Expense,Personal Services,Printing & Shipping
Audiobook & Podcast Service,Expense,Shopping,Books & Media
Audiobook Service,Expense,Shopping,Books & Media
Book & Stationery (UK),Expense,Shopping,Books & Media
Book Community Platform,Expense,Shopping,Books & Media
Book Retailer,Expense,Shopping,Books & Media
Book Retailer (Germany),Expense,Shopping,Books & Media
Book Retailer (Japan),Expense,Shopping,Books & Media
Book Retailer (Korea),Expense,Shopping,Books & Media
Book Retailer (UK),Expense,Shopping,Books & Media
Books & Media (Japan),Expense,Shopping,Books & Media
Books (Malaysia),Expense,Shopping,Books & Media
Children's Book Fair,Expense,Shopping,Books & Media
Children's Book Publisher,Expense,Shopping,Books & Media
E-Book & Audiobook Subscription,Expense,Shopping,Books & Media
E-Book Store,Expense,Shopping,Books & Media
E-Book Subscription,Expense,Shopping,Books & Media
E-Reader & E-Books,Expense,Shopping,Books & Media
Educational Publisher,Expense,Shopping,Books & Media
Hi-Fi Music Streaming,Expense,Shopping,Books & Media
Independent Bookstore,Expense,Shopping,Books & Media
Indie Audiobook Service,Expense,Shopping,Books & Media
Indie Music Marketplace,Expense,Shopping,Books & Media
Music Marketplace,Expense,Shopping,Books & Media
Music Streaming,Expense,Shopping,Books & Media
Music Streaming & Sharing,Expense,Shopping,Books & Media
Online Indie Bookstore,Expense,Shopping,Books & Media
Online Used Books,Expense,Shopping,Books & Media
Used Book Retailer,Expense,Shopping,Books & Media
Vinyl Subscription,Expense,Shopping,Books & Media
Accessible Luxury,Expense,Shopping,Clothing & Apparel
Accessible Luxury Fashion,Expense,Shopping,Clothing & Apparel
Accessible Streetwear (FOG),Expense,Shopping,Clothing & Apparel
Athletic Apparel & Footwear,Expense,Shopping,Clothing & Apparel
Athletic Apparel (DTC),Expense,Shopping,Clothing & Apparel
Athletic Apparel (Yoga),Expense,Shopping,Clothing & Apparel
Athletic Apparel Brand,Expense,Shopping,Clothing & Apparel
Athletic Footwear,Expense,Shopping,Clothing & Apparel
Athletic Footwear & Apparel,Expense,Shopping,Clothing & Apparel
Athletic Footwear Retailer,Expense,Shopping,Clothing & Apparel
Athletic Performance Apparel,Expense,Shopping,Clothing & Apparel
Avant-Garde (Japan),Expense,Shopping,Clothing & Apparel
Avant-Garde Fashion,Expense,Shopping,Clothing & Apparel
Boots & Footwear (UK),Expense,Shopping,Clothing & Apparel
Cap & Headwear Brand,Expense,Shopping,Clothing & Apparel
Casual & Athletic Footwear,Expense,Shopping,Clothing & Apparel
Casual Apparel,Expense,Shopping,Clothing & Apparel
Casual Apparel Retailer,Expense,Shopping,Clothing & Apparel
Casual Athletic Apparel,Expense,Shopping,Clothing & Apparel
Casual Fashion (Japan),Expense,Shopping,Clothing & Apparel
Casual Footwear,Expense,Shopping,Clothing & Apparel
Casual Footwear Brand,Expense,Shopping,Clothing & Apparel
Children's Athletic Footwear,Expense,Shopping,Clothing & Apparel
Children's Clothing,Expense,Shopping,Clothing & Apparel
Comfort Sandals,Expense,Shopping,Clothing & Apparel
Contemporary Fashion (Denmark),Expense,Shopping,Clothing & Apparel
Contemporary Fashion (France),Expense,Shopping,Clothing & Apparel
Contemporary Fashion (UK),Expense,Shopping,Clothing & Apparel
Contemporary Luxury (Italy),Expense,Shopping,Clothing & Apparel
Contemporary Luxury (Sweden),Expense,Shopping,Clothing & Apparel
CrossFit Apparel,Expense,Shopping,Clothing & Apparel
CrossFit Training Shoes,Expense,Shopping,Clothing & Apparel
Crystal Jewelry & Accessories,Expense,Shopping,Clothing & Apparel
Cushioned Running Shoes,Expense,Shopping,Clothing & Apparel
DTC Bras & Intimates,Expense,Shopping,Clothing & Apparel
DTC Fine Jewelry,Expense,Shopping,Clothing & Apparel
DTC Kids Clothing,Expense,Shopping,Clothing & Apparel
Denim & Casual (J.Crew Group),Expense,Shopping,Clothing & Apparel
Denim & Casual Apparel,Expense,Shopping,Clothing & Apparel
Denim & Fashion (Italy),Expense,Shopping,Clothing & Apparel
Denim & Fashion (Netherlands),Expense,Shopping,Clothing & Apparel
Denim Apparel,Expense,Shopping,Clothing & Apparel
Department Store,Expense,Shopping,Clothing & Apparel
Designer Fashion,Expense,Shopping,Clothing & Apparel
Designer Fashion & Underwear,Expense,Shopping,Clothing & Apparel
Designer Fashion (France),Expense,Shopping,Clothing & Apparel
Designer Fashion (Spain),Expense,Shopping,Clothing & Apparel
Designer Fashion (UK),Expense,Shopping,Clothing & Apparel
Designer Fashion Brand,Expense,Shopping,Clothing & Apparel
Designer Jewelry,Expense,Shopping,Clothing & Apparel
Dress Shoes,Expense,Shopping,Clothing & Apparel
Ethical Jewelry,Expense,Shopping,Clothing & Apparel
Family Fashion (France),Expense,Shopping,Clothing & Apparel
Family Fashion (Italy),Expense,Shopping,Clothing & Apparel
Fashion & Beauty (Korea),Expense,Shopping,Clothing & Apparel
Fashion & Home (Finland),Expense,Shopping,Clothing & Apparel
Fashion & Lifestyle,Expense,Shopping,Clothing & Apparel
Fashion (Denmark),Expense,Shopping,Clothing & Apparel
Fashion (H&M Group),Expense,Shopping,Clothing & Apparel
Fashion (South Africa),Expense,Shopping,Clothing & Apparel
Fashion (Spain),Expense,Shopping,Clothing & Apparel
Fashion (Thailand),Expense,Shopping,Clothing & Apparel
Fashion Accessories,Expense,Shopping,Clothing & Apparel
Fashion Apparel,Expense,Shopping,Clothing & Apparel
Fashion Apparel & Accessories,Expense,Shopping,Clothing & Apparel
Fashion Apparel Retailer,Expense,Shopping,Clothing & Apparel
Fashion Brand (Germany),Expense,Shopping,Clothing & Apparel
Fashion Brand (Italy),Expense,Shopping,Clothing & Apparel
Fashion Brand (Spain),Expense,Shopping,Clothing & Apparel
Fashion Brand (UK),Expense,Shopping,Clothing & Apparel
Fashion Footwear,Expense,Shopping,Clothing & Apparel
Fashion Group (Korea),Expense,Shopping,Clothing & Apparel
Fashion House (Japan/France),Expense,Shopping,Clothing & Apparel
Fashion Jewelry,Expense,Shopping,Clothing & Apparel
Fashion Rental,Expense,Shopping,Clothing & Apparel
Fashion Retail (India),Expense,Shopping,Clothing & Apparel
Fashion Retail (Singapore),Expense,Shopping,Clothing & Apparel
Fashion Retailer,Expense,Shopping,Clothing & Apparel
Fashion Retailer (Japan),Expense,Shopping,Clothing & Apparel
Fashion Retailer (South Africa),Expense,Shopping,Clothing & Apparel
Fashion Retailer (UK),Expense,Shopping,Clothing & Apparel
Fashion Watches & Accessories,Expense,Shopping,Clothing & Apparel
Fast Fashion (Australia),Expense,Shopping,Clothing & Apparel
"Fast Fashion (Japan, Uniqlo Group)",Expense,Shopping,Clothing & Apparel
Fast Fashion (Korea),Expense,Shopping,Clothing & Apparel
Fast Fashion Retailer,Expense,Shopping,Clothing & Apparel
Fitness Apparel (UK),Expense,Shopping,Clothing & Apparel
Fitness Tracker,Expense,Shopping,Clothing & Apparel
Footwear (UK),Expense,Shopping,Clothing & Apparel
Footwear Manufacturer,Expense,Shopping,Clothing & Apparel
Footwear Retailer,Expense,Shopping,Clothing & Apparel
French Bohemian Fashion,Expense,Shopping,Clothing & Apparel
French Contemporary Fashion,Expense,Shopping,Clothing & Apparel
French Fashion,Expense,Shopping,Clothing & Apparel
GPS & Fitness Watches,Expense,Shopping,Clothing & Apparel
Hiking Footwear,Expense,Shopping,Clothing & Apparel
Indian Casual Fashion,Expense,Shopping,Clothing & Apparel
Indian Ethnic Fashion,Expense,Shopping,Clothing & Apparel
Indian Fashion,Expense,Shopping,Clothing & Apparel
Indian Women's Fashion,Expense,Shopping,Clothing & Apparel
Intimates & Loungewear,Expense,Shopping,Clothing & Apparel
Intimates & Sleepwear,Expense,Shopping,Clothing & Apparel
Italian Luxury Sneakers,Expense,Shopping,Clothing & Apparel
Japanese Designer Fashion,Expense,Shopping,Clothing & Apparel
Japanese Streetwear,Expense,Shopping,Clothing & Apparel
Jewelry Retailer,Expense,Shopping,Clothing & Apparel
Kids Clothing,Expense,Shopping,Clothing & Apparel
Legwear & Swimwear (Italy),Expense,Shopping,Clothing & Apparel
Lifestyle Brand (H&M Group),Expense,Shopping,Clothing & Apparel
Lingerie & Beauty,Expense,Shopping,Clothing & Apparel
Lingerie (Inclusive),Expense,Shopping,Clothing & Apparel
Lingerie (Italy),Expense,Shopping,Clothing & Apparel
Luxury Brand Merchandise,Expense,Shopping,Clothing & Apparel
Luxury Consignment,Expense,Shopping,Clothing & Apparel
Luxury Fashion,Expense,Shopping,Clothing & Apparel
Luxury Fashion (France),Expense,Shopping,Clothing & Apparel
Luxury Fashion (Italy),Expense,Shopping,Clothing & Apparel
Luxury Fashion (Spain),Expense,Shopping,Clothing & Apparel
Luxury Fashion (UK),Expense,Shopping,Clothing & Apparel
Luxury Fashion House,Expense,Shopping,Clothing & Apparel
Luxury Footwear,Expense,Shopping,Clothing & Apparel
Luxury Handbags & Accessories,Expense,Shopping,Clothing & Apparel
Luxury Italian Textiles,Expense,Shopping,Clothing & Apparel
Luxury Jewelry,Expense,Shopping,Clothing & Apparel
Luxury Jewelry & Accessories,Expense,Shopping,Clothing & Apparel
Luxury Jewelry & Watches,Expense,Shopping,Clothing & Apparel
Luxury Jewelry Retailer,Expense,Shopping,Clothing & Apparel
Luxury Knitwear (Italy),Expense,Shopping,Clothing & Apparel
Luxury Men's Fashion (Italy),Expense,Shopping,Clothing & Apparel
Luxury Men's Suiting (Italy),Expense,Shopping,Clothing & Apparel
Luxury Outerwear (Italy),Expense,Shopping,Clothing & Apparel
Luxury Resale,Expense,Shopping,Clothing & Apparel
Luxury Sneakers,Expense,Shopping,Clothing & Apparel
Luxury Sneakers (Italy),Expense,Shopping,Clothing & Apparel
Luxury Sneakers (NL),Expense,Shopping,Clothing & Apparel
Luxury Sneakers (Sweden),Expense,Shopping,Clothing & Apparel
Luxury Sportswear (Germany),Expense,Shopping,Clothing & Apparel
Luxury Streetwear,Expense,Shopping,Clothing & Apparel
Luxury Swiss Watch,Expense,Shopping,Clothing & Apparel
Luxury Watch Manufacturer,Expense,Shopping,Clothing & Apparel
Men's Athletic Apparel,Expense,Shopping,Clothing & Apparel
Men's Fashion,Expense,Shopping,Clothing & Apparel
Men's Fashion (France),Expense,Shopping,Clothing & Apparel
Men's Fashion (India),Expense,Shopping,Clothing & Apparel
Men's Fashion (Spain),Expense,Shopping,Clothing & Apparel
Men's Fashion DTC,Expense,Shopping,Clothing & Apparel
Men's Premium Fashion (India),Expense,Shopping,Clothing & Apparel
Men's Shirts DTC,Expense,Shopping,Clothing & Apparel
Men's Training Apparel,Expense,Shopping,Clothing & Apparel
Menswear Resale,Expense,Shopping,Clothing & Apparel
Minimalist Fashion (France),Expense,Shopping,Clothing & Apparel
Minimalist Fashion (H&M Group),Expense,Shopping,Clothing & Apparel
Minimalist Luxury,Expense,Shopping,Clothing & Apparel
NYC Streetwear & Lifestyle,Expense,Shopping,Clothing & Apparel
Off-Price Department Store,Expense,Shopping,Clothing & Apparel
Online Diamond Retailer,Expense,Shopping,Clothing & Apparel
Online Fashion Retailer,Expense,Shopping,Clothing & Apparel
Online Fast Fashion,Expense,Shopping,Clothing & Apparel
Online Shoe & Apparel Retailer,Expense,Shopping,Clothing & Apparel
Outdoor & Casual Apparel,Expense,Shopping,Clothing & Apparel
Outdoor & Fishing,Expense,Shopping,Clothing & Apparel
Outdoor & Hunting,Expense,Shopping,Clothing & Apparel
Outdoor & Sustainable Apparel,Expense,Shopping,Clothing & Apparel
Outdoor (Norway),Expense,Shopping,Clothing & Apparel
Outdoor (Sweden),Expense,Shopping,Clothing & Apparel
Outdoor Apparel,Expense,Shopping,Clothing & Apparel
Outdoor Apparel & Gear,Expense,Shopping,Clothing & Apparel
Outdoor Boots & Apparel,Expense,Shopping,Clothing & Apparel
Outdoor Brand (Germany),Expense,Shopping,Clothing & Apparel
Outdoor Brand (UK),Expense,Shopping,Clothing & Apparel
Outdoor Fashion (Sweden),Expense,Shopping,Clothing & Apparel
Outdoor Footwear & Gear,Expense,Shopping,Clothing & Apparel
Outdoor Gear & Apparel,Expense,Shopping,Clothing & Apparel
Personal Styling,Expense,Shopping,Clothing & Apparel
Premium Athletic Casual,Expense,Shopping,Clothing & Apparel
Premium Casual (French),Expense,Shopping,Clothing & Apparel
Premium Casual (Inditex),Expense,Shopping,Clothing & Apparel
Premium Casual Apparel,Expense,Shopping,Clothing & Apparel
Premium Denim,Expense,Shopping,Clothing & Apparel
Premium Fashion,Expense,Shopping,Clothing & Apparel
Premium Fashion & Lifestyle,Expense,Shopping,Clothing & Apparel
Premium Fashion (Germany),Expense,Shopping,Clothing & Apparel
Premium Fashion (UK),Expense,Shopping,Clothing & Apparel
Premium Fashion Brand,Expense,Shopping,Clothing & Apparel
Premium Footwear,Expense,Shopping,Clothing & Apparel
Premium Kids Clothing,Expense,Shopping,Clothing & Apparel
Premium Outdoor Apparel,Expense,Shopping,Clothing & Apparel
Premium Outerwear Brand,Expense,Shopping,Clothing & Apparel
Premium Running Footwear,Expense,Shopping,Clothing & Apparel
Premium Yoga Apparel,Expense,Shopping,Clothing & Apparel
Preppy Apparel,Expense,Shopping,Clothing & Apparel
Preppy Apparel Retailer,Expense,Shopping,Clothing & Apparel
Rock-Chic Fashion (France),Expense,Shopping,Clothing & Apparel
Rucking Gear & Apparel,Expense,Shopping,Clothing & Apparel
Running Apparel DTC,Expense,Shopping,Clothing & Apparel
Running Footwear,Expense,Shopping,Clothing & Apparel
School Uniform Supplier,Expense,Shopping,Clothing & Apparel
Shapewear,Expense,Shopping,Clothing & Apparel
Shapewear & Loungewear,Expense,Shopping,Clothing & Apparel
Sheepskin Boots & Footwear,Expense,Shopping,Clothing & Apparel
Skate & Casual Footwear,Expense,Shopping,Clothing & Apparel
Smartwatch,Expense,Shopping,Clothing & Apparel
Sneaker Resale,Expense,Shopping,Clothing & Apparel
Sports Apparel,Expense,Shopping,Clothing & Apparel
Streetwear & Lifestyle,Expense,Shopping,Clothing & Apparel
Streetwear & Sustainability,Expense,Shopping,Clothing & Apparel
Streetwear Brand,Expense,Shopping,Clothing & Apparel
Streetwear Brand (UK),Expense,Shopping,Clothing & Apparel
Styling Service & Fashion,Expense,Shopping,Clothing & Apparel
Sustainable Fashion,Expense,Shopping,Clothing & Apparel
Sustainable Footwear DTC,Expense,Shopping,Clothing & Apparel
Sustainable Sneakers,Expense,Shopping,Clothing & Apparel
Sustainable Sneakers (France),Expense,Shopping,Clothing & Apparel
Sustainable Women's Fashion,Expense,Shopping,Clothing & Apparel
Swedish Outdoor Brand,Expense,Shopping,Clothing & Apparel
Swiss Running Shoes,Expense,Shopping,Clothing & Apparel
Swiss Watch Manufacturer,Expense,Shopping,Clothing & Apparel
Tactical Apparel & Gear,Expense,Shopping,Clothing & Apparel
Tactical Backpacks,Expense,Shopping,Clothing & Apparel
Teen Casual Apparel,Expense,Shopping,Clothing & Apparel
Teen Footwear Retailer,Expense,Shopping,Clothing & Apparel
Transparent Fashion DTC,Expense,Shopping,Clothing & Apparel
Ultra-Luxury Italian Fashion,Expense,Shopping,Clothing & Apparel
Ultra-Luxury Italian Tailoring,Expense,Shopping,Clothing & Apparel
Ultra-Luxury Minimalist,Expense,Shopping,Clothing & Apparel
Upscale Department Store,Expense,Shopping,Clothing & Apparel
Value Casual Apparel,Expense,Shopping,Clothing & Apparel
Vintage Sportswear,Expense,Shopping,Clothing & Apparel
Watch & Electronics (Japan),Expense,Shopping,Clothing & Apparel
Watch Manufacturer (Japan),Expense,Shopping,Clothing & Apparel
Watches & Accessories,Expense,Shopping,Clothing & Apparel
Western & Denim,Expense,Shopping,Clothing & Apparel
Women's Activewear (UK),Expense,Shopping,Clothing & Apparel
Women's Apparel & Home,Expense,Shopping,Clothing & Apparel
Women's Athletic Apparel,Expense,Shopping,Clothing & Apparel
Women's Fashion (France),Expense,Shopping,Clothing & Apparel
Women's Fashion (Germany),Expense,Shopping,Clothing & Apparel
Women's Fashion (Inditex),Expense,Shopping,Clothing & Apparel
Women's Fashion (Japan),Expense,Shopping,Clothing & Apparel
Women's Fashion (Singapore),Expense,Shopping,Clothing & Apparel
Yoga & Climbing Apparel,Expense,Shopping,Clothing & Apparel
Yoga & Outdoor Apparel,Expense,Shopping,Clothing & Apparel
Yoga Mats & Apparel,Expense,Shopping,Clothing & Apparel
Youth Fashion (Inditex),Expense,Shopping,Clothing & Apparel
Party Supply Retailer,Expense,Shopping,Discount Stores
360 Camera,Expense,Shopping,Electronics
360° Camera,Expense,Shopping,Electronics
3D Printers,Expense,Shopping,Electronics
3D Printers & Electronics,Expense,Shopping,Electronics
3D Printers (Czech),Expense,Shopping,Electronics
Action Camera,Expense,Shopping,Electronics
Apple Accessories,Expense,Shopping,Electronics
Audio & AV Equipment,Expense,Shopping,Electronics
Audio & DJ Equipment,Expense,Shopping,Electronics
Audio Brand (UK),Expense,Shopping,Electronics
Audio Equipment,Expense,Shopping,Electronics
Audio Equipment (France),Expense,Shopping,Electronics
Audio Equipment (Germany),Expense,Shopping,Electronics
Audio Equipment (Japan),Expense,Shopping,Electronics
Audio Equipment (UK),Expense,Shopping,Electronics
Audio Equipment Brand,Expense,Shopping,Electronics
Audio Equipment Manufacturer,Expense,Shopping,Electronics
Automobile Manufacturer,Expense,Shopping,Electronics
Bluetooth Tracker,Expense,Shopping,Electronics
Camera & Electronics,Expense,Shopping,Electronics
Camera & Imaging,Expense,Shopping,Electronics
Camera & Imaging (Japan),Expense,Shopping,Electronics
Camera & Imaging Manufacturer,Expense,Shopping,Electronics
Camera Bags & Accessories,Expense,Shopping,Electronics
Camera Gimbals,Expense,Shopping,Electronics
Camera Tripods & Accessories,Expense,Shopping,Electronics
Ceramic Grill,Expense,Shopping,Electronics
Charging & Audio Accessories,Expense,Shopping,Electronics
Coffee & Kitchen Appliances,Expense,Shopping,Electronics
Coffee Machine,Expense,Shopping,Electronics
Computer & Electronics,Expense,Shopping,Electronics
Computer Hardware,Expense,Shopping,Electronics
Computer Hardware Manufacturer,Expense,Shopping,Electronics
Computer Manufacturer,Expense,Shopping,Electronics
Computer Peripherals,Expense,Shopping,Electronics
Consumer Electronics & Software,Expense,Shopping,Electronics
Consumer Electronics Retailer,Expense,Shopping,Electronics
Craft Cutting Machine,Expense,Shopping,Electronics
Custom Mechanical Keyboards,Expense,Shopping,Electronics
Custom Phone Cases,Expense,Shopping,Electronics
Display & Projector Manufacturer,Expense,Shopping,Electronics
Drawing Tablets,Expense,Shopping,Electronics
Drone & Camera Manufacturer,Expense,Shopping,Electronics
E-Ink Tablet,Expense,Shopping,Electronics
E-Reader (Amazon),Expense,Shopping,Electronics
Electric Vehicle & Energy Company,Expense,Shopping,Electronics
Electronics & Camera,Expense,Shopping,Electronics
Electronics & Camera Retailer,Expense,Shopping,Electronics
Electronics & Entertainment,Expense,Shopping,Electronics
Electronics & Media (France),Expense,Shopping,Electronics
Electronics (AU),Expense,Shopping,Electronics
Electronics (Australia),Expense,Shopping,Electronics
Electronics (China),Expense,Shopping,Electronics
Electronics (India),Expense,Shopping,Electronics
Electronics (Japan),Expense,Shopping,Electronics
Electronics (Korea),Expense,Shopping,Electronics
Electronics (Scandinavia),Expense,Shopping,Electronics
Electronics Conglomerate,Expense,Shopping,Electronics
Electronics Manufacturer,Expense,Shopping,Electronics
Electronics Retailer,Expense,Shopping,Electronics
Electronics Retailer (Australia),Expense,Shopping,Electronics
Electronics Retailer (EU),Expense,Shopping,Electronics
Electronics Retailer (France),Expense,Shopping,Electronics
Electronics Retailer (Germany),Expense,Shopping,Electronics
Electronics Retailer (UK),Expense,Shopping,Electronics
Flash Storage,Expense,Shopping,Electronics
GPU Manufacturer,Expense,Shopping,Electronics
Gaming & PC Components,Expense,Shopping,Electronics
Gaming Hardware,Expense,Shopping,Electronics
Gaming Peripherals,Expense,Shopping,Electronics
Gaming Peripherals Manufacturer,Expense,Shopping,Electronics
Grills & Outdoor Cooking,Expense,Shopping,Electronics
Handheld Stabilizer,Expense,Shopping,Electronics
Headphones & Audio,Expense,Shopping,Electronics
High-Performance Blender,Expense,Shopping,Electronics
Home Security System,Expense,Shopping,Electronics
Item Tracker,Expense,Shopping,Electronics
Keyboards & Audio,Expense,Shopping,Electronics
Kitchen Appliances,Expense,Shopping,Electronics
Mac & PC Hardware Retailer,Expense,Shopping,Electronics
Mac Docks & Storage,Expense,Shopping,Electronics
Mac Hardware & Upgrades,Expense,Shopping,Electronics
Mechanical Keyboards,Expense,Shopping,Electronics
Memory & Storage,Expense,Shopping,Electronics
Mesh WiFi,Expense,Shopping,Electronics
Mesh WiFi (Netgear),Expense,Shopping,Electronics
Mesh WiFi System (Amazon),Expense,Shopping,Electronics
Microphones & Audio,Expense,Shopping,Electronics
Microphones (Australia),Expense,Shopping,Electronics
Mobile Chipset,Expense,Shopping,Electronics
Multi-Cooker,Expense,Shopping,Electronics
Networking Equipment,Expense,Shopping,Electronics
Networking Equipment Manufacturer,Expense,Shopping,Electronics
Office Equipment,Expense,Shopping,Electronics
Online Electronics Retailer,Expense,Shopping,Electronics
Phone Cases,Expense,Shopping,Electronics
Phone Cases & Protection,Expense,Shopping,Electronics
Phone Grip Accessories,Expense,Shopping,Electronics
Portable Chargers,Expense,Shopping,Electronics
Premium Audio (Denmark),Expense,Shopping,Electronics
Premium Audio (UK),Expense,Shopping,Electronics
Premium Home Appliances,Expense,Shopping,Electronics
Premium Tech Accessories,Expense,Shopping,Electronics
Printers & Copiers,Expense,Shopping,Electronics
Printers & Projectors,Expense,Shopping,Electronics
Printers & Sewing Machines,Expense,Shopping,Electronics
Robot Vacuum,Expense,Shopping,Electronics
Screen Protectors & Accessories,Expense,Shopping,Electronics
Semiconductor & GPU Manufacturer,Expense,Shopping,Electronics
Semiconductor Manufacturer,Expense,Shopping,Electronics
Smart Home (Google),Expense,Shopping,Electronics
Smart Home Devices,Expense,Shopping,Electronics
Smart Home Security,Expense,Shopping,Electronics
Smart Lighting,Expense,Shopping,Electronics
Smart Lock,Expense,Shopping,Electronics
Smart TV (Amazon),Expense,Shopping,Electronics
Smart TV Platform,Expense,Shopping,Electronics
Smart Thermostat,Expense,Shopping,Electronics
Smartphone,Expense,Shopping,Electronics
Smartphone (China),Expense,Shopping,Electronics
Smartphone Brand (China),Expense,Shopping,Electronics
Software & Hardware,Expense,Shopping,Electronics
Software & Hardware Company,Expense,Shopping,Electronics
Speakers (UK),Expense,Shopping,Electronics
Storage Devices,Expense,Shopping,Electronics
Streaming Device,Expense,Shopping,Electronics
Streaming Device (Google),Expense,Shopping,Electronics
Streaming Equipment,Expense,Shopping,Electronics
TV & Electronics (China),Expense,Shopping,Electronics
TV Brand,Expense,Shopping,Electronics
Tablet & Laptop,Expense,Shopping,Electronics
Tablet (Apple),Expense,Shopping,Electronics
Tablet (Samsung),Expense,Shopping,Electronics
Tech Accessories,Expense,Shopping,Electronics
Tech Brand (UK),Expense,Shopping,Electronics
Toy Manufacturer,Expense,Shopping,Electronics
USB & Studio Microphones,Expense,Shopping,Electronics
USB-C Accessories,Expense,Shopping,Electronics
VR Headset,Expense,Shopping,Electronics
VR Headset (Sony),Expense,Shopping,Electronics
Vacuum & Home,Expense,Shopping,Electronics
Video Game Retailer,Expense,Shopping,Electronics
Video Monitors & Recorders,Expense,Shopping,Electronics
Video Production Equipment,Expense,Shopping,Electronics
Wireless Earbuds,Expense,Shopping,Electronics
Wireless Speakers & Audio,Expense,Shopping,Electronics
Wood Pellet Grills,Expense,Shopping,Electronics
100-Yen Store (Japan),Expense,Shopping,General Retail
Arts & Crafts Retailer,Expense,Shopping,General Retail
B2B Online Marketplace,Expense,Shopping,General Retail
Computer Parts Retailer,Expense,Shopping,General Retail
Dairy Products Store,Expense,Shopping,General Retail
Department Store,Expense,Shopping,General Retail
Department Store (AU),Expense,Shopping,General Retail
Department Store (Australia),Expense,Shopping,General Retail
Department Store (Chile),Expense,Shopping,General Retail
Department Store (France),Expense,Shopping,General Retail
Department Store (Germany),Expense,Shopping,General Retail
Department Store (Italy),Expense,Shopping,General Retail
Department Store (Japan),Expense,Shopping,General Retail
Department Store (Japan/Asia),Expense,Shopping,General Retail
Department Store (Korea),Expense,Shopping,General Retail
Department Store (Mexico),Expense,Shopping,General Retail
Department Store (UK),Expense,Shopping,General Retail
Digital Content Store,Expense,Shopping,General Retail
Discount Department,Expense,Shopping,General Retail
Discount Fashion & Home (UK),Expense,Shopping,General Retail
Discount Retailer,Expense,Shopping,General Retail
Discount Retailer (Under $5),Expense,Shopping,General Retail
Discount Variety (AU),Expense,Shopping,General Retail
Discount Variety (Netherlands),Expense,Shopping,General Retail
Discount Variety (UK),Expense,Shopping,General Retail
Discount Variety Store,Expense,Shopping,General Retail
Dollar Store,Expense,Shopping,General Retail
Dollar Store Chain,Expense,Shopping,General Retail
E-Commerce (Brazil),Expense,Shopping,General Retail
E-Commerce (Korea),Expense,Shopping,General Retail
E-Commerce (Middle East),Expense,Shopping,General Retail
E-Commerce (Turkey),Expense,Shopping,General Retail
E-Commerce Platform (China),Expense,Shopping,General Retail
E-Commerce Platform (Korea),Expense,Shopping,General Retail
Fashion Accessories Retailer,Expense,Shopping,General Retail
Fashion E-Commerce (India),Expense,Shopping,General Retail
Fashion E-Commerce (Middle East),Expense,Shopping,General Retail
Fashion Resale (Gen Z),Expense,Shopping,General Retail
Fashion Resale Marketplace,Expense,Shopping,General Retail
Fast Fashion E-Commerce,Expense,Shopping,General Retail
General Merchandise Retailer,Expense,Shopping,General Retail
General Retail (Australia),Expense,Shopping,General Retail
Gift & Variety Store,Expense,Shopping,General Retail
Group-Buy E-Commerce (China),Expense,Shopping,General Retail
Handmade & Vintage Marketplace,Expense,Shopping,General Retail
Home Furnishings Retailer,Expense,Shopping,General Retail
Lifestyle Goods (Japan),Expense,Shopping,General Retail
Luxury Department,Expense,Shopping,General Retail
Luxury Department (Mexico),Expense,Shopping,General Retail
Luxury Department Store,Expense,Shopping,General Retail
Luxury Department Store (UK),Expense,Shopping,General Retail
Musical Instrument Marketplace,Expense,Shopping,General Retail
Off-Price Department,Expense,Shopping,General Retail
Off-Price Department Store,Expense,Shopping,General Retail
Off-Price Home,Expense,Shopping,General Retail
Off-Price Home Furnishings,Expense,Shopping,General Retail
Off-Price Luxury,Expense,Shopping,General Retail
Online Auction & Marketplace,Expense,Shopping,General Retail
Online Deals & Coupons,Expense,Shopping,General Retail
Online Discount Marketplace,Expense,Shopping,General Retail
Online Discount Retailer,Expense,Shopping,General Retail
Online Home Goods,Expense,Shopping,General Retail
Online Home Goods Retailer,Expense,Shopping,General Retail
Online Marketplace,Expense,Shopping,General Retail
Online Marketplace (Africa),Expense,Shopping,General Retail
Online Marketplace (China),Expense,Shopping,General Retail
Online Marketplace (India),Expense,Shopping,General Retail
Online Marketplace (Indonesia),Expense,Shopping,General Retail
Online Marketplace (Japan),Expense,Shopping,General Retail
Online Marketplace (Korea),Expense,Shopping,General Retail
Online Marketplace (Latin Am),Expense,Shopping,General Retail
Online Marketplace (SE Asia),Expense,Shopping,General Retail
Online Marketplace (South Africa),Expense,Shopping,General Retail
Online Thrift Store,Expense,Shopping,General Retail
Peer-to-Peer Marketplace,Expense,Shopping,General Retail
Premium E-Commerce (China),Expense,Shopping,General Retail
Retail & E-Commerce (Brazil),Expense,Shopping,General Retail
Shopping & Entertainment Complex,Expense,Shopping,General Retail
Sneaker & Streetwear Marketplace,Expense,Shopping,General Retail
Sneaker Marketplace,Expense,Shopping,General Retail
Social Commerce (India),Expense,Shopping,General Retail
Supercenter & General Merchandise,Expense,Shopping,General Retail
Upscale Department Store,Expense,Shopping,General Retail
Value Retailer (South Africa),Expense,Shopping,General Retail
Variety Store (Denmark),Expense,Shopping,General Retail
Variety Store (Netherlands),Expense,Shopping,General Retail
Variety Store Chain,Expense,Shopping,General Retail
Variety Store Chain (China),Expense,Shopping,General Retail
Adjustable Mattress,Expense,Shopping,Home & Garden
Air Filter Manufacturer,Expense,Shopping,Home & Garden
Air Purifier Manufacturer,Expense,Shopping,Home & Garden
American-Made Furniture,Expense,Shopping,Home & Garden
Appliance Retailer,Expense,Shopping,Home & Garden
Artisan Home Furnishings,Expense,Shopping,Home & Garden
Bamboo Bedding,Expense,Shopping,Home & Garden
Bohemian Fashion,Expense,Shopping,Home & Garden
Bohemian Home Décor,Expense,Shopping,Home & Garden
Candle & Home Fragrance,Expense,Shopping,Home & Garden
Candles & Fragrance,Expense,Shopping,Home & Garden
Cast Iron Cookware,Expense,Shopping,Home & Garden
Cookware & Bakeware,Expense,Shopping,Home & Garden
DTC Bedding,Expense,Shopping,Home & Garden
DTC Bedding & Bath,Expense,Shopping,Home & Garden
DTC Mattress,Expense,Shopping,Home & Garden
DTC Modern Furniture,Expense,Shopping,Home & Garden
DTC Sofa & Furniture,Expense,Shopping,Home & Garden
Discount Furniture,Expense,Shopping,Home & Garden
Discount Grocery & Retail,Expense,Shopping,Home & Garden
Discount Tool Store,Expense,Shopping,Home & Garden
Farm & Garden,Expense,Shopping,Home & Garden
Farm & Ranch Retailer,Expense,Shopping,Home & Garden
Furniture,Expense,Shopping,Home & Garden
Furniture & Appliance Store,Expense,Shopping,Home & Garden
Furniture & Appliances,Expense,Shopping,Home & Garden
Furniture & Electronics,Expense,Shopping,Home & Garden
Furniture & Home Goods,Expense,Shopping,Home & Garden
Furniture & Home Goods Retailer,Expense,Shopping,Home & Garden
Furniture Retailer,Expense,Shopping,Home & Garden
Furniture Store,Expense,Shopping,Home & Garden
Garden & Home,Expense,Shopping,Home & Garden
Garden Center,Expense,Shopping,Home & Garden
Garden Retailer,Expense,Shopping,Home & Garden
Gifts & Stationery,Expense,Shopping,Home & Garden
Global Home & Food,Expense,Shopping,Home & Garden
Greeting Cards & Gifts,Expense,Shopping,Home & Garden
Hardware Store,Expense,Shopping,Home & Garden
Home & Garden (UK),Expense,Shopping,Home & Garden
Home & Lifestyle (UK),Expense,Shopping,Home & Garden
Home Decor,Expense,Shopping,Home & Garden
Home Decor & Furniture,Expense,Shopping,Home & Garden
Home Décor & Furniture,Expense,Shopping,Home & Garden
Home Décor (France),Expense,Shopping,Home & Garden
Home Décor Superstore,Expense,Shopping,Home & Garden
Home Furnishings,Expense,Shopping,Home & Garden
Home Furnishings (Denmark/EU),Expense,Shopping,Home & Garden
Home Furnishings Retailer,Expense,Shopping,Home & Garden
Home Goods Retailer,Expense,Shopping,Home & Garden
Home Improvement (France/EU),Expense,Shopping,Home & Garden
Home Improvement (Germany),Expense,Shopping,Home & Garden
Home Improvement (UK),Expense,Shopping,Home & Garden
Home Improvement Retailer,Expense,Shopping,Home & Garden
Home Textiles,Expense,Shopping,Home & Garden
Home Textiles & Furnishings (UK),Expense,Shopping,Home & Garden
Home Textiles (Inditex),Expense,Shopping,Home & Garden
Kids Furniture,Expense,Shopping,Home & Garden
Kids Furniture & Décor,Expense,Shopping,Home & Garden
Kitchen & Cookware,Expense,Shopping,Home & Garden
Kitchen & Home,Expense,Shopping,Home & Garden
Kitchen Appliances & Cookware,Expense,Shopping,Home & Garden
Kitchen Tools & Gadgets,Expense,Shopping,Home & Garden
Lawn & Garden Products,Expense,Shopping,Home & Garden
Lifestyle Retail,Expense,Shopping,Home & Garden
Luxury Home Furnishings,Expense,Shopping,Home & Garden
Mattress Retailer,Expense,Shopping,Home & Garden
Mid-Century Modern Furniture,Expense,Shopping,Home & Garden
Modern Furniture,Expense,Shopping,Home & Garden
Modern Home,Expense,Shopping,Home & Garden
Modern Home Furnishings,Expense,Shopping,Home & Garden
Modern Home Furnishings (UK),Expense,Shopping,Home & Garden
Modular Furniture,Expense,Shopping,Home & Garden
Office Furniture,Expense,Shopping,Home & Garden
Organization Retailer,Expense,Shopping,Home & Garden
Personalized Gifts,Expense,Shopping,Home & Garden
Portable Air Cooler Brand,Expense,Shopping,Home & Garden
Premium Bedding,Expense,Shopping,Home & Garden
Premium Candles,Expense,Shopping,Home & Garden
Premium Cookware,Expense,Shopping,Home & Garden
Premium Cookware (French),Expense,Shopping,Home & Garden
Premium Mattress,Expense,Shopping,Home & Garden
Premium Office Furniture,Expense,Shopping,Home & Garden
Seed & Garden Company,Expense,Shopping,Home & Garden
Seed Company,Expense,Shopping,Home & Garden
Stationery & Gifts,Expense,Shopping,Home & Garden
Storage & Organization,Expense,Shopping,Home & Garden
Sustainable Bedding,Expense,Shopping,Home & Garden
Tools & Hardware Store,Expense,Shopping,Home & Garden
Trade Supplies (UK),Expense,Shopping,Home & Garden
Upholstery,Expense,Shopping,Home & Garden
Water & Coffee Delivery,Expense,Shopping,Home & Garden
Water Delivery & Dispensers,Expense,Shopping,Home & Garden
Water Delivery Service,Expense,Shopping,Home & Garden
Wholesale Club,Expense,Shopping,Home & Garden
Window & Door Manufacturer,Expense,Shopping,Home & Garden
Acrylic Paint,Expense,Shopping,Office Supplies
Art & Writing (Germany),Expense,Shopping,Office Supplies
Art Markers (Japan),Expense,Shopping,Office Supplies
Art Pencils (UK),Expense,Shopping,Office Supplies
Art Supplies (Japan),Expense,Shopping,Office Supplies
Art Supplies (UK),Expense,Shopping,Office Supplies
Art Supply Store,Expense,Shopping,Office Supplies
Business Printing,Expense,Shopping,Office Supplies
Colored Pencils,Expense,Shopping,Office Supplies
Custom Printing & Marketing,Expense,Shopping,Office Supplies
Fountain Pens (Japan),Expense,Shopping,Office Supplies
Fountain Pens (Taiwan),Expense,Shopping,Office Supplies
Luxury Writing Instruments,Expense,Shopping,Office Supplies
Minimal Stationery,Expense,Shopping,Office Supplies
Office Supplies (B2B EU),Expense,Shopping,Office Supplies
Office Supplies (France),Expense,Shopping,Office Supplies
Office Supplies (Japan),Expense,Shopping,Office Supplies
Office Supplies (UK/EU),Expense,Shopping,Office Supplies
Office Supply,Expense,Shopping,Office Supplies
Office Supply Retailer,Expense,Shopping,Office Supplies
Online Office Supplies,Expense,Shopping,Office Supplies
Photo Printing & Gifts,Expense,Shopping,Office Supplies
Premium Notebooks,Expense,Shopping,Office Supplies
Premium Notebooks (Germany),Expense,Shopping,Office Supplies
Premium Paper & Notebooks (France),Expense,Shopping,Office Supplies
Printing & Shipping,Expense,Shopping,Office Supplies
Stationery & Office (UK),Expense,Shopping,Office Supplies
Stationery (Japan),Expense,Shopping,Office Supplies
Writing Instruments,Expense,Shopping,Office Supplies
Writing Instruments (Germany),Expense,Shopping,Office Supplies
Writing Instruments (Japan),Expense,Shopping,Office Supplies
Event Ticket Marketplace,Expense,Shopping,Online Marketplace
Online Deals & Coupons,Expense,Shopping,Online Marketplace
Dehydrated Pet Food,Expense,Shopping,Pet Supplies
Dog Daycare & Boarding,Expense,Shopping,Pet Supplies
Dog Daycare Chain,Expense,Shopping,Pet Supplies
Dog Subscription Box,Expense,Shopping,Pet Supplies
Dog Walking App,Expense,Shopping,Pet Supplies
Emergency Vet,Expense,Shopping,Pet Supplies
Fresh Dog Food,Expense,Shopping,Pet Supplies
Fresh Dog Food Delivery,Expense,Shopping,Pet Supplies
Fresh Pet Food,Expense,Shopping,Pet Supplies
Mobile Veterinary,Expense,Shopping,Pet Supplies
Natural Pet Food,Expense,Shopping,Pet Supplies
Online Pet Supply,Expense,Shopping,Pet Supplies
Online Pet Supply (AU),Expense,Shopping,Pet Supplies
Online Pet Supply (EU),Expense,Shopping,Pet Supplies
Online Pet Supply Retailer,Expense,Shopping,Pet Supplies
Online Vet Consultation,Expense,Shopping,Pet Supplies
Pet Food Brand,Expense,Shopping,Pet Supplies
Pet Insurance,Expense,Shopping,Pet Supplies
Pet Sitting & Walking App,Expense,Shopping,Pet Supplies
Pet Supply (Australia),Expense,Shopping,Pet Supplies
Pet Supply (EU),Expense,Shopping,Pet Supplies
Pet Supply (Germany),Expense,Shopping,Pet Supplies
Pet Supply (HK),Expense,Shopping,Pet Supplies
Pet Supply (UK),Expense,Shopping,Pet Supplies
Pet Supply Retailer,Expense,Shopping,Pet Supplies
Pet Wellness Plan,Expense,Shopping,Pet Supplies
Premium Pet Food,Expense,Shopping,Pet Supplies
Raw & Natural Pet Food,Expense,Shopping,Pet Supplies
Sustainable Pet Food,Expense,Shopping,Pet Supplies
Veterinary Chain,Expense,Shopping,Pet Supplies
Veterinary Clinic,Expense,Shopping,Pet Supplies
Veterinary Clinic Chain,Expense,Shopping,Pet Supplies
Alpine Clothing (UK),Expense,Shopping,Sporting Goods
American Wool Socks,Expense,Shopping,Sporting Goods
Athletic Apparel (Yoga),Expense,Shopping,Sporting Goods
Athletic Footwear & Apparel,Expense,Shopping,Sporting Goods
Backpacks,Expense,Shopping,Sporting Goods
Backpacks & Travel,Expense,Shopping,Sporting Goods
Backpacks (Germany),Expense,Shopping,Sporting Goods
Barefoot Shoes (UK),Expense,Shopping,Sporting Goods
Baseball & Hockey Equipment,Expense,Shopping,Sporting Goods
Baseball Bats,Expense,Shopping,Sporting Goods
Baseball Equipment,Expense,Shopping,Sporting Goods
Boating Camping Fishing (AU),Expense,Shopping,Sporting Goods
Camp Stoves,Expense,Shopping,Sporting Goods
Camping & Mountaineering Gear,Expense,Shopping,Sporting Goods
Camping Cookware,Expense,Shopping,Sporting Goods
Climbing & Headlamps (France),Expense,Shopping,Sporting Goods
Climbing & Mountain Shoes,Expense,Shopping,Sporting Goods
Climbing & Skiing Gear,Expense,Shopping,Sporting Goods
Climbing Shoes,Expense,Shopping,Sporting Goods
Climbing Shoes (Adidas),Expense,Shopping,Sporting Goods
Commercial Fitness Equipment,Expense,Shopping,Sporting Goods
Connected Fitness Equipment,Expense,Shopping,Sporting Goods
Coolers & Drinkware,Expense,Shopping,Sporting Goods
CrossFit & Weightlifting Equipment,Expense,Shopping,Sporting Goods
Discount Sports (UK),Expense,Shopping,Sporting Goods
Fishing & Surf Apparel,Expense,Shopping,Sporting Goods
Fitness Equipment (Italy),Expense,Shopping,Sporting Goods
Golf Equipment,Expense,Shopping,Sporting Goods
Golf Retailer,Expense,Shopping,Sporting Goods
Headwear & Neckwear (Spain),Expense,Shopping,Sporting Goods
Hockey Equipment,Expense,Shopping,Sporting Goods
Hockey Retailer,Expense,Shopping,Sporting Goods
Home Fitness Equipment,Expense,Shopping,Sporting Goods
Hydration Products,Expense,Shopping,Sporting Goods
Insulated Water Bottles,Expense,Shopping,Sporting Goods
Japanese Outdoor Brand,Expense,Shopping,Sporting Goods
Merino Socks,Expense,Shopping,Sporting Goods
Merino Socks (Vermont),Expense,Shopping,Sporting Goods
Merino Wool (NZ),Expense,Shopping,Sporting Goods
Merino Wool Apparel,Expense,Shopping,Sporting Goods
Minimalist Footwear,Expense,Shopping,Sporting Goods
Mountain Footwear (Italy),Expense,Shopping,Sporting Goods
Mountain Sports (Switzerland),Expense,Shopping,Sporting Goods
Multi-Sport Equipment,Expense,Shopping,Sporting Goods
Natural Running Shoes,Expense,Shopping,Sporting Goods
Outdoor & Camping (Japan),Expense,Shopping,Sporting Goods
Outdoor & Sporting Goods,Expense,Shopping,Sporting Goods
Outdoor (Nepal),Expense,Shopping,Sporting Goods
Outdoor Apparel,Expense,Shopping,Sporting Goods
Outdoor Casual,Expense,Shopping,Sporting Goods
Outdoor Coolers & Drinkware,Expense,Shopping,Sporting Goods
Outdoor Gear,Expense,Shopping,Sporting Goods
Outdoor Gear & Apparel,Expense,Shopping,Sporting Goods
Outdoor Gear (Australia),Expense,Shopping,Sporting Goods
Outdoor Gear (NZ/AU),Expense,Shopping,Sporting Goods
Outdoor Gear (Sustainable),Expense,Shopping,Sporting Goods
Premium Running (France),Expense,Shopping,Sporting Goods
Running & Meditation,Expense,Shopping,Sporting Goods
Skateboard Shop,Expense,Shopping,Sporting Goods
Sleeping Pads,Expense,Shopping,Sporting Goods
Sporting Goods,Expense,Shopping,Sporting Goods
Sporting Goods (Australia),Expense,Shopping,Sporting Goods
Sporting Goods (Canada),Expense,Shopping,Sporting Goods
Sporting Goods (EU),Expense,Shopping,Sporting Goods
Sporting Goods (France/Global),Expense,Shopping,Sporting Goods
Sporting Goods (Scandinavia),Expense,Shopping,Sporting Goods
Sporting Goods (Sweden),Expense,Shopping,Sporting Goods
Sporting Goods Retailer,Expense,Shopping,Sporting Goods
Sportswear Retailer (UK),Expense,Shopping,Sporting Goods
Sustainable Activewear,Expense,Shopping,Sporting Goods
Sustainable Casual,Expense,Shopping,Sporting Goods
Sustainable Outdoor,Expense,Shopping,Sporting Goods
Team Sports Equipment,Expense,Shopping,Sporting Goods
Tennis Equipment,Expense,Shopping,Sporting Goods
Tents & Camping,Expense,Shopping,Sporting Goods
Tents & Sleep,Expense,Shopping,Sporting Goods
Tents & Sleeping Bags,Expense,Shopping,Sporting Goods
Trail Running (UK),Expense,Shopping,Sporting Goods
Trail Running Apparel,Expense,Shopping,Sporting Goods
Travel & Outdoor Apparel,Expense,Shopping,Sporting Goods
Travel & Outdoor Gear (AU),Expense,Shopping,Sporting Goods
Travel Apparel,Expense,Shopping,Sporting Goods
Women's Running Apparel,Expense,Shopping,Sporting Goods
Zero-Drop Running Shoes,Expense,Shopping,Sporting Goods
Beauty Subscription Box,Expense,Subscriptions,Media & Lifestyle
Book Summary Service,Expense,Subscriptions,Media & Lifestyle
DVD/Video Software,Expense,Subscriptions,Media & Lifestyle
Digital Product Marketplace,Expense,Subscriptions,Media & Lifestyle
Direct-to-Consumer Cookware,Expense,Subscriptions,Media & Lifestyle
E-Book Reading Service,Expense,Subscriptions,Media & Lifestyle
News & Journalism Subscription,Expense,Subscriptions,Media & Lifestyle
Skincare Subscription,Expense,Subscriptions,Media & Lifestyle
Automotive Parts Manufacturer,Expense,Technology,Hardware
Radio Communications Equipment,Expense,Technology,Hardware
AI & Machine Learning,Expense,Technology,Software & SaaS
AI Content Generation,Expense,Technology,Software & SaaS
AI Image Generation,Expense,Technology,Software & SaaS
AI Photo Editor,Expense,Technology,Software & SaaS
AI Research,Expense,Technology,Software & SaaS
AI Writing Assistant,Expense,Technology,Software & SaaS
API Development,Expense,Technology,Software & SaaS
Accounting Software,Expense,Technology,Software & SaaS
All-in-One Doc,Expense,Technology,Software & SaaS
Animation Design Tool,Expense,Technology,Software & SaaS
Anti-Malware Software,Expense,Technology,Software & SaaS
Application Monitoring,Expense,Technology,Software & SaaS
Artificial Intelligence Research,Expense,Technology,Software & SaaS
Async Video Messaging,Expense,Technology,Software & SaaS
Blogging & CMS,Expense,Technology,Software & SaaS
Business Communication (Tencent),Expense,Technology,Software & SaaS
Business Software Suite,Expense,Technology,Software & SaaS
CAD & Design Software,Expense,Technology,Software & SaaS
CDN & Edge Computing,Expense,Technology,Software & SaaS
CDN & Security,Expense,Technology,Software & SaaS
CDN & Web Security,Expense,Technology,Software & SaaS
CRM & Cloud Platform,Expense,Technology,Software & SaaS
CRM & Marketing,Expense,Technology,Software & SaaS
CRM Platform,Expense,Technology,Software & SaaS
Cloud Computing,Expense,Technology,Software & SaaS
Cloud Computing (Amazon),Expense,Technology,Software & SaaS
Cloud Data Platform,Expense,Technology,Software & SaaS
Cloud Infrastructure,Expense,Technology,Software & SaaS
Cloud Platform,Expense,Technology,Software & SaaS
Cloud Security Platform,Expense,Technology,Software & SaaS
Cloud Storage,Expense,Technology,Software & SaaS
Cloud Storage & Collaboration,Expense,Technology,Software & SaaS
Code Hosting & Collaboration,Expense,Technology,Software & SaaS
Code Hosting (Atlassian),Expense,Technology,Software & SaaS
Collaboration (China),Expense,Technology,Software & SaaS
Collaboration Suite (ByteDance),Expense,Technology,Software & SaaS
Communication APIs,Expense,Technology,Software & SaaS
Communication Platform,Expense,Technology,Software & SaaS
Container Orchestration,Expense,Technology,Software & SaaS
Container Platform,Expense,Technology,Software & SaaS
Content Delivery Network,Expense,Technology,Software & SaaS
Creative & Document Software,Expense,Technology,Software & SaaS
Customer Data Platform,Expense,Technology,Software & SaaS
Customer Engagement,Expense,Technology,Software & SaaS
Customer Messaging,Expense,Technology,Software & SaaS
Customer Service Platform,Expense,Technology,Software & SaaS
Cybersecurity (Japan),Expense,Technology,Software & SaaS
Cybersecurity (Slovakia),Expense,Technology,Software & SaaS
Cybersecurity (UK),Expense,Technology,Software & SaaS
Cybersecurity Software,Expense,Technology,Software & SaaS
Data Analytics & Monitoring,Expense,Technology,Software & SaaS
Design Collaboration,Expense,Technology,Software & SaaS
Design Version Control,Expense,Technology,Software & SaaS
Design-to-Dev Handoff,Expense,Technology,Software & SaaS
DevOps Platform,Expense,Technology,Software & SaaS
Developer IDE (Microsoft),Expense,Technology,Software & SaaS
Developer IDEs,Expense,Technology,Software & SaaS
Developer Tools & IDEs,Expense,Technology,Software & SaaS
Diagramming Tool,Expense,Technology,Software & SaaS
Digital Art App (iPad),Expense,Technology,Software & SaaS
Digital Banking,Expense,Technology,Software & SaaS
Digital Experience Analytics,Expense,Technology,Software & SaaS
Document App (Apple),Expense,Technology,Software & SaaS
Domain & Hosting,Expense,Technology,Software & SaaS
Domain & Web Hosting,Expense,Technology,Software & SaaS
Domain & Web Hosting Provider,Expense,Technology,Software & SaaS
E-Commerce (WordPress),Expense,Technology,Software & SaaS
E-Commerce Email Marketing,Expense,Technology,Software & SaaS
E-Commerce Platform,Expense,Technology,Software & SaaS
Electronic Signature Platform,Expense,Technology,Software & SaaS
Email Delivery,Expense,Technology,Software & SaaS
Email Marketing,Expense,Technology,Software & SaaS
Email Marketing & CRM,Expense,Technology,Software & SaaS
Email Marketing (E-Commerce),Expense,Technology,Software & SaaS
Email for Creators,Expense,Technology,Software & SaaS
Encrypted Email Service,Expense,Technology,Software & SaaS
Endpoint Security,Expense,Technology,Software & SaaS
Enterprise Cloud Storage,Expense,Technology,Software & SaaS
Enterprise Software & Cloud,Expense,Technology,Software & SaaS
Enterprise Technology & Consulting,Expense,Technology,Software & SaaS
Financial Software (TurboTax/QB),Expense,Technology,Software & SaaS
Free Accounting,Expense,Technology,Software & SaaS
Frontend Cloud Platform,Expense,Technology,Software & SaaS
Graphic Design Platform,Expense,Technology,Software & SaaS
Growth Marketing Platform,Expense,Technology,Software & SaaS
HR & Finance Cloud Software,Expense,Technology,Software & SaaS
Image Editing Software,Expense,Technology,Software & SaaS
Incident Management,Expense,Technology,Software & SaaS
Infrastructure as Code,Expense,Technology,Software & SaaS
Interactive Design Tool,Expense,Technology,Software & SaaS
International Money Transfer,Expense,Technology,Software & SaaS
Invoicing & Accounting,Expense,Technology,Software & SaaS
Issue Tracking (Atlassian),Expense,Technology,Software & SaaS
Issue Tracking for Engineers,Expense,Technology,Software & SaaS
Job & Company Reviews,Expense,Technology,Software & SaaS
Job Posting Platform,Expense,Technology,Software & SaaS
Job Search Platform,Expense,Technology,Software & SaaS
Knowledge Graph App,Expense,Technology,Software & SaaS
Knowledge Management App,Expense,Technology,Software & SaaS
Long-Form Writing Software,Expense,Technology,Software & SaaS
Markdown Notes App,Expense,Technology,Software & SaaS
Marketing Analytics Platform,Expense,Technology,Software & SaaS
Minimalist Writing App,Expense,Technology,Software & SaaS
Monitoring & Analytics,Expense,Technology,Software & SaaS
Networked Note-Taking,Expense,Technology,Software & SaaS
Networking & IT Infrastructure,Expense,Technology,Software & SaaS
Newsletter & Publishing,Expense,Technology,Software & SaaS
Newsletter Platform,Expense,Technology,Software & SaaS
Newsletter Tool,Expense,Technology,Software & SaaS
No-Code App Builder,Expense,Technology,Software & SaaS
No-Code Mobile App Builder,Expense,Technology,Software & SaaS
No-Code Website Builder,Expense,Technology,Software & SaaS
Note-Taking App,Expense,Technology,Software & SaaS
Note-Taking Application,Expense,Technology,Software & SaaS
Online Graphic Design Platform,Expense,Technology,Software & SaaS
Online Payment Platform,Expense,Technology,Software & SaaS
P2P Bank Transfer,Expense,Technology,Software & SaaS
P2P Payment,Expense,Technology,Software & SaaS
P2P Payment & Banking,Expense,Technology,Software & SaaS
Password Manager,Expense,Technology,Software & SaaS
Payment & POS,Expense,Technology,Software & SaaS
Payment Processing,Expense,Technology,Software & SaaS
Photo Editing Software,Expense,Technology,Software & SaaS
Photo Editor (Mac),Expense,Technology,Software & SaaS
Photo Management,Expense,Technology,Software & SaaS
Product Analytics,Expense,Technology,Software & SaaS
Productivity & Notes,Expense,Technology,Software & SaaS
Productivity & Project Management,Expense,Technology,Software & SaaS
Productivity Suite,Expense,Technology,Software & SaaS
Professional Networking,Expense,Technology,Software & SaaS
Professional Networking Platform,Expense,Technology,Software & SaaS
Project Management,Expense,Technology,Software & SaaS
Project Management (Kanban),Expense,Technology,Software & SaaS
Prototyping Tool,Expense,Technology,Software & SaaS
Publishing Platform,Expense,Technology,Software & SaaS
Scheduling Platform,Expense,Technology,Software & SaaS
Screenwriting Software,Expense,Technology,Software & SaaS
Search Engine & Technology,Expense,Technology,Software & SaaS
Simple One-Page Websites,Expense,Technology,Software & SaaS
Smart Home & Garage Technology,Expense,Technology,Software & SaaS
Spreadsheet-Database Hybrid,Expense,Technology,Software & SaaS
Task Management App,Expense,Technology,Software & SaaS
Team Collaboration,Expense,Technology,Software & SaaS
Team Collaboration Software,Expense,Technology,Software & SaaS
Team Messaging,Expense,Technology,Software & SaaS
Team Messaging Platform,Expense,Technology,Software & SaaS
Team Wiki (Atlassian),Expense,Technology,Software & SaaS
Technology Platform,Expense,Technology,Software & SaaS
UI Design Tool,Expense,Technology,Software & SaaS
UI Design Tool (Mac),Expense,Technology,Software & SaaS
User Testing Platform,Expense,Technology,Software & SaaS
Vector Design Software,Expense,Technology,Software & SaaS
Video Conferencing,Expense,Technology,Software & SaaS
Video Conferencing (Cisco),Expense,Technology,Software & SaaS
Video Conferencing Platform,Expense,Technology,Software & SaaS
Video Editing (Apple),Expense,Technology,Software & SaaS
Video Editing Software,Expense,Technology,Software & SaaS
Virtual Office,Expense,Technology,Software & SaaS
Virtual Private Network,Expense,Technology,Software & SaaS
Virtualization Software,Expense,Technology,Software & SaaS
Visual Collaboration,Expense,Technology,Software & SaaS
Web Deployment Platform,Expense,Technology,Software & SaaS
Web Design Platform,Expense,Technology,Software & SaaS
Web Hosting,Expense,Technology,Software & SaaS
Website Analytics & Heatmaps,Expense,Technology,Software & SaaS
Website Builder,Expense,Technology,Software & SaaS
Website Builder Platform,Expense,Technology,Software & SaaS
Whiteboard (Figma),Expense,Technology,Software & SaaS
Whiteboard Tool,Expense,Technology,Software & SaaS
Wireframes & Flowcharts,Expense,Technology,Software & SaaS
Work Management Platform,Expense,Technology,Software & SaaS
Work Platform (Alibaba),Expense,Technology,Software & SaaS
Writing & Publishing Platform,Expense,Technology,Software & SaaS
Writing App (Mac/iOS),Expense,Technology,Software & SaaS
Cybersecurity & Antivirus,Expense,Technology,VPN & Privacy
Password Manager,Expense,Technology,VPN & Privacy
Virtual Private Network,Expense,Technology,VPN & Privacy
Auto Body Repair,Expense,Transportation,Car Service & Parts
Auto Detailing & Protection,Expense,Transportation,Car Service & Parts
Auto Glass Repair,Expense,Transportation,Car Service & Parts
Auto Paint & Collision,Expense,Transportation,Car Service & Parts
Auto Parts & Cycling (UK),Expense,Transportation,Car Service & Parts
Auto Parts & Service,Expense,Transportation,Car Service & Parts
Auto Parts & Service (Germany),Expense,Transportation,Car Service & Parts
Auto Parts (Germany),Expense,Transportation,Car Service & Parts
Auto Parts Retailer,Expense,Transportation,Car Service & Parts
Auto Repair,Expense,Transportation,Car Service & Parts
Auto Repair & Muffler,Expense,Transportation,Car Service & Parts
Auto Repair & Service,Expense,Transportation,Car Service & Parts
Auto Repair (Global),Expense,Transportation,Car Service & Parts
Auto Repair (UK),Expense,Transportation,Car Service & Parts
Auto Repair Chain,Expense,Transportation,Car Service & Parts
Auto Service (France),Expense,Transportation,Car Service & Parts
Auto Window Tinting,Expense,Transportation,Car Service & Parts
Automobile Dealer Service,Expense,Transportation,Car Service & Parts
Automobile Dealership,Expense,Transportation,Car Service & Parts
Automobile Manufacturer,Expense,Transportation,Car Service & Parts
Automobile Service Center,Expense,Transportation,Car Service & Parts
Brake & Auto Repair,Expense,Transportation,Car Service & Parts
Brake Repair Service,Expense,Transportation,Car Service & Parts
Car Wash,Expense,Transportation,Car Service & Parts
Car Wash & Gas,Expense,Transportation,Car Service & Parts
Car Wash Chain,Expense,Transportation,Car Service & Parts
Connected Car Service,Expense,Transportation,Car Service & Parts
Electric Vehicle Service,Expense,Transportation,Car Service & Parts
Oil Change,Expense,Transportation,Car Service & Parts
Oil Change & Auto,Expense,Transportation,Car Service & Parts
Oil Change & Auto Service,Expense,Transportation,Car Service & Parts
Oil Change Service,Expense,Transportation,Car Service & Parts
Paint Protection Film,Expense,Transportation,Car Service & Parts
Tire & Auto,Expense,Transportation,Car Service & Parts
Tire & Auto (Global),Expense,Transportation,Car Service & Parts
Tire & Auto Service,Expense,Transportation,Car Service & Parts
Tire & Auto Service (EU),Expense,Transportation,Car Service & Parts
Tire Manufacturer,Expense,Transportation,Car Service & Parts
Tire Manufacturer & Service,Expense,Transportation,Car Service & Parts
Tire Retailer,Expense,Transportation,Car Service & Parts
Transmission Repair,Expense,Transportation,Car Service & Parts
Convenience Store Gas,Expense,Transportation,Gas & Fuel
Gas & Convenience,Expense,Transportation,Gas & Fuel
Gas Station,Expense,Transportation,Gas & Fuel
Gas Station & Convenience,Expense,Transportation,Gas & Fuel
Gas Station & Convenience Store,Expense,Transportation,Gas & Fuel
Gas Station (Argentina),Expense,Transportation,Gas & Fuel
Gas Station (Asia-Pacific),Expense,Transportation,Gas & Fuel
Gas Station (Austria),Expense,Transportation,Gas & Fuel
Gas Station (Brazil),Expense,Transportation,Gas & Fuel
Gas Station (Chile),Expense,Transportation,Gas & Fuel
Gas Station (China),Expense,Transportation,Gas & Fuel
Gas Station (EU),Expense,Transportation,Gas & Fuel
Gas Station (France/Global),Expense,Transportation,Gas & Fuel
Gas Station (Germany),Expense,Transportation,Gas & Fuel
Gas Station (Germany/UK),Expense,Transportation,Gas & Fuel
Gas Station (Hungary),Expense,Transportation,Gas & Fuel
Gas Station (India),Expense,Transportation,Gas & Fuel
Gas Station (Indonesia),Expense,Transportation,Gas & Fuel
Gas Station (Italy),Expense,Transportation,Gas & Fuel
Gas Station (Japan),Expense,Transportation,Gas & Fuel
Gas Station (Korea),Expense,Transportation,Gas & Fuel
Gas Station (Kuwait/EU),Expense,Transportation,Gas & Fuel
Gas Station (Malaysia),Expense,Transportation,Gas & Fuel
Gas Station (Mexico),Expense,Transportation,Gas & Fuel
Gas Station (Poland),Expense,Transportation,Gas & Fuel
Gas Station (Portugal),Expense,Transportation,Gas & Fuel
Gas Station (Russia),Expense,Transportation,Gas & Fuel
Gas Station (Saudi),Expense,Transportation,Gas & Fuel
Gas Station (South Africa),Expense,Transportation,Gas & Fuel
Gas Station (Spain),Expense,Transportation,Gas & Fuel
Gas Station (Thailand),Expense,Transportation,Gas & Fuel
Gas Station (UAE),Expense,Transportation,Gas & Fuel
Gas Station (UK/EU),Expense,Transportation,Gas & Fuel
Grocery Store Gas,Expense,Transportation,Gas & Fuel
Truck Stop,Expense,Transportation,Gas & Fuel
Truck Stop & Travel Center,Expense,Transportation,Gas & Fuel
Wholesale Club Gas,Expense,Transportation,Gas & Fuel
Wholesale Club Gas Station,Expense,Transportation,Gas & Fuel
Atlanta Transit,Expense,Transportation,Public Transit
Bay Area Rapid Transit,Expense,Transportation,Public Transit
Berlin Transit,Expense,Transportation,Public Transit
Boston Transit Card,Expense,Transportation,Public Transit
California Toll,Expense,Transportation,Public Transit
Chicago Transit Card,Expense,Transportation,Public Transit
Commuter Rail (Chicago),Expense,Transportation,Public Transit
DC Metro Card,Expense,Transportation,Public Transit
Denmark Transit Card,Expense,Transportation,Public Transit
Denver Transit,Expense,Transportation,Public Transit
Electronic Toll Collection,Expense,Transportation,Public Transit
Florida Toll,Expense,Transportation,Public Transit
Hong Kong Transit,Expense,Transportation,Public Transit
Illinois Toll,Expense,Transportation,Public Transit
Japan Rail IC Card,Expense,Transportation,Public Transit
Korea Transit Card,Expense,Transportation,Public Transit
London Transit Card,Expense,Transportation,Public Transit
Massachusetts Transit,Expense,Transportation,Public Transit
Metropolitan Transit Authority,Expense,Transportation,Public Transit
Minneapolis Transit,Expense,Transportation,Public Transit
NYC Transit Tap-to-Pay,Expense,Transportation,Public Transit
Netherlands Transit,Expense,Transportation,Public Transit
Paris Transit Card,Expense,Transportation,Public Transit
Philadelphia Transit,Expense,Transportation,Public Transit
Portland Transit,Expense,Transportation,Public Transit
Public Transit Authority,Expense,Transportation,Public Transit
SF Bay Transit Card,Expense,Transportation,Public Transit
State Transit Authority,Expense,Transportation,Public Transit
Sydney Transit,Expense,Transportation,Public Transit
Taiwan Transit,Expense,Transportation,Public Transit
Texas Toll,Expense,Transportation,Public Transit
Tokyo Transit Card,Expense,Transportation,Public Transit
Toronto Transit Card,Expense,Transportation,Public Transit
Washington Toll,Expense,Transportation,Public Transit
Bike Share (Barcelona),Expense,Transportation,Rideshare
Bike Share (Boston),Expense,Transportation,Rideshare
Bike Share (Chicago),Expense,Transportation,Rideshare
Bike Share (China),Expense,Transportation,Rideshare
Bike Share (DC),Expense,Transportation,Rideshare
Bike Share (Germany),Expense,Transportation,Rideshare
Bike Share (Korea),Expense,Transportation,Rideshare
Bike Share (LA),Expense,Transportation,Rideshare
Bike Share (London),Expense,Transportation,Rideshare
Bike Share (Minneapolis),Expense,Transportation,Rideshare
Bike Share (NYC),Expense,Transportation,Rideshare
Bike Share (Paris),Expense,Transportation,Rideshare
Bike Share (SF),Expense,Transportation,Rideshare
Bike Share (Uber),Expense,Transportation,Rideshare
Car Rental,Expense,Transportation,Rideshare
Car Sharing (GM),Expense,Transportation,Rideshare
Carsharing,Expense,Transportation,Rideshare
Chauffeur Service,Expense,Transportation,Rideshare
Electric Scooter Rental,Expense,Transportation,Rideshare
Private Hire (UK),Expense,Transportation,Rideshare
Ride-Hailing & Multi-Service,Expense,Transportation,Rideshare
Ride-Hailing (Africa/EU),Expense,Transportation,Rideshare
Ride-Hailing (Brazil),Expense,Transportation,Rideshare
Ride-Hailing (China/Global),Expense,Transportation,Rideshare
Ride-Hailing (Europe),Expense,Transportation,Rideshare
Ride-Hailing (France),Expense,Transportation,Rideshare
Ride-Hailing (France/Africa),Expense,Transportation,Rideshare
Ride-Hailing (Global),Expense,Transportation,Rideshare
Ride-Hailing (India),Expense,Transportation,Rideshare
Ride-Hailing (Indonesia),Expense,Transportation,Rideshare
Ride-Hailing (Israel/UK),Expense,Transportation,Rideshare
Ride-Hailing (Korea),Expense,Transportation,Rideshare
Ride-Hailing (Latin Am/Greece),Expense,Transportation,Rideshare
Ride-Hailing (Middle East),Expense,Transportation,Rideshare
Ride-Hailing (Russia),Expense,Transportation,Rideshare
Ride-Hailing (Russia/Asia),Expense,Transportation,Rideshare
Ride-Hailing (SE Asia),Expense,Transportation,Rideshare
Ride-Hailing (Spain/Latin Am),Expense,Transportation,Rideshare
Ride-Hailing Service,Expense,Transportation,Rideshare
Scooter & Bike Share,Expense,Transportation,Rideshare
Scooter Share (EU),Expense,Transportation,Rideshare
Scooter Share (Germany),Expense,Transportation,Rideshare
Shared Ride Service,Expense,Transportation,Rideshare
Taxi App,Expense,Transportation,Rideshare
Parking Reservation App,Expense,Transportation,Tolls & Parking
Airline,Expense,Travel,Airlines
Airline (Australia),Expense,Travel,Airlines
Airline (Austria),Expense,Travel,Airlines
Airline (Brazil),Expense,Travel,Airlines
Airline (Canada),Expense,Travel,Airlines
Airline (China),Expense,Travel,Airlines
Airline (Colombia),Expense,Travel,Airlines
Airline (Egypt),Expense,Travel,Airlines
Airline (Finland),Expense,Travel,Airlines
Airline (Greece),Expense,Travel,Airlines
Airline (Indonesia),Expense,Travel,Airlines
Airline (Ireland),Expense,Travel,Airlines
Airline (Italy),Expense,Travel,Airlines
Airline (Kenya),Expense,Travel,Airlines
Airline (Korea),Expense,Travel,Airlines
Airline (Malaysia),Expense,Travel,Airlines
Airline (Morocco),Expense,Travel,Airlines
Airline (Panama),Expense,Travel,Airlines
Airline (Philippines),Expense,Travel,Airlines
Airline (Poland),Expense,Travel,Airlines
Airline (Portugal),Expense,Travel,Airlines
Airline (Saudi Arabia),Expense,Travel,Airlines
Airline (Scandinavia),Expense,Travel,Airlines
Airline (Switzerland),Expense,Travel,Airlines
Airline (Vietnam),Expense,Travel,Airlines
Commercial Airline,Expense,Travel,Airlines
Commercial Airline (Scandinavian),Expense,Travel,Airlines
Low-Cost (Indonesia),Expense,Travel,Airlines
Low-Cost (Philippines),Expense,Travel,Airlines
Low-Cost (Scandinavia),Expense,Travel,Airlines
Low-Cost (Vietnam),Expense,Travel,Airlines
Low-Cost Airline,Expense,Travel,Airlines
Low-Cost Airline (Asia),Expense,Travel,Airlines
Low-Cost Airline (India),Expense,Travel,Airlines
Low-Cost Airline (Spain),Expense,Travel,Airlines
Low-Cost Airline (UK),Expense,Travel,Airlines
Major Airline,Expense,Travel,Airlines
Major Airline (Africa),Expense,Travel,Airlines
Major Airline (Australia),Expense,Travel,Airlines
Major Airline (Canada),Expense,Travel,Airlines
Major Airline (China),Expense,Travel,Airlines
Major Airline (France),Expense,Travel,Airlines
Major Airline (Germany),Expense,Travel,Airlines
Major Airline (Hong Kong),Expense,Travel,Airlines
Major Airline (India),Expense,Travel,Airlines
Major Airline (Japan),Expense,Travel,Airlines
Major Airline (Korea),Expense,Travel,Airlines
Major Airline (Latin Am),Expense,Travel,Airlines
Major Airline (Netherlands),Expense,Travel,Airlines
Major Airline (Qatar),Expense,Travel,Airlines
Major Airline (Spain),Expense,Travel,Airlines
Major Airline (Thailand),Expense,Travel,Airlines
Major Airline (Turkey),Expense,Travel,Airlines
Major Airline (UAE),Expense,Travel,Airlines
Major Airline (UK),Expense,Travel,Airlines
Ultra-Low-Cost (Hungary),Expense,Travel,Airlines
Ultra-Low-Cost (Ireland),Expense,Travel,Airlines
Ultra-Low-Cost Airline,Expense,Travel,Airlines
Car Rental Company,Expense,Travel,Car Rental
All-Suite Hotel,Expense,Travel,Hotels & Lodging
Apartment Hotel,Expense,Travel,Hotels & Lodging
Backpacker Hostel (India),Expense,Travel,Hotels & Lodging
Boutique,Expense,Travel,Hotels & Lodging
Boutique (Detroit),Expense,Travel,Hotels & Lodging
Boutique Budget,Expense,Travel,Hotels & Lodging
Boutique Collection,Expense,Travel,Hotels & Lodging
Boutique Hostel/Hotel,Expense,Travel,Hotels & Lodging
Boutique Hotel,Expense,Travel,Hotels & Lodging
Boutique Hotel (Accor),Expense,Travel,Hotels & Lodging
Boutique Hotel (UK/Global),Expense,Travel,Hotels & Lodging
Boutique Hotel Chain,Expense,Travel,Hotels & Lodging
Boutique Hotels (London),Expense,Travel,Hotels & Lodging
Boutique Lifestyle Hotel,Expense,Travel,Hotels & Lodging
Budget Hotel,Expense,Travel,Hotels & Lodging
Budget Hotel (Accor),Expense,Travel,Hotels & Lodging
Budget Hotel (India),Expense,Travel,Hotels & Lodging
Budget Hotel (SE Asia),Expense,Travel,Hotels & Lodging
Budget Hotel (UK),Expense,Travel,Hotels & Lodging
Budget Hotel Chain (India/Global),Expense,Travel,Hotels & Lodging
Business Hotel (Japan),Expense,Travel,Hotels & Lodging
Capsule Hotel (Japan),Expense,Travel,Hotels & Lodging
Car Rental,Expense,Travel,Hotels & Lodging
Car Rental (EU),Expense,Travel,Hotels & Lodging
Car Rental (Germany/Global),Expense,Travel,Hotels & Lodging
Car Sharing Service,Expense,Travel,Hotels & Lodging
College-Town Boutique,Expense,Travel,Hotels & Lodging
Compact Luxury Hotel,Expense,Travel,Hotels & Lodging
Design Hostel Chain,Expense,Travel,Hotels & Lodging
Eco-Friendly Extended Stay,Expense,Travel,Hotels & Lodging
Eco-Luxury Hotel,Expense,Travel,Hotels & Lodging
Economy Hotel,Expense,Travel,Hotels & Lodging
Economy Hotel (Accor),Expense,Travel,Hotels & Lodging
Extended Stay,Expense,Travel,Hotels & Lodging
Extended Stay Hotel,Expense,Travel,Hotels & Lodging
Full-Service Hotel,Expense,Travel,Hotels & Lodging
Hotel & Members Club (London),Expense,Travel,Hotels & Lodging
Hotel Booking (Asia),Expense,Travel,Hotels & Lodging
Hotel Booking Platform,Expense,Travel,Hotels & Lodging
Hotel Chain,Expense,Travel,Hotels & Lodging
Hotel Chain (Economy),Expense,Travel,Hotels & Lodging
Hotel Chain (Japan),Expense,Travel,Hotels & Lodging
Hotel Chain (Scandinavia),Expense,Travel,Hotels & Lodging
Hotel Chain (Select-Service),Expense,Travel,Hotels & Lodging
Hotel Chain (Spain),Expense,Travel,Hotels & Lodging
Hotel Chain (Upscale),Expense,Travel,Hotels & Lodging
Hotel Price Comparison,Expense,Travel,Hotels & Lodging
Independent Luxury,Expense,Travel,Hotels & Lodging
Lifestyle Hotel,Expense,Travel,Hotels & Lodging
Lifestyle Hotel Brand,Expense,Travel,Hotels & Lodging
Lifestyle Luxury Hotel,Expense,Travel,Hotels & Lodging
Luxury Apartment Hotel,Expense,Travel,Hotels & Lodging
Luxury Boutique,Expense,Travel,Hotels & Lodging
Luxury Boutique Hotel,Expense,Travel,Hotels & Lodging
Luxury Collection,Expense,Travel,Hotels & Lodging
Luxury Hotel,Expense,Travel,Hotels & Lodging
Luxury Hotel & Train,Expense,Travel,Hotels & Lodging
Luxury Hotel (Accor),Expense,Travel,Hotels & Lodging
Luxury Hotel (India),Expense,Travel,Hotels & Lodging
Luxury Hotel (Japan),Expense,Travel,Hotels & Lodging
Luxury Hotel (UK),Expense,Travel,Hotels & Lodging
Luxury Hotel Brand,Expense,Travel,Hotels & Lodging
Luxury Hotel Chain,Expense,Travel,Hotels & Lodging
Luxury Lifestyle,Expense,Travel,Hotels & Lodging
Luxury Lifestyle Hotel,Expense,Travel,Hotels & Lodging
Luxury Resort,Expense,Travel,Hotels & Lodging
Luxury Resort Collection,Expense,Travel,Hotels & Lodging
Luxury Ryokan (Japan),Expense,Travel,Hotels & Lodging
Luxury Wellness Hotel,Expense,Travel,Hotels & Lodging
Luxury Wellness Resort,Expense,Travel,Hotels & Lodging
Members Club & Hotel,Expense,Travel,Hotels & Lodging
Midscale Hotel,Expense,Travel,Hotels & Lodging
Midscale Hotel (Accor),Expense,Travel,Hotels & Lodging
Online Travel Agency,Expense,Travel,Hotels & Lodging
Peer-to-Peer Car Rental,Expense,Travel,Hotels & Lodging
Peer-to-Peer Car Sharing,Expense,Travel,Hotels & Lodging
Premium Meeting Hotel,Expense,Travel,Hotels & Lodging
Resort Chain (Japan),Expense,Travel,Hotels & Lodging
Select-Service Hotel,Expense,Travel,Hotels & Lodging
Short-Term Rental Platform,Expense,Travel,Hotels & Lodging
Tech-Enabled Short Stay,Expense,Travel,Hotels & Lodging
Travel Booking (China),Expense,Travel,Hotels & Lodging
Travel Booking (India),Expense,Travel,Hotels & Lodging
Travel Booking (Latin Am),Expense,Travel,Hotels & Lodging
Ultra-Luxury (Japan),Expense,Travel,Hotels & Lodging
Ultra-Luxury Hotel,Expense,Travel,Hotels & Lodging
Ultra-Luxury Resort,Expense,Travel,Hotels & Lodging
Upscale Hotel,Expense,Travel,Hotels & Lodging
Upscale Hotel (Accor),Expense,Travel,Hotels & Lodging
Vacation Rental,Expense,Travel,Hotels & Lodging
Vacation Rental Management,Expense,Travel,Hotels & Lodging
Vacation Rental Platform,Expense,Travel,Hotels & Lodging
Wellness Hotel,Expense,Travel,Hotels & Lodging
Work/Stay Hotel (Global),Expense,Travel,Hotels & Lodging
Online Travel Agency,Expense,Travel,Travel Booking
ATM Cash Withdrawal,Income,Transfers,Bank Transfer
Bill Payment / Transfer,Income,Transfers,Bank Transfer
Bank Interest,Income,Transfers,Deposit
Bank Wire,Income,Transfers,Deposit
Business Services Company,Income,Transfers,Deposit
Centers for Medicare & Medicaid,Income,Transfers,Deposit
Electronic Bank Transfer,Income,Transfers,Deposit
Employer Payroll,Income,Transfers,Deposit
Government Benefit,Income,Transfers,Deposit
Government Tax Refund,Income,Transfers,Deposit
Individual Payment / Transfer,Income,Transfers,Deposit
Insurance Payout,Income,Transfers,Deposit
Investment Income,Income,Transfers,Deposit
Library Consortium,Income,Transfers,Deposit
Merchant Refund,Income,Transfers,Deposit
National Basketball Players Assoc.,Income,Transfers,Deposit
Organization Payment,Income,Transfers,Deposit
P2P Payment,Income,Transfers,Deposit
Payment Platform,Income,Transfers,Deposit
Payroll Deposit,Income,Transfers,Deposit
Payroll Processing,Income,Transfers,Deposit
Property Rental,Income,Transfers,Deposit
Self-Employment Income,Income,Transfers,Deposit
