description,merchant
**ID010295|07/29|**0295|USD15.99|SKIP_THE_DISHES|FOOD_DELIVERY|SUBSCR|WINNIPEG,Skip The Dishes
**ID012345|01/17|**0123|AUD59.25|COLES|GROCERY|PURCHASE|PERTHAU,Coles
**ID012345|01/30|**2345|USD92.25|MARSHLS|RETAIL|PURCHASE|CHICIL,Marshalls
**ID012345|02/06|**0123|USD44.50|RITE AID|HEALTH|PURCHASE|SANFRANCISCOCA,Rite Aid
**ID012345|02/09|**2345|ARS5000|COTO|GROCERY|PURCHASE|BUENOSAIRESAR,Coto
**ID012345|03/06|**2345|CAD98.75|LOBLAWS|GROCERY|PURCHASE|TRONTOON,Loblaws
**ID012345|03/18|**0123|AUD67.75|COLES|GROCERY|PURCHASE|SYDNEYAU,Coles
**ID012345|03/21|**2345|ALL5000|CONAD|GROCERY|PURCHASE|TIRANAAL,CONAD
**ID012345|03/30|**7890|EUR55.60|MERCADONA|GROCERY|PURCHASE|BRCLES,Mercadona
**ID012345|04/07|**0123|CAD62.50|LOBLAWS|GROCERY|PURCHASE|MONTREALCA,Loblaws
**ID012345|04/23|**0123|GBP30|TESCO|GROCERY|PURCHASE|LONDONUK,Tesco
**ID012345|05/01|**2345|USD67.89|BSTBY|TECH|PURCHASE|DNVRECO,Best Buy
**ID012345|05/15|**2345|GBP55.75|SAINSBRY|GROCERY|PURCHASE|LNDNENG,Sainsbury's
**ID012345|05/21|**2345|USD56.78|PTSMART|PETS|PURCHASE|JCKSNNVFL,PetSmart
**ID012345|06/02|**0123|DKK150|NETTO|GROCERY|PURCHASE|COPENHAGENDK,Netto
**ID012345|06/10|**2345|USD67.89|PETCO|PETS|PURCHASE|BSTNMA,Petco
**ID012345|06/19|**2345|AUD102.25|COLES|GROCERY|PURCHASE|MLBRNAU,Coles
**ID012345|06/30|**2345|USD78.90|LOWES|HOME|PURCHASE|CLMBSOH,Lowe's
**ID012345|07/12|**0123|AED200|LULU HYPERMARKET|GROCERY|PURCHASE|DUBAIAE,Lulu Hypermarket
**ID012345|07/20|**2345|USD34.56|MICHAELS|CRAFT|PURCHASE|WCHITAKS,Michaels
**ID012345|07/24|**2345|EUR75.50|CARREFR|GROCERY|PURCHASE|PRSFRCE,Carrefour
**ID012345|08/09|**2345|USD56.78|DOLLARTREE|RETAIL|PURCHASE|FLNTMI,DOLLAR TREE
**ID012345|08/21|**0123|TRY250|A101|GROCERY|PURCHASE|ISTANBULTR,A101
**ID012345|08/28|**2345|USD78.25|TJMAXX|RETAIL|PURCHASE|PHNXAZ,T.J. Maxx
**ID012345|09/11|**9012|EUR59.75|SPAR|GROCERY|PURCHASE|VIENAU,SPAR
**ID012345|09/18|**2345|USD90.12|TJMAXX|RETAIL|PURCHASE|PRVDNCERI,T.J. Maxx
**ID012345|09/30|**0123|BRL250|CARREFOUR|GROCERY|PURCHASE|SAOPAULOBR,Carrefour
**ID012345|10/08|**2345|USD23.45|SEPHORA|BEAUTY|PURCHASE|FRSNOCA,Sephora
**ID012345|10/29|**0123|USD42.75|WALGREENS|HEALTH|PURCHASE|CHICAGOIL,Walgreens
**ID012345|10/29|**2345|USD12.34|OLDNAVY|RETAIL|PURCHASE|SNTBRBRA,Old Navy
**ID012345|11/04|**9012|EUR62.40|MONOPRIX|GROCERY|PURCHASE|PARSFR,Monoprix
**ID012345|11/18|**0123|AUD52.75|COLES|GROCERY|PURCHASE|MELBOURNEAU,Coles
**ID012345|11/21|**2345|CAD110.25|SHOPPERS|HEALTH|PURCHASE|TRONTOON,Shoppers Drug Mart
**ID012345|11/21|**2345|NZD220|COUNTDOWN|GROCERY|PURCHASE|AUCKLANDNZ,Countdown
**ID012345|12/08|**0123|USD31.99|RITE AID|HEALTH|PURCHASE|LOSANGELESCA,Rite Aid
**ID012345|12/26|**2345|EUR68.25|AUCHAN|GROCERY|PURCHASE|PRSFRCE,Auchan
**ID012345|12/31|**2345|INR5000|BIGBASKET|GROCERY|PURCHASE|MUMBAIIN,Big Basket
**ID012345|12/31|**2345|INR5000|BIGBASKET|GROCERY|PURCHASE|MUMBAIIN REF1,Big Basket
**ID012345|12/31|**2345|INR5000|BIGBASKET|GROCERY|PURCHASE|MUMBAIIN REF2,Big Basket
**ID012345|12/31|**2345|INR5000|BIGBASKET|GROCERY|PURCHASE|MUMBAIIN REF3,Big Basket
**ID015496|02/01|**5496|USD14.99|SHUTTERFLY|PHOTO|PURCHASE|REDWOODCITYCA,Shutterfly
**ID024579|03/03|**4579|USD444.99|HP|TECH|PURCHASE|PALOALTOSJ,HP
**ID024680|01/14|**2468|USD250.00|INTC|TECH|PURCHASE|SNCLRCA,Intel
**ID024680|03/05|**2468|USD200.00|INTC|TECH|PURCHASE|SNCLRCA,Intel
**ID024680|04/24|**2468|USD50.00|INTC|TECH|PURCHASE|SNCLRCA,Intel
**ID024680|05/19|**2468|USD75.00|NVDA|TECH|PURCHASE|SNTCLCA,NVIDIA
**ID024680|08/02|**4680|USD899.99|AAPL|TECH|PURCHASE|CPRTNCA,Apple
**ID024680|10/16|**4680|USD699.99|GOOGL|TECH|PURCHASE|MNTNVWCA,Google
**ID024680|10/31|**2468|USD50.00|ADBE|TECH|PURCHASE|SNJSECA,Adobe
**ID024680|10/31|**4680|USD180.00|ADBE|TECH|PURCHASE|SNJSECA,Adobe
**ID024680|10/31|**9876|USD50.00|LYFT|TRNSP|SERVICE|SNFRNCA,Lyft
**ID024680|11/10|**4680|USD999.99|NTFLX|TECH|PURCHASE|LSGNLCA,Netflix
**ID024680|11/25|**2468|USD75.00|INTC|TECH|PURCHASE|SNCLRCA,Intel
**ID024680|12/05|**4680|USD699.99|ADBE|TECH|PURCHASE|SNJSCA,Adobe
**ID024680|12/20|**2468|USD150.00|NVDA|TECH|PURCHASE|SNTCLCA,NVIDIA
**ID024680|12/30|**4680|USD599.99|SONY|TECH|PURCHASE|TKYOJP,Sony
**ID024681|10/22|**1357|USD75.00|CSTCO|RETAIL|PURCHASE|ISSAQWA,Costco
**ID025968|02/16|**5968|USD25.99|OFFICEDEPOT|SUPPLY|PURCHASE|BOCARATONFL,Office Depot
**ID027546|03/11|**7546|USD20.99|NYTIMESCROSSWORD|GAMES|SUBSCR|NEWYORKNY,New York Times
**ID028374|06/01|**8374|USD89.99|OMRON|HEALTH|PURCHASE|KYOTO_JP,Omron
**ID048792|05/10|**8792|USD1.99|GOODREADS|BOOKS|PURCHASE|AUSTRALIA,Goodreads
**ID086421|10/29|**3579|USD299.99|BSTBY|TECH|PURCHASE|RICHFVA,Best Buy
**ID098567|01/18|**8567|USD9.99|AMZN|BOOK|PURCHASE|USSEA,Amazon
**ID109974|05/02|**9974|USD4999.99|TESLA|TECH|PURCHASE|PALO_ALTO_US,Tesla
**ID123456|01/08|**3456|MYR300|GIANT|GROCERY|PURCHASE|KUALALUMPURMY,Giant
**ID123456|02/17|**3456|CLP50000|JUMBO|GROCERY|PURCHASE|SANTIAGOCL,Jumbo
**ID123456|03/29|**3456|MKD3000|TINEX|GROCERY|PURCHASE|SKOPJEMK,Tinex
**ID123456|04/05|**2345|SGD85.30|NTUC FAIRPRICE|GROCERY|PURCHASE|SNGPSG,Fairprice
**ID123456|04/27|**4567|AUD75|WOOLWORTHS|GROCERY|PURCHASE|SYDNEYAU,Woolworths
**ID123456|05/30|**3456|TRY450|MIGROS|GROCERY|PURCHASE|ISTBTR,Migros
**ID123456|06/06|**4567|CHF50|MIGROS|GROCERY|PURCHASE|ZURICHCH,Migros
**ID123456|07/16|**4567|SGD50|NTUC FAIRPRICE|GROCERY|PURCHASE|SINGAPORESG,Fairprice
**ID123456|07/24|**3456|SGD75.60|NTUC FAIRPRICE|GROCERY|PURCHASE|SNGPSG,Fairprice
**ID123456|08/25|**4567|AED175|SPINNEYS|GROCERY|PURCHASE|DUBAIAE,Spinneys
**ID123456|09/15|**3456|USD42.75|STRBCKS|FOOD|PURCHASE|NWYRKNY,Starbucks
**ID123456|09/17|**3456|EUR64.20|ALBERT HEIJN|GROCERY|PURCHASE|AMSDNL,Albert Heijn
**ID123456|10/01|**5678|USD89.99|AMZN|RETAIL|PURCHASE|SEATTLEWA,Amazon
**ID123456|10/04|**4567|MXN700|WALMART|GROCERY|PURCHASE|MEXICOCITYMX,Walmart
**ID123456|10/20|**3456|USD89.99|AMZN|ELECTRONICS|PURCHASE|SEATTLEWA,Amazon
**ID123456|11/10|**3456|KRW75000|E-MART|GROCERY|PURCHASE|SEOLKR,E-Mart
**ID123456|11/29|**3456|SEK1000|ICA|GROCERY|PURCHASE|STOCKHOLMSE,ICA
**ID125490|03/05|**5490|USD9.99|GROUPON|DEALS|PURCHASE|CHICAGOIL,Groupon
**ID125798|01/29|**5798|USD120|RALPH_LAUREN|APPAREL|PURCHASE|USNYC,Ralph Lauren
**ID134690|07/03|**4690|USD70|ABERCROMBIE&FITCH|APPAREL|PURCHASE|NEWALBANY,Abercrombie & Fitch
**ID135790|05/22|**5790|USD12.99|NFLX|ENTMT|SUBSCR|LSGNLCA,Netflix
**ID135790|07/11|**5790|USD13.99|DSCVR|ENTMT|SUBSCR|SLVRSPRMD,Discovery+
**ID135790|09/21|**2468|USD75.25|BSTBUY|ELEC|PURCHASE|ATLANGA,Best Buy
**ID135790|10/19|**5790|USD16.99|HBO|ENTMT|SUBSCR|SNMNCA,HBO
**ID135790|10/24|**6428|USD210.50|BARNES|BOOKS|PURCHASE|NYC,Barnes & Noble
**ID135790|11/13|**5790|USD15.99|HBOMAX|ENTMT|SUBSCR|BRBKCA,HBO
**ID135790|12/08|**5790|USD16.99|NFLX|ENTMT|SUBSCR|LSGNLCA,Netflix
**ID135791|01/17|**3579|USD14.99|DSNP|ENTMT|SUBSCR|BURBNCA,Disney+
**ID135791|04/02|**3579|USD14.99|DSNP|ENTMT|SUBSCR|BURBNCA,Disney+
**ID135791|04/27|**3579|USD12.99|DSNP|ENTMT|SUBSCR|BURBNCA,Disney+
**ID135791|11/03|**2468|USD40.25|AAPL|ENTMT|SUBSCR|CUPERCA,Apple
**ID135791|11/03|**9753|USD17.99|HBO|ENTMT|SUBSCR|NWYRKNY,HBO
**ID135791|11/28|**3579|USD14.99|DSNP|ENTMT|SUBSCR|BURBNCA,Disney+
**ID135792|10/11|**8024|USD150.00|AMZN|RETAIL|PURCHASE|SEATTWA,Amazon
**ID135794|01/24|**5794|USD1099.99|GOOGLE|TECH|PURCHASE|USMV,Google
**ID137845|05/26|**7845|USD49.99|PROACTIVE|COSMETICS|SUBSCR|DESPLAINES,Proactive
**ID143560|03/09|**3560|USD649.99|DELL|TECH|PURCHASE|AUSTINTX,Dell
**ID145789|01/22|**5789|USD19.99|HBOMAX|ENTMT|SUBSCR|USBURB,HBO
**ID147258|01/07|**7258|USD9.99|SPOT|ENTMT|SUBSCR|STCKHLM,Spotify
**ID147258|01/23|**7258|USD1299.99|LG|TECH|PURCHASE|SEOULKR,LG
**ID147258|04/23|**7258|USD499.99|APPL|TECH|PURCHASE|CPRTNCA,Apple
**ID147258|04/25|**3698|USD9.99|DSNEYP|ENTMT|SUBSCR|ORLANDO,Disney+
**ID147258|12/08|**7258|USD59.99|ETSYCOM|RETAIL|PURCHASE|BRKLYN,Etsy
**ID147369|01/25|**7369|USD149.99|BOSE|TECH|PURCHASE|FRMNGHMMA,Bose
**ID147369|01/27|**7369|USD4.99|AAPL|ENTMT|SUBSCR|CUPRTNO,Apple
**ID147369|02/10|**7369|USD699.99|APPL|TECH|PURCHASE|CPRTNCA,Apple
**ID147369|03/14|**7369|USD179.99|BOSE|TECH|PURCHASE|FRMNGHMMA,Bose
**ID147369|05/01|**7369|USD199.99|BOSE|TECH|PURCHASE|FRMNGHMMA,Bose
**ID147369|05/11|**7369|USD1199.99|LG|TECH|PURCHASE|SEOULKR,LG
**ID147369|05/27|**7369|USD19.99|HBO|ENTMT|SUBSCR|ATLNGA,HBO
**ID147369|06/18|**7369|USD219.99|BOSE|TECH|PURCHASE|FRMNGHMMA,Bose
**ID147369|07/04|**7369|USD299.99|APPL|TECH|PURCHASE|CPRTNCA,Apple
**ID147369|08/05|**7369|USD229.99|BOSE|TECH|PURCHASE|FRMNGHMMA,Bose
**ID147741|02/26|**7741|USD14.99|DSNP|ENTMT|SUBSCR|BRBKCA,Disney+
**ID147741|03/18|**7741|USD599.99|APPL|TECH|PURCHASE|CPRTNCA,Apple
**ID147741|05/29|**7741|USD399.99|APPL|TECH|PURCHASE|CPRTNCA,Apple
**ID147741|06/26|**7741|USD4.99|AAPL|ENTMT|SUBSCR|CUPRTNO,Apple
**ID147741|07/22|**7741|USD799.99|LG|TECH|PURCHASE|SEOULKR,LG
**ID147742|06/26|**7742|USD9.99|NFLX|ENTMT|SUBSCR|LSGTSCA,Netflix
**ID147743|07/02|**7743|USD59.99|EA|GAMING|PURCHASE|RDWDCTYCA,Electronic Arts
**ID147745|07/14|**7745|USD19.99|ATVI|GAMING|PURCHASE|SNTMNCCA,Activision
**ID147746|07/20|**7746|USD39.99|NVDA|TECH|PURCHASE|SNTCLRCA,NVIDIA
**ID147747|07/26|**7747|USD49.99|INTC|TECH|PURCHASE|SNTCLRCA,Intel
**ID147748|08/01|**7748|USD79.99|ADBE|TECH|PURCHASE|SNJSCA,Adobe
**ID147749|08/07|**7749|USD69.99|EA|GAMING|PURCHASE|RDWDCTYCA,Electronic Arts
**ID147750|08/13|**7750|USD89.99|NVDA|TECH|PURCHASE|SNTCLRCA,NVIDIA
**ID147751|08/19|**7751|USD59.99|ATVI|GAMING|PURCHASE|SNTMNCCA,Activision
**ID147752|08/25|**7752|USD39.99|INTC|TECH|PURCHASE|SNTCLRCA,Intel
**ID147753|08/31|**7753|USD129.99|ADBE|TECH|PURCHASE|SNJSCA,Adobe
**ID147754|09/06|**7754|USD79.99|EA|GAMING|PURCHASE|RDWDCTYCA,Electronic Arts
**ID147757|09/24|**7757|USD39.99|INTC|TECH|PURCHASE|SNTCLRCA,Intel
**ID147758|09/30|**7758|USD89.99|ADBE|TECH|PURCHASE|SNJSCA,Adobe
**ID147760|10/12|**7760|USD79.99|NVDA|TECH|PURCHASE|SNTCLRCA,NVIDIA
**ID147761|10/18|**7761|USD69.99|ATVI|GAMING|PURCHASE|SNTMNCCA,Activision
**ID147764|11/05|**7764|USD59.99|EA|GAMING|PURCHASE|RDWDCTYCA,Electronic Arts
**ID147765|11/11|**7765|USD89.99|NVDA|TECH|PURCHASE|SNTCLRCA,NVIDIA
**ID147766|11/17|**7766|USD79.99|ATVI|GAMING|PURCHASE|SNTMNCCA,Activision
**ID147767|11/23|**7767|USD39.99|INTC|TECH|PURCHASE|SNTCLRCA,Intel
**ID147768|11/29|**7768|USD19.99|NVDA|TECH|PURCHASE|SNTCLRCA,NVIDIA
**ID147852|01/01|**7852|USD69.99|NFLSHOP|RETAIL|PURCHASE|NWYRKNY,NFL Shop
**ID147852|02/11|**7852|USD5.99|SPOT|ENTMT|SUBSCR|STCKHLM,Spotify
**ID147852|02/18|**7852|USD79.99|NFLSHOP|RETAIL|PURCHASE|NWYRKNY,NFL Shop
**ID147852|02/28|**7852|USD1499.99|LG|TECH|PURCHASE|SEOULKR,LG
**ID147852|04/07|**7852|USD89.99|NFLSHOP|RETAIL|PURCHASE|NWYRKNY,NFL Shop
**ID147852|05/25|**7852|USD99.99|NFLSHOP|RETAIL|PURCHASE|NWYRKNY,NFL Shop
**ID147852|06/11|**7852|USD10.99|NFLX|ENTMT|SUBSCR|LSANCA,Netflix
**ID147963|03/13|**7963|USD17.99|HBO|ENTMT|SUBSCR|ATLNGA,HBO
**ID147963|04/05|**7963|USD1399.99|LG|TECH|PURCHASE|SEOULKR,LG
**ID147963|05/12|**7963|USD12.99|DSNP|ENTMT|SUBSCR|BRBKCA,Disney+
**ID147963|07/10|**7963|USD12.99|DSNP|ENTMT|SUBSCR|BRBKCA,Disney+
**ID159159|09/10|**9159|USD14.99|HULU|ENTMT|SUBSCR|SNTVLCA,Hulu
**ID159357|01/10|**9357|USD899.99|AUTDSK|TECH|PURCHASE|SNRFLCA,Autodesk
**ID159357|01/18|**9357|USD69.99|REBOOK|RETAIL|PURCHASE|BSTNMA,Reebok
**ID159357|03/07|**9357|USD69.99|TOMMYHF|RETAIL|PURCHASE|NWYRKNY,Tommy Hilfiger
**ID159357|08/27|**9357|USD79.99|ADIDAS|RETAIL|PURCHASE|PRTLNDOR,Adidas
**ID159357|09/20|**9357|USD59.99|OLDNVY|RETAIL|PURCHASE|SNFRNCSCOCA,Old Navy
**ID159357|10/14|**9357|USD99.99|PUMA SE|RETAIL|PURCHASE|HRZGNRCHDE,PUMA
**ID159357|10/30|**9357|USD799.99|LNVO|TECH|PURCHASE|MORRISVLNC,Lenovo
**ID159357|12/01|**9357|USD79.99|NEWBLNC|RETAIL|PURCHASE|BSTNMA,New Balance
**ID159357|12/05|**9357|USD1099.99|ORCLE|TECH|PURCHASE|RDWDSHCA,Oracle
**ID159357|12/25|**9357|USD79.99|GAPINCR|RETAIL|PURCHASE|SNFRNCSCOCA,Gap
**ID159753|01/06|**9753|USD49.99|VANS CO|RETAIL|PURCHASE|COSTMSACA,Vans
**ID159753|01/22|**9753|USD1099.99|WORKDY|TECH|PURCHASE|PLSNTNCA,Workday
**ID159753|02/01|**9753|KRW100000|EMART|GROCERY|PURCHASE|SEOULKR,E-Mart
**ID159753|02/23|**9753|USD49.99|FILA CO|RETAIL|PURCHASE|SPRTBRGSC,FILA
**ID159753|02/27|**9753|USD699.99|ZSCALR|TECH|PURCHASE|SNJOSECA,Zscaler
**ID159753|03/19|**9753|USD59.99|CROCS|RETAIL|PURCHASE|BROOMFLDCO,Crocs
**ID159753|04/22|**9753|USD89.99|RTIC_OUTDOORS|OUTDOOR_GEAR|PURCHASE|HOUSTON,RTIC Outdoors
**ID159753|07/27|**9753|USD200|BALENCIAGA|LUXURY|PURCHASE|PARIS,Balenciaga
**ID159753|08/12|**9753|USD199.99|APPLINC|TECH|PURCHASE|CPRTNOCA,Apple
**ID159753|08/20|**9753|EUR55.80|EDEKA|GROCERY|PURCHASE|BERLDE,EDEKA
**ID159753|09/08|**9753|USD129.99|NORTHFC|RETAIL|PURCHASE|ALMDACA,The North Face
**ID159753|10/01|**8642|USD55.00|CHVRON|FUEL|PURCHASE|PHOEAZ,Chevron
**ID159753|10/02|**9753|USD79.99|FOOTLKR|RETAIL|PURCHASE|NWYRKNY,Foot Locker
**ID159753|10/06|**9753|USD999.99|LG|TECH|PURCHASE|SEOULKR,LG
**ID159753|11/11|**9753|USD599.99|ASUS|TECH|PURCHASE|TPEITW,ASUS
**ID159753|11/19|**9753|USD49.99|SKECHERS|RETAIL|PURCHASE|MNHTNBCHCA,Skechers
**ID159753|11/29|**9753|USD12.99|SPOTFY|ENTMT|SUBSCR|STCKHLM,Spotify
**ID159753|11/29|**9753|USD12.99|SPOTFY|ENTMT|SUBSCR|STCKHLM REF1,Spotify
**ID159753|11/29|**9753|USD12.99|SPOTFY|ENTMT|SUBSCR|STCKHLM REF2,Spotify
**ID159753|11/29|**9753|USD12.99|SPOTFY|ENTMT|SUBSCR|STCKHLM REF3,Spotify
**ID159753|12/13|**9753|USD59.99|CLRBNKS|RETAIL|PURCHASE|NWYRKNY,Clearbanks
**ID159753|12/17|**9753|USD799.99|ADBE|TECH|PURCHASE|SNJOSECA,Adobe
**ID159753|12/31|**9753|INR5000|BIGBASKET|GROCERY|PURCHASE|MUMBAIIN,Big Basket
**ID159864|02/01|**9770|KRW100000|EMART|GROCERY|PURCHASE|SEOULKR,E-Mart
**ID159864|04/22|**9770|USD89.99|RTIC_OUTDOORS|OUTDOOR_GEAR|PURCHASE|HOUSTON,RTIC Outdoors
**ID159864|07/27|**9770|USD200|BALENCIAGA|LUXURY|PURCHASE|PARIS,Balenciaga
**ID159864|08/20|**9770|EUR55.80|EDEKA|GROCERY|PURCHASE|BERLDE,EDEKA
**ID159864|11/29|**9770|USD12.99|SPOTFY|ENTMT|SUBSCR|STCKHLM,Spotify
**ID159864|12/31|**9770|INR5000|BIGBASKET|GROCERY|PURCHASE|MUMBAIIN,Big Basket
**ID159951|02/03|**9951|USD899.99|SPLUNK|TECH|PURCHASE|SNFRNCSCO,Splunk
**ID159951|03/11|**9951|USD999.99|ATLSSN|TECH|PURCHASE|SDNYAU,Atlassian
**ID159951|10/18|**9951|USD699.99|INTL|TECH|PURCHASE|SNTCLRCA,Apple
**ID159951|11/23|**9951|USD799.99|MSI|TECH|PURCHASE|TPEITW,MSI
**ID159951|12/29|**9951|USD699.99|SFORCE|TECH|PURCHASE|SNFRNCSCO,Salesforce
**ID159975|02/01|**9787|KRW100000|EMART|GROCERY|PURCHASE|SEOULKR,E-Mart
**ID159975|04/22|**9787|USD89.99|RTIC_OUTDOORS|OUTDOOR_GEAR|PURCHASE|HOUSTON,RTIC Outdoors
**ID159975|07/27|**9787|USD200|BALENCIAGA|LUXURY|PURCHASE|PARIS,Balenciaga
**ID159975|08/20|**9787|EUR55.80|EDEKA|GROCERY|PURCHASE|BERLDE,EDEKA
**ID159975|11/29|**9787|USD12.99|SPOTFY|ENTMT|SUBSCR|STCKHLM,Spotify
**ID159975|12/31|**9787|INR5000|BIGBASKET|GROCERY|PURCHASE|MUMBAIIN,Big Basket
**ID182900|07/27|**2900|USD200|BALENCIAGA|LUXURY|PURCHASE|PARIS,Balenciaga
**ID182900|07/27|**2900|USD200|BALENCIAGA|LUXURY|PURCHASE|PARIS REF1,Balenciaga
**ID182900|07/27|**2900|USD200|BALENCIAGA|LUXURY|PURCHASE|PARIS REF2,Balenciaga
**ID182900|07/27|**2900|USD200|BALENCIAGA|LUXURY|PURCHASE|PARIS REF3,Balenciaga
**ID193847|09/21|**6789|USD158.40|H&M|CLOTH|PURCHASE|HTX,H & M
**ID206784|04/08|**6784|USD64.99|NETGEAR|TECH|PURCHASE|SANTAJOSECA,Netgear
**ID219540|07/13|**9540|USD400|D&G|LUXURY|PURCHASE|MILAN,Dolce & Gabbana
**ID234567|01/09|**4567|GBP45.75|SAINSBRY|GROCERY|PURCHASE|LNDNENG,Sainsbury's
**ID234567|01/09|**8901|GBP42.99|WAITROSE|GROCERY|PURCHASE|MANCHESTERUK,Waitrose
**ID234567|01/28|**4567|EGP1000|CARREFOUR|GROCERY|PURCHASE|CAIROEG,Carrefour
**ID234567|01/29|**8901|GBP51.25|TESCO|GROCERY|PURCHASE|GLASGOWUK,Tesco
**ID234567|02/13|**4567|AUD105.75|COLES|GROCERY|PURCHASE|BRSBNAU,Coles
**ID234567|02/18|**8901|AUD63.50|WOOLWORTHS|GROCERY|PURCHASE|MELBOURNEAU,Woolworths
**ID234567|03/10|**8901|GBP46.99|ASDA|GROCERY|PURCHASE|MANCHESTERUK,ASDA
**ID234567|03/30|**8901|CAD58.75|METRO|GROCERY|PURCHASE|TORONTOCA,Metro
**ID234567|04/10|**6789|EUR68.90|REWE|GROCERY|PURCHASE|BERLDE,REWE
**ID234567|04/23|**4567|USD56.78|HMDPT|HOME|PURCHASE|ATLNTAGA,Home Depot
**ID234567|04/24|**4567|CAD115.75|SHOPPERS|HEALTH|PURCHASE|VNCOVRBC,Shoppers Drug Mart
**ID234567|05/13|**4567|USD34.56|DCKSSPTGDS|SPORTS|PURCHASE|KNSSCTYKS,Dick's Sporting Goods
**ID234567|05/29|**4567|USD95.50|MARSHLS|RETAIL|PURCHASE|BSTNMA,Marshalls
**ID234567|06/02|**4567|USD23.45|ACEHRDWR|HOME|PURCHASE|ANCHRGESK,Ace Hardware
**ID234567|06/04|**7890|CZK950|ALBERT|GROCERY|PURCHASE|PRGUCZ,Albertsons
**ID234567|06/10|**8901|PLN100|BIEDRONKA|GROCERY|PURCHASE|WARSAWPL,Biedronka
**ID234567|06/22|**4567|USD56.78|STAPLES|OFFICE|PURCHASE|BRLNGTNVT,Staples
**ID234567|07/03|**4567|GBP58.50|BOOTS|HEALTH|PURCHASE|MNCHSENG,Boots
**ID234567|07/20|**8901|HKD300|PARKNSHOP|GROCERY|PURCHASE|HONGKONGHK,ParknShop
**ID234567|07/29|**7890|EUR62.40|MONOPRIX|GROCERY|PURCHASE|PARSFR,Monoprix
**ID234567|08/07|**4567|USD92.50|TJMAXX|RETAIL|PURCHASE|LSANGLCA,T.J. Maxx
**ID234567|08/21|**4567|USD23.45|NORDSTROM|RETAIL|PURCHASE|LNCLNNE,Nordstrom
**ID234567|09/10|**4567|USD78.90|ADVANCEAUTOPARTS|AUTO|PURCHASE|TPKAMI,Advance Auto Parts
**ID234567|09/12|**4567|CAD115.75|SHOPPERS|HEALTH|PURCHASE|VNCOVRBC,Shoppers Drug Mart
**ID234567|09/22|**7890|JPY6800|LAWSON|CONVENIENCE|PURCHASE|TOKYOJP,Lawson
**ID234567|09/30|**4567|USD34.56|BEDBATHBEYOND|HOME|PURCHASE|NWRKORLNS,BED BATH & BEYOND
**ID234567|10/08|**8901|ZAR450|SPAR|GROCERY|PURCHASE|CAPETOWNZA,SPAR
**ID234567|10/25|**4567|USD12.34|SEPHORA|BEAUTY|PURCHASE|FRSNOCA,Sephora
**ID234567|10/31|**4567|AUD88.75|COLES|GROCERY|PURCHASE|SYDNYAU,Coles
**ID234567|11/10|**8901|EUR41.25|ALDI|GROCERY|PURCHASE|BERLINDE,ALDI
**ID234567|11/30|**8901|GBP47.50|ASDA|GROCERY|PURCHASE|BIRMINGHAMUK,ASDA
**ID234567|12/05|**4567|USD82.75|TJMAXX|RETAIL|PURCHASE|BSTNMA,T.J. Maxx
**ID234567|12/19|**4567|TRY1000|MIGROS|GROCERY|PURCHASE|ISTANBULTR,Migros
**ID234567|12/20|**8901|AUD57.50|WOOLWORTHS|GROCERY|PURCHASE|BRISBANEAU,Woolworths
**ID235468|02/28|**5468|USD699.99|SAMSUNG|TECH|PURCHASE|SEOULKR,Samsung
**ID235789|04/28|**5789|USD99.99|BENQ|TECH|PURCHASE|TAIPEI_TW,BenQ
**ID238502|03/15|**8502|USD19.99|LINKEDIN|SUBSCR|PROFESSIONAL|MOUNTAINVIEWCA,LinkedIn
**ID245867|02/18|**5867|USD7.99|TIDAL|MUSIC|SUBSCR|NEWYORKNY,Tidal
**ID246802|01/19|**4680|USD100.00|AMD|TECH|PURCHASE|SNNYVLCA,AMD
**ID246802|02/13|**4680|USD50.00|ADBE|TECH|PURCHASE|SNJSECA,Adobe
**ID246802|03/10|**4680|USD75.00|AMD|TECH|PURCHASE|SNNYVLCA,AMD
**ID246802|04/04|**4680|USD150.00|ADBE|TECH|PURCHASE|SNJSECA,Adobe
**ID246802|04/29|**4680|USD250.00|AMD|TECH|PURCHASE|SNNYVLCA,AMD
**ID246802|05/24|**6802|USD199.99|APPL|TECH|PURCHASE|CPRTNCA,Apple
**ID246802|07/13|**6802|USD299.99|NVDA|TECH|PURCHASE|SNTCLCA,NVIDIA
**ID246802|08/07|**6802|USD199.99|MSFT|TECH|PURCHASE|RDMNDWA,Microsoft
**ID246802|09/01|**6802|USD399.99|SMSNG|TECH|PURCHASE|SUWONKR,Samsung
**ID246802|09/26|**6802|USD599.99|INTC|TECH|PURCHASE|SNTCLCA,Intel
**ID246802|10/21|**6802|USD1299.99|TSLA|AUTO|PURCHASE|FRMNTCA,Tesla
**ID246802|11/15|**6802|USD699.99|LNVO|TECH|PURCHASE|BJNGCN,Lenovo
**ID246802|11/30|**4680|USD300.00|AMD|TECH|PURCHASE|SNNYVLCA,AMD
**ID246802|12/10|**6802|USD1099.99|AAPL|TECH|PURCHASE|CPRTNCA,Apple
**ID246802|12/25|**4680|USD200.00|ADBE|TECH|PURCHASE|SNJSECA,Adobe
**ID246810|09/25|**1357|USD18.50|SBUX|FOOD|PURCHASE|SEATLWA,Starbucks
**ID246810|09/26|**7531|USD89.99|TGTTGT|RETAIL|PURCHASE|SEATLWA,Target
**ID246810|10/09|**3579|USD89.99|NFLX|ENTMT|SUBSCR|LSANGLCA,Netflix
**ID246810|10/29|**1357|USD75.00|CSTCO|RETAIL|PURCHASE|ISSAQWA,Costco
**ID246879|03/07|**6879|USD119.99|RANGESHOP|OUTDOOR|PURCHASE|DENVERCO,RangeShop
**ID248079|04/06|**8079|USD24.99|SUNDANCENOW|ENTMT|SUBSCR|NEWYORKNY,Sundance Now
**ID248905|05/16|**8905|USD10.99|YOUTUBEPREMIUM|ENTMT|SUBSCR|SANBRUNOCA,YouTube
**ID256913|01/04|**6913|USD19.50|MCDNLD|FOOD|PURCHASE|CHIGIL,McDonald's
**ID258147|01/10|**8147|USD89.99|NIKECOM|RETAIL|PURCHASE|BVRTNOR,Nike
**ID258147|01/24|**8147|USD399.99|NVDA|TECH|PURCHASE|SNTCLRCA,NVIDIA
**ID258147|02/27|**8147|USD99.99|NIKECOM|RETAIL|PURCHASE|BVRTNOR,Nike
**ID258147|04/16|**8147|USD109.99|NIKECOM|RETAIL|PURCHASE|BVRTNOR,Nike
**ID258147|04/21|**8147|USD13.99|NFLX|ENTMT|SUBSCR|LSANCA,Netflix
**ID258147|07/21|**8147|USD129.99|NIKECOM|RETAIL|PURCHASE|BVRTNOR,Nike
**ID258147|08/07|**8147|USD21.99|NFLX|ENTMT|SUBSCR|LSANCA,Netflix
**ID258147|09/07|**8147|USD139.99|NIKECOM|RETAIL|PURCHASE|BVRTNOR,Nike
**ID258258|05/27|**8258|USD15.99|NFLX|ENTMT|SUBSCR|LSANCA,Netflix
**ID258258|07/18|**3698|USD9.99|SPTFY|MUSIC|SUBSCR|STOCKHLM,Spotify
**ID258369|01/09|**8369|USD799.99|SMSG|TECH|PURCHASE|SEOULKR,Samsung
**ID258369|01/21|**8369|USD17.99|HBO|ENTMT|SUBSCR|NWYRKNY,HBO
**ID258369|03/10|**8369|USD899.99|INTC|TECH|PURCHASE|SNCLRCA,Intel
**ID258369|03/16|**8369|USD11.99|NFLX|ENTMT|SUBSCR|LSANCA,Netflix
**ID258369|04/24|**8369|USD1099.99|AAPL|TECH|PURCHASE|CUPRTNO,Apple
**ID258369|04/29|**7412|USD14.99|HBOMAX|ENTMT|SUBSCR|LSANGLS,HBO
**ID258369|06/08|**8369|USD599.99|GOOG|TECH|PURCHASE|MNTNVWCA,Google
**ID258369|06/14|**8369|USD17.99|HBO|ENTMT|SUBSCR|NWYRKNY,HBO
**ID258369|08/03|**8369|USD75.50|TARGETT|RETAIL|PURCHASE|MNPLSMN,Target
**ID258369|08/07|**2589|USD17.99|NFLXHD|ENTMT|SUBSCR|LSANGLS,Netflix
**ID258369|10/26|**9632|USD17.99|NFLXHD|ENTMT|SUBSCR|LSANGLS,Netflix
**ID258741|01/05|**9632|USD13.99|YOUTUB|ENTMT|SUBSCR|MNTNVEW,YouTube
**ID258741|01/25|**9632|USD13.99|YOUTUB|ENTMT|SUBSCR|MNTNVEW,YouTube
**ID258741|02/08|**8741|USD8.99|NFLX|ENTMT|SUBSCR|LSANCA,Netflix
**ID258741|02/23|**8741|USD599.99|GOOG|TECH|PURCHASE|MNTNVWCA,Google
**ID258741|04/03|**8741|USD15.99|HBO|ENTMT|SUBSCR|NWYRKNY,HBO
**ID258741|04/09|**8741|USD699.99|SMSG|TECH|PURCHASE|SEOULKR,Samsung
**ID258741|05/19|**3698|USD17.99|NFLXHD|ENTMT|SUBSCR|LSANGLS,Netflix
**ID258741|05/24|**8741|USD499.99|AMD|TECH|PURCHASE|SNTCLRCA,AMD
**ID258741|07/02|**8741|USD18.99|NFLX|ENTMT|SUBSCR|LSANCA,Netflix
**ID258741|08/27|**7412|USD9.99|SPTFY|MUSIC|SUBSCR|STOCKHLM,Spotify
**ID258741|11/15|**3698|USD9.99|SPTFY|MUSIC|SUBSCR|STOCKHLM,Spotify
**ID258741|12/16|**9632|USD13.99|YOUTUB|ENTMT|SUBSCR|MNTNVEW,YouTube
**ID258852|05/09|**8852|USD16.99|HBO|ENTMT|SUBSCR|NWYRKNY,HBO
**ID258852|07/20|**8852|USD19.99|HBO|ENTMT|SUBSCR|NWYRKNY,HBO
**ID258852|09/16|**3698|USD17.99|NFLXHD|ENTMT|SUBSCR|LSANGLS,Netflix
**ID258963|02/03|**8963|USD39.99|ADOBES|TECH|SUBSCR|SNJSECA,Adobe
**ID258963|02/08|**8963|USD499.99|AMD|TECH|PURCHASE|SNTCLRCA,AMD
**ID258963|02/26|**8963|USD14.99|HBO|ENTMT|SUBSCR|NWYRKNY,HBO
**ID258963|03/23|**8963|USD49.99|ADOBES|TECH|SUBSCR|SNJSECA,Adobe
**ID258963|03/25|**8963|USD799.99|MSFT|TECH|PURCHASE|RDMNDWA,Microsoft
**ID258963|05/10|**8963|USD59.99|ADOBES|TECH|SUBSCR|SNJSECA,Adobe
**ID258963|06/23|**8963|USD899.99|INTC|TECH|PURCHASE|SNCLRCA,Intel
**ID258963|06/27|**8963|USD69.99|ADOBES|TECH|SUBSCR|SNJSECA,Adobe
**ID258963|08/14|**8963|USD79.99|ADOBES|TECH|SUBSCR|SNJSECA,Adobe
**ID258963|12/17|**8963|USD19.99|ADOBES|TECH|SUBSCR|SNJSECA,Adobe
**ID259043|07/01|**9043|USD30|NORDVP|SECURITY|SUBSCR|PANAMA,NordVPN
**ID267890|04/24|**7890|USD300|GUCCI|LUXURY|PURCHASE|FLORENCE,Gucci
**ID274589|02/22|**4589|USD149.99|BOSE|EARPHONES|PURCHASE|USBOST,Bose
**ID285109|07/19|**5109|USD109.99|OMEGA|WATCHES|PURCHASE|BIELE_CH,Omega
**ID319548|03/12|**9548|USD47.65|HUKN|FOD|MLDFD|KOLD,Hukn
**ID320594|06/29|**0594|USD150|DIOR|LUXURY|PURCHASE|PARIS,Dior
**ID321654|02/12|**1654|USD159.99|PLTNN|FITNESS|SUBSCR|NWYRKNY,Peloton
**ID321654|04/01|**1654|USD169.99|PLTNN|FITNESS|SUBSCR|NWYRKNY,Peloton
**ID321654|05/19|**1654|USD179.99|PLTNN|FITNESS|SUBSCR|NWYRKNY,Peloton
**ID321654|07/06|**1654|USD189.99|PLTNN|FITNESS|SUBSCR|NWYRKNY,Peloton
**ID321654|12/26|**1654|USD149.99|PLTNN|FITNESS|SUBSCR|NWYRKNY,Peloton
**ID321987|01/19|**1987|USD19.99|DROPBOX|TECH|SUBSCR|SNFRNCSCO,Dropbox
**ID321987|04/25|**1987|USD29.99|DROPBOX|TECH|SUBSCR|SNFRNCSCO,Dropbox
**ID321987|06/12|**1987|USD34.99|DROPBOX|TECH|SUBSCR|SNFRNCSCO,Dropbox
**ID321987|07/30|**1987|USD39.99|DROPBOX|TECH|SUBSCR|SNFRNCSCO,Dropbox
**ID326578|03/01|**6578|USD19.99|VIMEO|ENTMT|SUBSCR|NEWYORKNY,Vimeo
**ID335579|02/20|**5579|USD60.99|UNDERARMOUR|SPORTS|PURCHASE|BALTIMOREMD,Under Armour
**ID345271|09/14|**6781|USD190.50|IKEA|FURN|PURCHASE|CONSHPA,IKEA
**ID345678|01/16|**5678|IDR1000000|INDOMARET|GROCERY|PURCHASE|JAKARTAID,Indomaret
**ID345678|02/20|**7890|EUR78.50|CARREFOUR|GROCERY|PURCHASE|PARSFR,Carrefour
**ID345678|02/25|**5678|UAH1000|ATB|GROCERY|PURCHASE|KYIVUA,ATB
**ID345678|04/06|**5678|AMD20000|SAS|GROCERY|PURCHASE|YEREVANAM,SAS
**ID345678|04/11|**5678|USD12.34|TRGT|RETAIL|PURCHASE|MNNPLSMN,Target
**ID345678|04/16|**1234|CNY280|CARREFOUR|GROCERY|PURCHASE|SHNGCN,Carrefour
**ID345678|05/05|**2345|NZD60|COUNTDOWN|GROCERY|PURCHASE|AUCKLANDNZ,Countdown
**ID345678|07/24|**2345|BRL200|PÃO DE AÇÚCAR|GROCERY|PURCHASE|SAOPAULOBR,Pão de Açúcar
**ID345678|08/04|**1234|KRW65000|E-MART|GROCERY|PURCHASE|SEOLKR,E-Mart
**ID345678|09/02|**2345|THB600|TESCO LOTUS|GROCERY|PURCHASE|BANGKOKTH,Tesco Lotus
**ID345678|10/09|**3456|CAD45.50|SHOPPERS|HEALTH|PURCHASE|TORONTOCA,Shoppers Drug Mart
**ID345678|10/09|**5678|CAD120.00|LULULEMN|RETAIL|PURCHASE|VNCOVRBC,Lululemon
**ID345678|10/12|**2345|SEK300|COOP|GROCERY|PURCHASE|STOCKHOLMSE,Coop
**ID345678|10/28|**5678|GBP75.50|TESCO|GROCERY|PURCHASE|LONDONUK,Tesco
**ID345678|11/20|**1234|CNY320|WALMART|GROCERY|PURCHASE|BJNGCN,Walmart
**ID346789|01/20|**6789|USD49.99|PANDORA|JEWEL|PURCHASE|COPENHAGENDK,Pandora
**ID356897|01/16|**6897|USD125|NIKE|SPORTS|PURCHASE|USBEO,Nike
**ID357159|01/08|**7159|USD6.99|BRITBX|ENTMT|SUBSCR|LNDONUK,BritBox
**ID357159|01/09|**7159|USD299.99|NVIDIAA|TECH|PURCHASE|SNTCLRCA,NVIDIA
**ID357159|02/02|**7159|USD349.99|INTLCRP|TECH|PURCHASE|SNTCLRCA,Intel
**ID357159|02/13|**7159|USD6.99|ACORN|ENTMT|SUBSCR|LNDONUK,Acorn
**ID357159|02/26|**7159|USD299.99|MCRSFTT|TECH|PURCHASE|RDMNDWA,Microsoft
**ID357159|03/21|**7159|USD14.99|CRBYTV|ENTMT|SUBSCR|NWYORKNY,Crunchyroll
**ID357159|08/18|**7159|USD299.99|SONYCRP|TECH|PURCHASE|NWYRKNY,Sony
**ID357159|09/22|**7159|USD7.99|DSNP|ENTMT|SUBSCR|BURBNKCA,Disney+
**ID357159|10/05|**7159|USD299.99|SONYCOR|TECH|PURCHASE|SNDSCA,Sony
**ID357159|10/14|**6231|USD45.50|SPFY|ENTMT|SUBSCR|STCKHLMSW,Spotify
**ID357159|10/28|**7159|USD8.99|YTUBE|ENTMT|SUBSCR|MNTNVWCA,YouTube
**ID357159|10/29|**7159|USD549.99|MCRSFTT|TECH|PURCHASE|RDMNDWA,Microsoft
**ID357159|11/22|**7159|USD299.99|NVIDIAA|TECH|PURCHASE|SNTCLRCA,NVIDIA
**ID357159|12/03|**7159|USD7.99|CRNCH|ENTMT|SUBSCR|TOKYOJP,Crunchyroll
**ID357357|09/12|**7357|USD899.99|SONY|TECH|PURCHASE|TOKYOJP,Sony
**ID357753|03/09|**7753|USD7.99|SHUDDR|ENTMT|SUBSCR|NWYORKNY,Shudder
**ID357753|04/14|**7753|USD7.99|PARAMNT|ENTMT|SUBSCR|NWYORKNY,Paramount+
**ID357753|10/16|**7753|USD6.99|PCCK|ENTMT|SUBSCR|NWYORKNY,Peacock
**ID357753|11/21|**7753|USD9.99|DSCVR|ENTMT|SUBSCR|NWYORKNY,Disney+
**ID357753|12/27|**7753|USD15.99|SHWTM|ENTMT|SUBSCR|NWYORKNY,Showtime
**ID357911|10/17|**5793|USD45.99|BESTBY|TECH|PURCHASE|RICHFVA,Best Buy
**ID357911|10/31|**1357|USD120.50|HMDPT|HOME|PURCHASE|MIAMFL,Home Depot
**ID357913|01/22|**5791|USD9.99|AAPL|ENTMT|SUBSCR|CUPERCA,Apple
**ID357913|03/13|**5791|USD7.99|AAPL|ENTMT|SUBSCR|CUPERCA,Apple
**ID357913|05/02|**5791|USD19.99|AAPL|ENTMT|SUBSCR|CUPERCA,Apple
**ID357913|06/21|**7913|USD8.99|YTUBE|ENTMT|SUBSCR|MNTNVWCA,YouTube
**ID357913|08/10|**7913|USD7.99|SPOT|ENTMT|SUBSCR|STCKHLSW,Spotify
**ID357913|09/04|**7913|USD8.99|PNDRA|ENTMT|SUBSCR|OKLDCA,Pandora
**ID357913|09/29|**7913|USD10.99|AMZN|ENTMT|SUBSCR|STTLWA,Amazon
**ID357913|10/24|**7913|USD13.99|DSNP|ENTMT|SUBSCR|BRBKCA,Disney+
**ID357913|11/08|**5791|USD9.99|AAPL|ENTMT|SUBSCR|CUPERCA,Apple
**ID357913|11/18|**7913|USD17.99|DSCVR|ENTMT|SUBSCR|SLVRSPRMD,Discovery+
**ID357913|12/03|**5791|USD4.99|AAPL|ENTMT|SUBSCR|CUPERCA,Apple
**ID357913|12/13|**7913|USD11.99|HULU|ENTMT|SUBSCR|SNTVLCA,Hulu
**ID357913|12/28|**5791|USD7.99|AAPL|ENTMT|SUBSCR|CUPERCA,Apple
**ID357924|02/17|**7924|USD208.25|VLKS|MOTR|SERVICE|DRTHMN,Volkswagen
**ID357951|01/20|**7951|USD17.99|SLING|ENTMT|SUBSCR|ENGLWDCO,Sling TV
**ID357951|01/21|**7951|USD499.99|DELLCMP|TECH|PURCHASE|RNDRCKTX,Dell
**ID357951|02/14|**7951|USD449.99|SAMSNG|TECH|PURCHASE|RIDGFLDPRKNJ,Samsung
**ID357951|03/10|**7951|USD499.99|NVIDIAA|TECH|PURCHASE|SNTCLRCA,NVIDIA
**ID357951|04/02|**7951|USD13.99|DSNP|ENTMT|SUBSCR|BURBNKCA,Disney+
**ID357951|08/30|**7951|USD449.99|DELLCMP|TECH|PURCHASE|RNDRCKTX,Dell
**ID357951|10/04|**7951|USD4.99|APLE|ENTMT|SUBSCR|CUPERTINO,Apple
**ID357951|10/14|**6420|USD45.50|SPFY|ENTMT|SUBSCR|STCKHLSW,Spotify
**ID357951|12/04|**7951|USD499.99|INTLCRP|TECH|PURCHASE|SNTCLRCA,Intel
**ID357951|12/15|**7951|USD11.99|FUNMT|ENTMT|SUBSCR|TOKYOJP,Funimation
**ID357951|12/28|**7951|USD449.99|SONYCOR|TECH|PURCHASE|SNDSCA,Sony
**ID369147|01/22|**9147|USD17.99|HBO|ENTMT|SUBSCR|ATLNGA,HBO
**ID369147|03/23|**9147|USD12.99|DSNP|ENTMT|SUBSCR|BRBKCA,Disney+
**ID369258|01/04|**9258|USD149.99|APPL|TECH|PURCHASE|SFOCA,Apple
**ID369258|01/05|**9258|USD129.99|APPL|TECH|PURCHASE|CPRTNCA,Apple
**ID369258|04/15|**9258|USD6.99|DSNP|ENTMT|SUBSCR|BRBKCA,Disney+
**ID369258|04/21|**1478|USD12.99|HULU+|ENTMT|SUBSCR|CNCNATI,Hulu
**ID369258|08/01|**9258|USD3.99|DSNP|ENTMT|SUBSCR|BRBKCA,Disney+
**ID369258|09/27|**7531|USD129.99|TARG|RETL|PURCHASE|HOUSTX,Target
**ID369258|11/26|**9258|USD45.50|CHPTLE|FOOD|PURCHASE|DNVRCO,Chipotle
**ID369369|05/21|**9369|USD5.99|DSNP|ENTMT|SUBSCR|BRBKCA,Disney+
**ID369369|07/14|**2589|USD14.99|HBOMAX|ENTMT|SUBSCR|ATLNTA,HBO
**ID369369|10/02|**9632|USD14.99|HBOMAX|ENTMT|SUBSCR|ATLNTA,HBO
**ID369741|01/01|**3698|USD5.99|PNDORA|MUSIC|SUBSCR|OAKLAND,Pandora
**ID369741|01/04|**9741|USD199.99|LENOVOC|TECH|PURCHASE|MRRSVLNC,Lenovo
**ID369741|01/21|**3698|USD5.99|PNDORA|MUSIC|SUBSCR|OAKLAND,Pandora
**ID369741|01/27|**9741|USD4.99|APLE|ENTMT|SUBSCR|CPRTNCA,Apple
**ID369741|02/10|**3698|USD5.99|PNDORA|MUSIC|SUBSCR|OAKLAND,Pandora
**ID369741|02/21|**9741|USD249.99|LENOVOC|TECH|PURCHASE|MRRSVLNC,Lenovo
**ID369741|02/21|**9741|USD7.99|AMZN|ENTMT|SUBSCR|STTLWA,Amazon
**ID369741|03/22|**3698|USD5.99|PNDORA|MUSIC|SUBSCR|OAKLAND,Pandora
**ID369741|04/10|**9741|USD299.99|LENOVOC|TECH|PURCHASE|MRRSVLNC,Lenovo
**ID369741|04/22|**9741|USD10.99|NFLX|ENTMT|SUBSCR|LSANCA,Netflix
**ID369741|05/03|**9741|USD3.99|HULU|ENTMT|SUBSCR|SNTVLCA,Hulu
**ID369741|05/15|**1478|USD6.99|PNDORA|MUSIC|SUBSCR|OAKLAND,Pandora
**ID369741|05/28|**9741|USD349.99|LENOVOC|TECH|PURCHASE|MRRSVLNC,Lenovo
**ID369741|06/21|**9741|USD17.99|HBO|ENTMT|SUBSCR|ATLNGA,HBO
**ID369741|06/26|**9741|USD4.99|DSNP|ENTMT|SUBSCR|BRBKCA,Disney+
**ID369741|07/15|**9741|USD399.99|LENOVOC|TECH|PURCHASE|MRRSVLNC,Lenovo
**ID369741|09/01|**741|USD449.99|LENOVOC|TECH|PURCHASE|MRRSVLNC,Lenovo
**ID369741|10/22|**3698|USD5.99|PNDORA|MUSIC|SUBSCR|OAKLAND,Pandora
**ID369741|12/12|**3698|USD5.99|PNDORA|MUSIC|SUBSCR|OAKLAND,Pandora
**ID369852|02/06|**9852|USD8.99|NFLX|ENTMT|SUBSCR|LSANCA,Netflix
**ID369852|03/17|**9852|USD34.99|HBOMAX|ENTMT|SUBSCR|NWYRKNY,HBO
**ID369852|04/07|**9852|USD19.99|HBO|ENTMT|SUBSCR|ATLNGA,HBO
**ID369852|05/04|**9852|USD39.99|HBOMAX|ENTMT|SUBSCR|NWYRKNY,HBO
**ID369852|06/04|**9632|USD14.99|HBOMAX|ENTMT|SUBSCR|ATLNTA,HBO
**ID369852|06/06|**9852|USD14.99|DSNP|ENTMT|SUBSCR|BRBKCA,Disney+
**ID369852|06/08|**9852|USD2.99|HULU|ENTMT|SUBSCR|SNTVLCA,Hulu
**ID369852|08/08|**9852|USD49.99|HBOMAX|ENTMT|SUBSCR|NWYRKNY,HBO
**ID369852|11/11|**2589|USD14.99|HBOMAX|ENTMT|SUBSCR|ATLNTA,HBO
**ID369852|12/11|**9852|USD14.99|HBOMAX|ENTMT|SUBSCR|NWYRKNY,HBO
**ID369963|03/08|**9963|USD6.99|SPOT|ENTMT|SUBSCR|STCKHLM,Spotify
**ID369963|05/07|**9963|USD4.99|AAPL|ENTMT|SUBSCR|CUPRTNO,Apple
**ID369963|06/24|**3698|USD5.99|PNDORA|MUSIC|SUBSCR|OAKLAND,Pandora
**ID369963|07/14|**9963|USD1.99|HULU|ENTMT|SUBSCR|SNTVLCA,Hulu
**ID369963|11/30|**1478|USD5.99|PNDORA|MUSIC|SUBSCR|OAKLAND,Pandora
**ID378459|05/28|**8459|USD799.99|BOSE_HEADPHONE|TECH|PURCHASE|BOSTON,Bose
**ID409583|07/09|**9583|USD800|BULGARI|RINGS|PURCHASE|ROME,Bulgari
**ID410237|02/12|**0237|USD12.99|LCDR|SBYP|SIP|WSTRW,Lyft
**ID424980|03/25|**4980|USD499.99|CANADA_GOOSE|APPAREL|PURCHASE|TORONTOCA,Canada Goose
**ID450932|06/21|**0932|USD19.99|SHOWTIME|ENTMT|SUBSCR|NEWYORK,Showtime
**ID456123|02/06|**6123|USD50|SEPHORA|COSMETIC|PURCHASE|SANFRANCISCOUSA,Sephora
**ID456789|01/01|**6789|EUR53.75|INTERMARCHE|GROCERY|PURCHASE|MARSEILLEFR,Intermarché
**ID456789|01/04|**6789|THB2000|TESCO|GROCERY|PURCHASE|BANGKOKTH,Tesco
**ID456789|01/14|**6789|USD10.99|HULU|ENTMT|SUBSCR|LA_CA,Hulu
**ID456789|01/21|**6789|USD37.50|CVS|HEALTH|PURCHASE|BOSTONMA,CVS
**ID456789|01/23|**6789|JPY9000|LAWSON|GROCERY|PURCHASE|TOKYOJP,Lawson
**ID456789|02/10|**6789|EUR71.25|CARREFOUR|GROCERY|PURCHASE|MARSEILLEFR,Carrefour
**ID456789|02/13|**6789|ILS200|SHUFERSAL|GROCERY|PURCHASE|TELAVIVIL,Shufersal
**ID456789|02/25|**2345|CAD89.99|LOBLAWS|GROCERY|PURCHASE|TRONTCA,Loblaws
**ID456789|02/27|**6789|GBP52.50|BOOTS|HEALTH|PURCHASE|GLSGWSCT,Boots
**ID456789|03/02|**6789|EUR57.50|AUCHAN|GROCERY|PURCHASE|PARISFR,Auchan
**ID456789|03/22|**6789|EUR69.99|LECLERC|GROCERY|PURCHASE|LYONFR,Leclerc
**ID456789|03/25|**6789|BAM100|BINGO|GROCERY|PURCHASE|SARAJEVOBA,Bingo
**ID456789|04/03|**6789|GBP48.75|TESCO|GROCERY|PURCHASE|MNCHSENG,Tesco
**ID456789|04/11|**6789|GBP43.75|ASDA|GROCERY|PURCHASE|MANCHESTERUK,ASDA
**ID456789|05/05|**6789|USD23.45|KHLS|RETAIL|PURCHASE|KNSSCTYMO,Kohl's
**ID456789|05/08|**6789|USD82.25|KOHLS|RETAIL|PURCHASE|CHICIL,Kohl's
**ID456789|05/09|**6789|SGD25|FAIRPRICE|GROCERY|PURCHASE|SINGAPORESG,Fairprice
**ID456789|06/12|**6789|EUR68.50|LIDL|GROCERY|PURCHASE|BRLNDE,Lidl
**ID456789|06/14|**6789|USD90.12|TJMAXX|RETAIL|PURCHASE|PRVDNCERI,T.J. Maxx
**ID456789|06/15|**5678|EUR58.90|ALBERT HEIJN|GROCERY|PURCHASE|AMSDNL,Albert Heijn
**ID456789|06/18|**6789|AED150|CARREFOUR|GROCERY|PURCHASE|DUBAIAE,Carrefour
**ID456789|07/04|**6789|USD23.45|MARSHALLS|RETAIL|PURCHASE|RCHSTRNY,Marshalls
**ID456789|07/17|**6789|USD88.25|MACYS|RETAIL|PURCHASE|NWYRKNY,Macy's
**ID456789|07/24|**6789|USD78.90|ACADEMY|SPORTS|PURCHASE|LBBCKX,Academy
**ID456789|07/28|**6789|MXN600|SORIANA|GROCERY|PURCHASE|MEXICOCITYMX,Soriana
**ID456789|08/13|**6789|USD34.56|MARSHALLS|RETAIL|PURCHASE|SLTLKCTUT,Marshalls
**ID456789|08/21|**6789|CAD105.25|SHOPPERS|HEALTH|PURCHASE|TRONTOON,Shoppers Drug Mart
**ID456789|09/02|**6789|USD56.78|MICHAELS|CRAFT|PURCHASE|SLTLKCTUT,Michaels
**ID456789|09/22|**6789|USD12.34|DOLLARTREE|RETAIL|PURCHASE|ALBNYGA,DOLLAR TREE
**ID456789|10/03|**5678|EUR72.50|CARREFOUR|GROCERY|PURCHASE|PARSFR,Carrefour
**ID456789|10/13|**6789|USD90.12|OLDNAVY|RETAIL|PURCHASE|SNTBRBRA,Old Navy
**ID456789|10/16|**6789|MXN750|WALMART|GROCERY|PURCHASE|MEXICOCITYMX,Walmart
**ID456789|11/02|**6789|CAD68.50|LOBLAWS|GROCERY|PURCHASE|VANCOUVERCA,Loblaws
**ID456789|11/14|**6789|USD95.00|MACYS|RETAIL|PURCHASE|NWYRKNY,Macy's
**ID456789|11/22|**6789|USD36.50|CVS|HEALTH|PURCHASE|NEWYORKNY,CVS
**ID456789|11/25|**6789|BRL500|CARREFOUR|GROCERY|PURCHASE|SAOPAULOBR,Carrefour
**ID456789|11/25|**6789|GBP58.50|BOOTS|HEALTH|PURCHASE|MNCHSENG,Boots
**ID456789|12/12|**6789|EUR64.75|LECLERC|GROCERY|PURCHASE|PARISFR,Leclerc
**ID456789|12/19|**6789|AUD95.50|WOOLWRTH|GROCERY|PURCHASE|MLBRNAU,Woolworths
**ID457891|01/02|**7891|USD45.99|NETFLX|ENTMT|SUBSCR|MNTVCA,Netflix
**ID459032|06/25|**9032|USD39.99|TESLAMODEL3|AUTO|SERVICE|PALOALTOSJ,Tesla
**ID467801|03/13|**7801|USD49.99|MACYS|APPAREL|PURCHASE|NEWYORKNY,Macy's
**ID468024|01/24|**6802|USD150.00|CSCO|TECH|PURCHASE|SNJSECA,Cisco
**ID468024|02/18|**6802|USD250.00|IBM|TECH|PURCHASE|ARMNKNY,IBM
**ID468024|03/15|**6802|USD300.00|CSCO|TECH|PURCHASE|SNJSECA,Cisco
**ID468024|04/09|**6802|USD200.00|IBM|TECH|PURCHASE|ARMNKNY,IBM
**ID468024|05/04|**6802|USD100.00|CSCO|TECH|PURCHASE|SNJSECA,Cisco
**ID468024|05/29|**8024|USD599.99|MSFT|TECH|PURCHASE|RDMNDWA,Microsoft
**ID468024|06/23|**8024|USD1499.99|DELL|TECH|PURCHASE|RNDRKX,Dell
**ID468024|07/18|**8024|USD799.99|HP|TECH|PURCHASE|PALOALTOCA,HP
**ID468024|09/06|**8024|USD999.99|NTFLX|TECH|PURCHASE|LSGNLCA,Netflix
**ID468024|10/01|**8024|USD799.99|ADBE|TECH|PURCHASE|SNJSCA,Adobe
**ID468024|10/03|**9876|USD55.75|SBUX|FOOD|PURCHASE|SANJOCA,Starbucks
**ID468024|10/16|**1357|USD200.00|APPL|TECH|PURCHASE|CUPERCA,Apple
**ID468024|10/16|**1357|USD200.00|APPL|TECH|PURCHASE|CUPERTCA,Apple
**ID468024|10/26|**8024|USD599.99|SONY|TECH|PURCHASE|TKYOJP,Sony
**ID468024|11/10|**6802|USD100.00|TSLA|TECH|PURCHASE|FREMOCA,Tesla
**ID468024|11/20|**8024|USD599.99|NVDA|TECH|PURCHASE|SNTCLCA,NVIDIA
**ID468024|12/05|**6802|USD50.00|CSCO|TECH|PURCHASE|SNJSECA,Cisco
**ID468024|12/15|**8024|USD499.99|MSFT|TECH|PURCHASE|RDMNDWA,Microsoft
**ID468024|12/30|**6802|USD75.00|IBM|TECH|PURCHASE|ARMNKNY,IBM
**ID468209|03/19|**8209|USD200.00|COACH|LUXURY|PURCHASE|NEWYORKNY,Coach
**ID480369|01/12|**0369|USD14.99|HULU|ENTMT|SUBSCR|NYCNY,Hulu
**ID483926|09/28|**4578|USD225.00|NORDSTRM|CLTH|PURCHASE|ATLNTA,Nordstrom
**ID487329|09/19|**5621|USD45.75|CHFTL|RES|PURCHASE|LAXNAM,Chipotle
**ID489072|05/08|**9072|USD399.99|DJIPhantom|DRONE|PURCHASE|HONGKONG,DJI
**ID498710|05/04|**8710|USD25.99|SPOTIFY|MUSIC|SUBSCR|STOCKHOLM,Spotify
**ID509324|06/27|**9324|USD524.99|ACER_PREDATOR|TECH|PURCHASE|TAIPEI_TW,Acer
**ID534760|10/01|**3492|USD89.95|EBY|MARKT|PURCHASE|BAYAREA,eBay
**ID560948|05/20|**0948|USD149.99|KINDLE|EBOOK_READER|PURCHASE|Washington,Amazon
**ID562980|03/18|**2980|USD650.00|HRTX|VEHL|RENTL|DMVLV,Hertz
**ID567381|09/26|**4739|USD112.80|BBYOND|MUS|PURCHASE|NSHVLL,BED BATH & BEYOND
**ID567890|01/24|**7890|COP200000|EXITO|GROCERY|PURCHASE|BOGOTACO,Exito
**ID567890|03/03|**6789|GBP45.25|TESCO|GROCERY|PURCHASE|LNDNUK,Tesco
**ID567890|03/05|**7890|CZK1500|ALBERT|GROCERY|PURCHASE|PRAGUECZ,Albertsons
**ID567890|04/14|**7890|KGS500|GLOBUS|GROCERY|PURCHASE|BISHKEKKG,Globus
**ID567890|04/19|**7890|USD34.56|CSTCO|RETAIL|PURCHASE|SNJSECA,Costco
**ID567890|05/13|**0123|HKD200|WELLCOME|GROCERY|PURCHASE|HONGKONGHK,Wellcome
**ID567890|06/21|**9012|AED225|CARREFOUR|GROCERY|PURCHASE|DUBIAE,Carrefour
**ID567890|06/22|**0123|NOK200|REMA 1000|GROCERY|PURCHASE|OSLONO,Rema 1000
**ID567890|08/15|**9012|HKD420|WELLCOME|GROCERY|PURCHASE|HKGHK,Wellcome
**ID567890|10/17|**2345|AUD78.25|WOOLWORTHS|GROCERY|PURCHASE|SYDNEYAU,Woolworths
**ID567890|10/24|**7890|JPY8500|UNIQLO|RETAIL|PURCHASE|TOKYOJP,Uniqlo
**ID567890|11/05|**7890|JPY15000|UNIQLO|CLOTHING|PURCHASE|TOKYOJP,Uniqlo
**ID567890|12/15|**7890|PLN500|BIEDRONKA|GROCERY|PURCHASE|WARSAWPL,Biedronka
**ID568947|02/14|**8947|USD129.99|TISSOT|WATCH|PURCHASE|LEMANSW,Tissot
**ID579135|01/27|**7913|USD17.99|HBO|ENTMT|SUBSCR|NWYRKNY,HBO
**ID579135|02/21|**7913|USD14.99|HBO|ENTMT|SUBSCR|NWYRKNY,HBO
**ID579135|03/18|**7913|USD12.99|HBO|ENTMT|SUBSCR|NWYRKNY,HBO
**ID579135|05/07|**7913|USD14.99|HBO|ENTMT|SUBSCR|NWYRKNY,HBO
**ID579135|06/01|**9135|USD14.99|DSNP|ENTMT|SUBSCR|BRBKCA,Disney+
**ID579135|06/26|**9135|USD19.99|ESPN|ENTMT|SUBSCR|BRSLLCT,ESPN
**ID579135|07/21|**9135|USD21.99|CMCST|ENTMT|SUBSCR|PHLDLPHPA,Comcast
**ID579135|08/15|**9135|USD18.99|HBO|ENTMT|SUBSCR|SNMNCA,HBO
**ID579135|09/09|**9135|USD17.99|HBOMAX|ENTMT|SUBSCR|BRBKCA,HBO
**ID579135|10/04|**9135|USD19.99|NFLX|ENTMT|SUBSCR|LSGNLCA,Netflix
**ID579135|10/05|**2468|USD199.99|APPL|TECH|PURCHASE|CUPRTCA,Apple
**ID579135|10/19|**9753|USD75.25|HULU|ENTMT|SUBSCR|SNTVLCA,Hulu
**ID579135|10/19|**9876|USD12.99|HULU|ENTMT|SUBSCR|SNTVLECA,Hulu
**ID579135|10/29|**9135|USD18.99|YTUBE|ENTMT|SUBSCR|MNTNVWCA,YouTube
**ID579135|11/07|**6428|USD210.50|BARNES|BOOKS|PURCHASE|NYC,Barnes & Noble
**ID579135|11/13|**7913|USD5.99|PNDRA|ENTMT|SUBSCR|OAKLDCA,Pandora
**ID579135|12/08|**7913|USD12.99|HBO|ENTMT|SUBSCR|NWYRKNY,HBO
**ID579246|10/21|**8135|USD129.99|NIKE|APPRL|PURCHASE|BEAVRTOR,Nike
**ID592817|09/25|**9024|USD89.99|BESTBUY|ELEC|PURCHASE|NYC,Best Buy
**ID608934|07/05|**8934|USD449.99|ICOM|AMATEUR_RADIO|PURCHASE|OSAKA_JP,ICOM
**ID635531|01/20|**5531|USD15.00|METC|PHRM|DRUG|DTTONT,Walgreens
**ID642087|04/04|**2087|USD349.99|TEDBAKER|APPAREL|PURCHASE|LONDONUK,Ted Baker
**ID654321|03/26|**4321|USD99.99|MSFT365|TECH|SUBSCR|RDMNDWA,Microsoft
**ID654321|05/13|**4321|USD109.99|MSFT365|TECH|SUBSCR|RDMNDWA,Microsoft
**ID654321|06/30|**4321|USD119.99|MSFT365|TECH|SUBSCR|RDMNDWA,Microsoft
**ID654321|12/20|**4321|USD79.99|MSFT|TECH|SUBSCR|RDMNDWA,Microsoft
**ID654789|01/13|**4789|USD59.99|XBOXLVE|GAMING|SUBSCR|RDMNDWA,Xbox Live
**ID654789|03/02|**4789|USD69.99|XBOXLVE|GAMING|SUBSCR|RDMNDWA,Xbox Live
**ID654789|04/19|**4789|USD79.99|XBOXLVE|GAMING|SUBSCR|RDMNDWA,Xbox Live
**ID654789|06/06|**4789|USD89.99|XBOXLVE|GAMING|SUBSCR|RDMNDWA,Xbox Live
**ID658429|03/09|**8429|USD120.00|ADLB|POST|MAIL|BYD,ADLB
**ID659284|09/19|**7543|USD172.00|MACYS|APPRL|PURCHASE|CHICGO,Macy's
**ID673829|02/25|**3829|USD199.99|RCTR|DVC|GAMERA|STMFD,Razer
**ID678901|01/02|**8901|USD72.50|KOHLS|RETAIL|PURCHASE|ATLNTGA,Kohl's
**ID678901|01/13|**4567|JPY4600|MINISTOP|CONVENIENCE|PURCHASE|OSAKAJP,Ministop
**ID678901|01/20|**3456|EUR55.80|EDEKA|GROCERY|PURCHASE|BERLDE,EDEKA
**ID678901|02/01|**8901|KRW100000|EMART|GROCERY|PURCHASE|SEOULKR,E-Mart
**ID678901|02/01|**8901|KRW100000|EMART|GROCERY|PURCHASE|SEOULKR REF1,E-Mart
**ID678901|02/01|**8901|KRW100000|EMART|GROCERY|PURCHASE|SEOULKR REF2,E-Mart
**ID678901|02/01|**8901|KRW100000|EMART|GROCERY|PURCHASE|SEOULKR REF3,E-Mart
**ID678901|02/02|**4567|CAD47.99|IGA|GROCERY|PURCHASE|VANCOUVERCA,IGA
**ID678901|02/06|**8901|EUR78.50|LIDL|GROCERY|PURCHASE|BRLNDE,Lidl
**ID678901|02/20|**3456|EUR55.80|EDEKA|GROCERY|PURCHASE|BERLDE,EDEKA
**ID678901|02/22|**4567|GBP38.75|SAINSBURY'S|GROCERY|PURCHASE|LEEDSUK,Sainsbury's
**ID678901|03/13|**8901|BGN100|BILLA|GROCERY|PURCHASE|SOFIABG,Billa
**ID678901|03/13|**8901|JPY8000|FAMILYMT|GROCERY|PURCHASE|OSAKAJP,FamilyMart
**ID678901|03/20|**3456|EUR55.80|EDEKA|GROCERY|PURCHASE|BERLDE,EDEKA
**ID678901|04/03|**4567|USD47.99|RITE AID|HEALTH|PURCHASE|NEWYORKNY,Rite Aid
**ID678901|04/17|**8901|AUD92.50|WOOLWRTH|GROCERY|PURCHASE|SYDNYAU,Woolworths
**ID678901|04/27|**8901|USD90.12|LWES|HOME|PURCHASE|CRLTTENC,Lowe's
**ID678901|05/02|**3456|KRW55000|LOTTE MART|GROCERY|PURCHASE|SEOLKR,Lotte Mart
**ID678901|05/17|**4567|MXN500|CHEDRAUI|GROCERY|PURCHASE|MEXICOCITYMX,Chedraui
**ID678901|05/22|**8901|JPY7500|7ELEVEN|GROCERY|PURCHASE|TOKYOJP,7-Eleven
**ID678901|06/06|**8901|USD45.67|MICHLSKFT|CRAFT|PURCHASE|PRTLNDME,Michaels
**ID678901|06/26|**3456|AUD82.75|COLES|GROCERY|PURCHASE|SYDNAU,Coles
**ID678901|06/26|**4567|THB500|BIG C|GROCERY|PURCHASE|BANGKOKTH,Big C
**ID678901|06/26|**8901|USD34.56|HOMEDEPOT|HOME|PURCHASE|CNCNNTOH,Home Depot
**ID678901|06/26|**8901|USD72.75|ROSS|RETAIL|PURCHASE|MIAMFL,Ross
**ID678901|07/16|**8901|USD56.78|OLDNAVY|RETAIL|PURCHASE|FRSNOCA,Old Navy
**ID678901|07/31|**8901|GBP62.75|TESCO|GROCERY|PURCHASE|LNDNENG,Tesco
**ID678901|08/05|**4567|SEK250|HEMKÖP|GROCERY|PURCHASE|STOCKHOLMSE,Hemköp
**ID678901|08/05|**8901|USD12.34|TJMAXX|RETAIL|PURCHASE|SHRPRTLA,T.J. Maxx
**ID678901|08/20|**3456|EUR55.80|EDEKA|GROCERY|PURCHASE|BERLDE,EDEKA
**ID678901|08/25|**8901|USD90.12|SEPHORA|BEAUTY|PURCHASE|FRSNOCA,Sephora
**ID678901|09/05|**8901|AUD92.50|WOOLWRTH|GROCERY|PURCHASE|SYDNYAU,Woolworths
**ID678901|09/14|**4567|KRW75000|E-MART|GROCERY|PURCHASE|SEOULKR,E-Mart
**ID678901|09/14|**8901|USD23.45|BESTBUY|TECH|PURCHASE|BSTNMA,Best Buy
**ID678901|10/04|**8901|USD78.90|NORDSTROM|RETAIL|PURCHASE|LNCLNNE,Nordstrom
**ID678901|10/14|**3456|RUB3200|MAGNIT|GROCERY|PURCHASE|MOSCRU,Magnit
**ID678901|10/21|**8901|USD78.90|NORDSTROM|RETAIL|PURCHASE|LNCLNNE,Nordstrom
**ID678901|11/13|**8901|SGD180|FAIRPRICE|GROCERY|PURCHASE|SINGAPORESG,Fairprice
**ID678901|11/14|**4567|JPY4800|LAWSON|CONVENIENCE|PURCHASE|OSAKAJP,Lawson
**ID678901|11/28|**8901|GBP55.50|TESCO|GROCERY|PURCHASE|MNCHSENG,Tesco
**ID678901|12/04|**4567|CAD43.25|METRO|GROCERY|PURCHASE|MONTREALCA,Metro
**ID678901|12/23|**8901|AED400|CARREFOUR|GROCERY|PURCHASE|DUBAIUAE,Carrefour
**ID680246|01/04|**8024|USD300.00|MSFT|TECH|PURCHASE|REDMNWA,Microsoft
**ID680246|01/29|**8024|USD200.00|QCOM|TECH|PURCHASE|SNDGOCA,Qualcomm
**ID680246|02/23|**8024|USD100.00|MSFT|TECH|PURCHASE|REDMNWA,Microsoft
**ID680246|03/20|**8024|USD50.00|QCOM|TECH|PURCHASE|SNDGOCA,Qualcomm
**ID680246|05/09|**8024|USD150.00|QCOM|TECH|PURCHASE|SNDGOCA,Qualcomm
**ID680246|06/28|**0246|USD899.99|SMSNG|TECH|PURCHASE|SUWONKR,Samsung
**ID680246|07/23|**0246|USD1099.99|INTC|TECH|PURCHASE|SNTCLCA,Intel
**ID680246|08/17|**0246|USD1299.99|TSLA|AUTO|PURCHASE|FRMNTCA,Tesla
**ID680246|09/11|**0246|USD699.99|LNVO|TECH|PURCHASE|BJNGCN,Lenovo
**ID680246|10/06|**0246|USD1099.99|AAPL|TECH|PURCHASE|CPRTNCA,Apple
**ID680246|10/10|**1357|USD75.00|CSTCO|RETAIL|PURCHASE|ISSAQWA,Costco
**ID680246|10/21|**2468|USD300.00|MSFT|TECH|PURCHASE|REDMDWA,Microsoft
**ID680246|10/21|**2468|USD75.00|MSFT|TECH|PURCHASE|REDMNWA,Microsoft
**ID680246|10/21|**5432|USD75.25|UBER|TRNSP|SERVICE|SNFRNCA,Uber
**ID680246|10/31|**0246|USD899.99|DELL|TECH|PURCHASE|RNDRKX,Dell
**ID680246|11/15|**8024|USD150.00|IBM|TECH|PURCHASE|ARMNKNY,IBM
**ID680246|11/25|**0246|USD899.99|HP|TECH|PURCHASE|PALOALTOCA,HP
**ID680246|12/10|**8024|USD250.00|QCOM|TECH|PURCHASE|SNDGOCA,Qualcomm
**ID680246|12/20|**0246|USD799.99|GOOGL|TECH|PURCHASE|MNTNVWCA,Google
**ID690231|09/27|**2837|USD78.20|BARNES|BOOKS|PURCHASE|NYC,Barnes & Noble
**ID710834|04/30|**0834|USD12.99|DISCOVERY+|ENTMT|SUBSCR|NEWYORK,Discovery+
**ID734909|02/07|**4909|USD310.00|EPSN|SPRT|MATCH|GLSB,ESPN
**ID741147|03/20|**1147|USD1099.99|TSLA|TECH|PURCHASE|FREMNTCA,Tesla
**ID741147|05/19|**1147|USD899.99|INTC|TECH|PURCHASE|SNCLRCA,Intel
**ID741147|07/17|**1147|USD899.99|INTC|TECH|PURCHASE|SNCLRCA,Intel
**ID741258|02/14|**1258|USD10.99|SPOT|ENTMT|SUBSCR|STCKHLMSW,Spotify
**ID741258|03/05|**1258|USD699.99|SMSG|TECH|PURCHASE|SEOULKR,Samsung
**ID741258|07/03|**1258|USD19.99|GOOG|TECH|PURCHASE|MNTNVWCA,Google
**ID741258|07/08|**1258|USD6.99|SPOT|ENTMT|SUBSCR|STCKHLMSW,Spotify
**ID741258|08/15|**9632|USD10.99|HULU|ENTMT|SUBSCR|SNNYVALE,Hulu
**ID741258|11/03|**3698|USD10.99|HULU|ENTMT|SUBSCR|SNNYVALE,Hulu
**ID741369|03/04|**1369|USD3.99|APLE|ENTMT|SUBSCR|CPRTNCA,Apple
**ID741369|04/19|**1369|USD499.99|AMD|TECH|PURCHASE|SNTCLRCA,AMD
**ID741369|04/27|**1369|USD8.99|SPOT|ENTMT|SUBSCR|STCKHLMSW,Spotify
**ID741369|06/18|**1369|USD699.99|SMSG|TECH|PURCHASE|SEOULKR,Samsung
**ID741369|07/26|**1369|USD0.99|APLE|ENTMT|SUBSCR|CPRTNCA,Apple
**ID741369|09/04|**3698|USD6.99|APPLTV|ENTMT|SUBSCR|CUPRTIN,Apple
**ID741369|11/22|**9632|USD6.99|APPLMS|MUSIC|SUBSCR|CUPRTIN,Apple
**ID741741|06/02|**1741|USD7.99|SPOT|ENTMT|SUBSCR|STCKHLMSW,Spotify
**ID741741|08/13|**1741|USD5.99|SPOT|ENTMT|SUBSCR|STCKHLMSW,Spotify
**ID741852|01/13|**2589|USD10.99|HULU|ENTMT|SUBSCR|SNNYVALE,Hulu
**ID741852|01/15|**1852|USD6.99|HULU|ENTMT|SUBSCR|SNTVLCA,Hulu
**ID741852|01/19|**1852|USD999.99|GOOG|TECH|PURCHASE|MNTNVWCA,Google
**ID741852|02/02|**2589|USD10.99|HULU|ENTMT|SUBSCR|SNNYVALE,Hulu
**ID741852|03/22|**1852|USD9.99|SPOT|ENTMT|SUBSCR|STCKHLMSW,Spotify
**ID741852|05/15|**1852|USD1.99|APLE|ENTMT|SUBSCR|CPRTNCA,Apple
**ID741852|10/14|**7412|USD6.99|APPLTV|ENTMT|SUBSCR|CUPRTIN,Apple
**ID741852|11/23|**1852|USD89.99|NFLX|ENTMT|SUBSCR|LSGTSCA,Netflix
**ID741852|12/04|**2589|USD10.99|HULU|ENTMT|SUBSCR|SNNYVALE,Hulu
**ID741963|01/29|**1963|USD399.99|DELL|TECH|PURCHASE|RNDRKtx,Dell
**ID741963|04/04|**1963|USD1299.99|NVDA|TECH|PURCHASE|SNTCLRCA,NVIDIA
**ID741963|05/07|**3698|USD7.99|APPLTV|ENTMT|SUBSCR|CUPRTIN,Apple
**ID741963|06/03|**1963|USD799.99|MSFT|TECH|PURCHASE|RDMNDWA,Microsoft
**ID741963|06/20|**1963|USD0.99|APLE|ENTMT|SUBSCR|CPRTNCA,Apple
**ID743509|05/22|**3509|USD39.99|APPLE_ARCADE|VIDEOGAMES|SUBSCR|CUPCA,Apple
**ID743985|02/26|**3985|USD21.99|VIACOMCBS|ENTMT|SUBSCR|NEWYORKNY,Paramount+
**ID745698|02/10|**5698|USD11.99|NYT|NEWS|SUBSCR|NEWYORKNY,New York Times
**ID753159|01/15|**3159|USD599.99|GOOGLET|TECH|PURCHASE|MNTNVWCA,Google
**ID753159|01/16|**3159|USD799.99|INTUIT|TECH|PURCHASE|MNTNVWCA,Intuit
**ID753159|01/31|**3159|USD199.99|SAMSNG|TECH|PURCHASE|SUWONKR,Samsung
**ID753159|02/08|**3159|USD699.99|LENOVOC|TECH|PURCHASE|MRRSVLNC,Lenovo
**ID753159|02/21|**3159|USD1199.99|DOCSGN|TECH|PURCHASE|SNFRNCSCO,DocuSign
**ID753159|03/20|**3159|USD249.99|SAMSNG|TECH|PURCHASE|SUWONKR,Samsung
**ID753159|03/29|**3159|USD699.99|VMWARE|TECH|PURCHASE|PLALTOCA,VMware
**ID753159|05/07|**3159|USD299.99|SAMSNG|TECH|PURCHASE|SUWONKR,Samsung
**ID753159|06/24|**3159|USD349.99|SAMSNG|TECH|PURCHASE|SUWONKR,Samsung
**ID753159|08/11|**3159|USD399.99|SAMSNG|TECH|PURCHASE|SUWONKR,Samsung
**ID753159|08/24|**3159|USD599.99|SAMSNG|TECH|PURCHASE|RIDGFLDPRKNJ,Samsung
**ID753159|09/17|**3159|USD699.99|LENOVOC|TECH|PURCHASE|MRRSVLNC,Lenovo
**ID753159|09/28|**3159|USD19.99|HBO|ENTMT|SUBSCR|NWYORKNY,HBO
**ID753159|10/11|**3159|USD599.99|SAMSNG|TECH|PURCHASE|RIDGFLDPRKNJ,Samsung
**ID753159|11/05|**3159|USD1299.99|ACER|TECH|PURCHASE|NEWTKR,Acer
**ID753159|11/28|**3159|USD599.99|LENOVOC|TECH|PURCHASE|MRRSVLNC,Lenovo
**ID753159|12/11|**3159|USD899.99|CSCO|TECH|PURCHASE|SNJOSECA,Cisco
**ID753159|12/14|**3159|USD129.99|NRDSTRM|RETAIL|PURCHASE|STTLEWA,Nordstrom
**ID753159|12/22|**3159|USD699.99|MCRSFTT|TECH|PURCHASE|RDMNDWA,Microsoft
**ID753357|01/04|**3357|USD999.99|VMW|TECH|PURCHASE|PLALTOCA,VMware
**ID753357|03/17|**3357|USD799.99|SNWFLK|TECH|PURCHASE|BZMTMT,Snowflake
**ID753357|10/24|**3357|USD899.99|HP|TECH|PURCHASE|PALOALTOCA,HP
**ID753753|09/18|**3753|USD1099.99|GGLE|TECH|PURCHASE|MNTNVWCA,Google
**ID753951|01/03|**3951|USD899.99|APPLEIN|TECH|PURCHASE|CPRTNOCA,Apple
**ID753951|01/07|**3951|USD14.99|NYTIMES|NEWS|SUBSCR|NWYRKNY,New York Times
**ID753951|01/27|**3951|USD799.99|SONYCRP|TECH|PURCHASE|NWYRKNY,Sony
**ID753951|01/28|**3951|USD699.99|SYNPSE|TECH|PURCHASE|PLALTOCA,Synapse
**ID753951|02/20|**3951|USD899.99|APPLEIN|TECH|PURCHASE|CPRTNOCA,Apple
**ID753951|02/24|**3951|USD19.99|NYTIMES|NEWS|SUBSCR|NWYRKNY,New York Times
**ID753951|03/05|**3951|USD899.99|DATORMA|TECH|PURCHASE|TLVIVIL,Datorama
**ID753951|04/10|**3951|USD999.99|AKAMAI|TECH|PURCHASE|CMBRIDGE,Akamai
**ID753951|04/13|**3951|USD24.99|NYTIMES|NEWS|SUBSCR|NWYRKNY,New York Times
**ID753951|05/31|**3951|USD29.99|NYTIMES|NEWS|SUBSCR|NWYRKNY,New York Times
**ID753951|07/18|**3951|USD29.99|NYTIMES|NEWS|SUBSCR|NWYRKNY,New York Times
**ID753951|08/15|**3951|USD59.99|GAMSTOP|RETAIL|PURCHASE|GRAPVNTX,Gamestop
**ID753951|09/04|**3951|USD29.99|NYTIMES|NEWS|SUBSCR|NWYRKNY,New York Times
**ID753951|09/05|**3951|USD799.99|MCRSFTT|TECH|PURCHASE|RDMNDWA,Microsoft
**ID753951|09/29|**3951|USD899.99|APPLEINC|TECH|PURCHASE|CPRTNOCA,Apple
**ID753951|10/03|**2468|USD89.99|HMDPT|HMIMP|PURCHASE|ORLNFL,Home Depot
**ID753951|10/12|**3951|USD1199.99|NVDA|TECH|PURCHASE|SNTCLRCA,NVIDIA
**ID753951|10/23|**3951|USD799.99|APPLEIN|TECH|PURCHASE|CPRTNOCA,Apple
**ID753951|12/02|**3951|USD199.99|BSTBY|TECH|PURCHASE|RCHFLDMN,Best Buy
**ID753951|12/10|**3951|USD799.99|APPLEIN|TECH|PURCHASE|CPRTNOCA,Apple
**ID753951|12/23|**3951|USD1199.99|IBM|TECH|PURCHASE|ARMONKNY,IBM
**ID759213|03/21|**9213|USD27.25|MPON|CGR|CMDY|NWLK,Mpon
**ID781234|01/25|**1234|USD18.75|TKFS|DERV|EATS|HKGCN,Takeaways
**ID781234|01/25|**1234|USD18.75|TKFS|DERV|EATS|HKGCN REF1,Takeaways
**ID781234|01/25|**1234|USD18.75|TKFS|DERV|EATS|HKGCN REF2,Takeaways
**ID781234|01/25|**1234|USD18.75|TKFS|DERV|EATS|HKGCN REF3,Takeaways
**ID786392|09/17|**9456|USD315.70|HIBBET|SPRTS|PURCHASE|ATNTGA,Hibbett Sports
**ID789012|01/12|**9012|PHP5000|SM|GROCERY|PURCHASE|MANILAP,SM
**ID789012|02/21|**9012|RON300|KAUFLAND|GROCERY|PURCHASE|BUCHARESTRO,Kaufland
**ID789012|03/14|**5678|SGD62.80|FAIRPRICE|GROCERY|PURCHASE|SNGPSG,Fairprice
**ID789012|04/07|**9012|USD23.45|SBUX|FOOD|PURCHASE|PRTLNDOR,Starbucks
**ID789012|05/08|**7890|MYR120.50|GIANT|GROCERY|PURCHASE|KLMPMYS,Giant
**ID789012|05/21|**8901|BRL150|EXTRA|GROCERY|PURCHASE|SAOPAULOBR,Extra
**ID789012|07/02|**7890|GBP48.50|TESCO|GROCERY|PURCHASE|LNDNUK,Tesco
**ID789012|08/09|**8901|DKK200|FØTEX|GROCERY|PURCHASE|COPENHAGENDK,Føtex
**ID789012|09/18|**8901|AED225|UNION COOP|GROCERY|PURCHASE|DUBAIAE,Union Coop
**ID789012|10/02|**9012|EUR95.50|ZARA|RETAIL|PURCHASE|PRSFRCE,Zara
**ID789012|10/05|**9012|EUR62.75|CARREFOUR|GROCERY|PURCHASE|PARISFR,Carrefour
**ID789012|10/24|**9012|EUR120|ZARA|CLOTHING|PURCHASE|MADRIDES,Zara
**ID789023|04/26|**9023|USD160|FOSSIL|WATCHES|PURCHASE|RICHARDSON,Fossil
**ID789123|01/22|**9123|USD79.99|AAPLWCH|TECH|PURCHASE|CUPRTNO,Apple
**ID789123|04/28|**9123|USD99.99|AAPLWCH|TECH|PURCHASE|CUPRTNO,Apple
**ID789123|06/15|**9123|USD109.99|AAPLWCH|TECH|PURCHASE|CUPRTNO,Apple
**ID789163|09/30|**4382|USD40.50|TACOBEL|FOOD|PURCHASE|ALBQRQ,Taco Bell
**ID789206|04/16|**9206|USD150|YVES_SAINT_LAURENT|LUXURY|PURCHASE|PARIS,Yves Saint Laurent
**ID789267|04/22|**9267|USD89.99|RTIC_OUTDOORS|OUTDOOR_GEAR|PURCHASE|HOUSTON,RTIC Outdoors
**ID789267|04/22|**9267|USD89.99|RTIC_OUTDOORS|OUTDOOR_GEAR|PURCHASE|HOUSTON REF1,RTIC Outdoors
**ID789267|04/22|**9267|USD89.99|RTIC_OUTDOORS|OUTDOOR_GEAR|PURCHASE|HOUSTON REF2,RTIC Outdoors
**ID789267|04/22|**9267|USD89.99|RTIC_OUTDOORS|OUTDOOR_GEAR|PURCHASE|HOUSTON REF3,RTIC Outdoors
**ID789456|02/15|**9456|USD39.99|ITUNEAP|TECH|PURCHASE|CUPRTNO,Apple
**ID789456|04/04|**9456|USD49.99|ITUNEAP|TECH|PURCHASE|CUPRTNO,Apple
**ID789456|05/22|**9456|USD59.99|ITUNEAP|TECH|PURCHASE|CUPRTNO,Apple
**ID789456|07/09|**9456|USD69.99|ITUNEAP|TECH|PURCHASE|CUPRTNO,Apple
**ID789456|08/26|**9456|USD69.99|ITUNEAP|TECH|PURCHASE|CUPRTNO,Apple
**ID789456|12/29|**9456|USD29.99|ITUNEAP|TECH|PURCHASE|CUPRTNO,Apple
**ID791357|01/07|**9135|USD12.99|NFLX|ENTMT|SUBSCR|LSGNHCA,Netflix
**ID791357|02/01|**9135|USD7.99|NFLX|ENTMT|SUBSCR|LSGNHCA,Netflix
**ID791357|03/23|**9135|USD19.99|NFLX|ENTMT|SUBSCR|LSGNHCA,Netflix
**ID791357|04/17|**9135|USD7.99|NFLX|ENTMT|SUBSCR|LSGNHCA,Netflix
**ID791357|05/12|**9135|USD9.99|NFLX|ENTMT|SUBSCR|LSGNHCA,Netflix
**ID791357|06/06|**1357|USD5.99|SPOT|ENTMT|SUBSCR|STCKHLSW,Spotify
**ID791357|07/26|**1357|USD9.99|AMZN|ENTMT|SUBSCR|STTLWA,Amazon
**ID791357|08/20|**1357|USD11.99|DSNP|ENTMT|SUBSCR|BRBKCA,Disney+
**ID791357|09/14|**1357|USD13.99|DSCVR|ENTMT|SUBSCR|SLVRSPRMD,Discovery+
**ID791357|10/09|**1357|USD14.99|HULU|ENTMT|SUBSCR|SNTVLCA,Hulu
**ID791357|10/12|**8642|USD45.99|BRGKNG|FOOD|PURCHASE|MIAMFL,Burger King
**ID791357|10/24|**2109|USD9.99|DSCRD|TECH|SUBSCR|SNFRNCA,Discord
**ID791357|10/24|**8642|USD12.99|DSNP|ENTMT|SUBSCR|BURBNCA,Disney+
**ID791357|10/24|**8642|USD60.75|DSNP|ENTMT|SUBSCR|BURBNCA,Disney+
**ID791357|11/28|**1357|USD19.99|CMCST|ENTMT|SUBSCR|PHLDLPHPA,Comcast
**ID791357|12/13|**9135|USD17.99|NFLX|ENTMT|SUBSCR|LSGNHCA,Netflix
**ID792461|09/18|**7582|USD210.95|SEPHORA|BTY|PURCHASE|SANFRAN,Sephora
**ID802468|01/09|**0246|USD50.00|ORCL|TECH|PURCHASE|RDWDCA,Oracle
**ID802468|02/28|**0246|USD150.00|ORCL|TECH|PURCHASE|RDWDCA,Oracle
**ID802468|06/08|**2468|USD999.99|GOOGL|TECH|PURCHASE|MNTNVWCA,Google
**ID802468|07/03|**2468|USD699.99|NTFLX|TECH|PURCHASE|LSGNLCA,Netflix
**ID802468|08/22|**2468|USD599.99|SONY|TECH|PURCHASE|TKYOJP,Sony
**ID802468|09/16|**2468|USD499.99|NVDA|TECH|PURCHASE|SNTCLCA,NVIDIA
**ID802468|10/11|**2468|USD399.99|MSFT|TECH|PURCHASE|RDMNDWA,Microsoft
**ID802468|10/15|**1357|USD75.50|TRGT|RETAIL|PURCHASE|MINNEMN,Target
**ID802468|10/15|**9876|USD120.00|CHIPOTL|FOOD|PURCHASE|SANFRAN,Chipotle
**ID802468|10/26|**6789|USD150.00|BSTBY|RETAIL|PURCHASE|RCHFLDMN,Best Buy
**ID802468|11/30|**8024|USD799.99|INTC|TECH|PURCHASE|SNTCLCA,Intel
**ID802468|12/25|**8024|USD1299.99|TSLA|AUTO|PURCHASE|FRMNTCA,Tesla
**ID804953|07/07|**4953|USD895|LOUIS_VUITTON|LUXURY|PURCHASE|PARIS,Louis Vuitton
**ID820674|04/12|**0674|USD169.99|THEBRICKS|FURNITURE|PURCHASE|CANADA,The Bricks
**ID820674|04/14|**0674|USD39.99|PEACOCKTV|ENTMT|SUBSCR|NEWYORK,Peacock
**ID820746|04/02|**0746|USD59.99|MANGO|APPAREL|PURCHASE|BARCELONASP,Mango
**ID821509|07/23|**1509|USD99.99|CANON|CAMERA|PURCHASE|TOKYO,Canon
**ID824096|03/23|**4096|USD39.99|BIRCHBOX|Cosmetics|SUBSCR|NEWYORKNY,Birchbox
**ID852147|03/06|**2147|USD499.99|DELL|TECH|PURCHASE|RNDRKTX,Dell
**ID852147|04/17|**2147|USD14.99|DSNP|ENTMT|SUBSCR|BRBKCA,Disney+
**ID852147|05/11|**9632|USD13.99|YOUTUB|ENTMT|SUBSCR|MNTNVEW,YouTube
**ID852147|05/17|**2147|USD699.99|DELL|TECH|PURCHASE|RNDRKTX,Dell
**ID852147|06/16|**2147|USD6.99|SPOT|ENTMT|SUBSCR|STCKHLM,Spotify
**ID852258|03/24|**2258|USD1199.99|SMSNG|TECH|PURCHASE|SEOULKR,Samsung
**ID852258|06/22|**2258|USD799.99|DELL|TECH|PURCHASE|RNDRKTX,Dell
**ID852369|02/01|**2369|USD12.99|DSNP|ENTMT|SUBSCR|BRBKCA,Disney+
**ID852369|02/02|**2369|USD12.99|DSNP|ENTMT|SUBSCR|BRBKCA,Disney+
**ID852369|04/11|**2369|USD599.99|DELL|TECH|PURCHASE|RNDRKTX,Dell
**ID852369|05/31|**3698|USD8.99|DSNEYP|ENTMT|SUBSCR|BURBANK,Disney+
**ID852369|08/19|**1478|USD8.99|DSNEYP|ENTMT|SUBSCR|BURBANK,Disney+
**ID852741|01/11|**2741|USD999.99|SMSNG|TECH|PURCHASE|SEOULKR,Samsung
**ID852741|01/17|**2741|USD6.99|AMZN|ENTMT|SUBSCR|STTLWA,Amazon
**ID852741|03/18|**2741|USD4.99|AAPL|ENTMT|SUBSCR|CUPRTNO,Apple
**ID852741|05/17|**2741|USD8.99|NFLX|ENTMT|SUBSCR|LSANCA,Netflix
**ID852741|06/20|**2589|USD13.99|YOUTUB|ENTMT|SUBSCR|MNTNVEW,YouTube
**ID852741|07/15|**2741|USD8.99|NFLX|ENTMT|SUBSCR|LSANCA,Netflix
**ID852741|09/08|**9632|USD13.99|YOUTUB|ENTMT|SUBSCR|MNTNVEW,YouTube
**ID852741|11/26|**7412|USD13.99|YOUTUB|ENTMT|SUBSCR|MNTNVEW,YouTube
**ID852852|06/04|**2852|USD1099.99|SMSNG|TECH|PURCHASE|SEOULKR,Samsung
**ID852852|07/10|**7412|USD8.99|DSNEYP|ENTMT|SUBSCR|BURBANK,Disney+
**ID852852|08/15|**2852|USD699.99|SMSNG|TECH|PURCHASE|SEOULKR,Samsung
**ID852852|09/28|**3698|USD8.99|DSNEYP|ENTMT|SUBSCR|BURBANK,Disney+
**ID852963|02/16|**2963|USD1099.99|SMSNG|TECH|PURCHASE|SEOULKR,Samsung
**ID852963|03/03|**2963|USD10.99|NFLX|ENTMT|SUBSCR|LSANCA,Netflix
**ID852963|04/13|**3698|USD15.50|NTFLX|ENTMT|SUBSCR|LSANGLS,Netflix
**ID852963|05/02|**2963|USD17.99|HBO|ENTMT|SUBSCR|ATLNGA,HBO
**ID852963|07/01|**2963|USD12.99|DSNP|ENTMT|SUBSCR|BRBKCA,Disney+
**ID852963|07/30|**3698|USD13.99|YOUTUB|ENTMT|SUBSCR|MNTNVEW,YouTube
**ID852963|10/18|**2589|USD13.99|YOUTUB|ENTMT|SUBSCR|MNTNVEW,YouTube
**ID852963|12/08|**3698|USD14.99|YOUTUB|ENTMT|SUBSCR|MNTNVEW,YouTube
**ID852963|12/28|**3698|USD14.99|YOUTUB|ENTMT|SUBSCR|MNTNVEW,YouTube
**ID852964|07/01|**2964|USD14.99|HULU|ENTMT|SUBSCR|SNTVLCA,Hulu
**ID852965|07/07|**2965|USD5.99|SPFY|ENTMT|SUBSCR|STCKHLM,Spotify
**ID852967|07/19|**2967|USD15.99|HBO|ENTMT|SUBSCR|NWYRKNY,HBO
**ID852968|07/25|**2968|USD6.99|DSNP|ENTMT|SUBSCR|BRBKCA,Disney+
**ID852970|08/06|**2970|USD7.99|HULU|ENTMT|SUBSCR|SNTVLCA,Hulu
**ID852972|08/18|**2972|USD12.99|AMZN|ENTMT|SUBSCR|STTLWA,Amazon
**ID852973|08/24|**2973|USD14.99|HBO|ENTMT|SUBSCR|NWYRKNY,HBO
**ID852974|08/30|**2974|USD6.99|DSNP|ENTMT|SUBSCR|BRBKCA,Disney+
**ID852975|09/05|**2975|USD9.99|NFLX|ENTMT|SUBSCR|LSGTSCA,Netflix
**ID852976|09/11|**2976|USD8.99|HULU|ENTMT|SUBSCR|SNTVLCA,Hulu
**ID852978|09/23|**2978|USD11.99|AMZN|ENTMT|SUBSCR|STTLWA,Amazon
**ID852979|09/29|**2979|USD15.99|HBO|ENTMT|SUBSCR|NWYRKNY,HBO
**ID852980|10/05|**2980|USD6.99|DSNP|ENTMT|SUBSCR|BRBKCA,Disney+
**ID852981|10/11|**2981|USD10.99|NFLX|ENTMT|SUBSCR|LSGTSCA,Netflix
**ID852982|10/17|**2982|USD7.99|HULU|ENTMT|SUBSCR|SNTVLCA,Hulu
**ID852983|10/23|**2983|USD4.99|SPFY|ENTMT|SUBSCR|STCKHLM,Spotify
**ID852985|11/04|**2985|USD14.99|HBO|ENTMT|SUBSCR|NWYRKNY,HBO
**ID852986|11/10|**2986|USD6.99|DSNP|ENTMT|SUBSCR|BRBKCA,Disney+
**ID852987|11/16|**2987|USD9.99|NFLX|ENTMT|SUBSCR|LSGTSCA,Netflix
**ID852988|11/22|**2988|USD8.99|HULU|ENTMT|SUBSCR|SNTVLCA,Hulu
**ID852989|11/28|**2989|USD5.99|SPFY|ENTMT|SUBSCR|STCKHLM,Spotify
**ID871905|05/06|**1905|USD99.99|ROKU|TECH|SUBSCR|SARATOGA_US,Roku
**ID890123|01/05|**2345|CAD61.50|SOBEYS|GROCERY|PURCHASE|TORONTOCA,Sobeys
**ID890123|01/16|**0123|CAD88.00|SHOPDRG|HEALTH|PURCHASE|VNCOVRBC,Shoppers Drug Mart
**ID890123|01/25|**2345|EUR66.75|MONOPRIX|GROCERY|PURCHASE|LYONFR,Monoprix
**ID890123|02/05|**0123|SAR300|PANDA|GROCERY|PURCHASE|RIYADHSA,Panda
**ID890123|02/14|**2345|JPY5700|LAWSON|CONVENIENCE|PURCHASE|TOKYOJP,Lawson
**ID890123|02/20|**0123|USD68.25|ROSS|RETAIL|PURCHASE|ORLNDFL,Ross
**ID890123|03/17|**0123|RSD5000|MAXI|GROCERY|PURCHASE|BELGRADRS,Maxi
**ID890123|03/19|**9012|MXN1250|OXXO|CONVENIENCE|PURCHASE|MEXCMX,OXXO
**ID890123|03/26|**2345|GBP41.50|MORRISONS|GROCERY|PURCHASE|BIRMINGHAMUK,Morrisons
**ID890123|03/27|**0123|EUR70.25|CARREFR|GROCERY|PURCHASE|MDRDSP,Carrefour
**ID890123|04/15|**2345|JPY4900|7-ELEVEN|CONVENIENCE|PURCHASE|OSAKAJP,7-Eleven
**ID890123|05/01|**0123|EUR72.50|AUCHAN|GROCERY|PURCHASE|LYONFR,Auchan
**ID890123|05/25|**2345|ZAR300|PICK N PAY|GROCERY|PURCHASE|CAPETOWNZA,Pick n Pay
**ID890123|05/29|**0123|USD78.90|ULTA|BEAUTY|PURCHASE|BRMNGHMLA,Ulta Beauty
**ID890123|06/05|**0123|CAD88.75|LOBLAWS|GROCERY|PURCHASE|TRONTOON,Loblaws
**ID890123|07/04|**2345|MYR100|GIANT|GROCERY|PURCHASE|KUALALUMPURMY,Giant
**ID890123|07/07|**1234|RUB2800|PEREKRESTOK|GROCERY|PURCHASE|MOSCRU,Perekrestok
**ID890123|07/10|**0123|JPY9500|FAMILYMT|GROCERY|PURCHASE|OSAKAJP,FamilyMart
**ID890123|08/13|**2345|CHF75|COOP|GROCERY|PURCHASE|ZURICHCH,Coop
**ID890123|08/14|**0123|AUD98.75|WOOLWRTH|GROCERY|PURCHASE|BRSBNAU,Woolworths
**ID890123|08/31|**1234|AED195|CARREFOUR|GROCERY|PURCHASE|DUBIAE,Carrefour
**ID890123|09/22|**2345|SGD75|COLD STORAGE|GROCERY|PURCHASE|SINGAPORESG,Cold Storage
**ID890123|09/26|**0123|USD56.78|MARSHALLS|RETAIL|PURCHASE|RCHSTRNY,Marshalls
**ID890123|10/17|**0123|USD12.34|MICHAELS|CRAFT|PURCHASE|LBBCKX,Michaels
**ID890123|10/25|**1234|EUR65.80|ALBERT|GROCERY|PURCHASE|VIENAU,Albertsons
**ID890123|11/06|**2345|GBP29.99|SAINSBURY'S|GROCERY|PURCHASE|MANCHESTERUK,Sainsbury's
**ID890123|11/07|**0123|EUR72.50|CARREFR|GROCERY|PURCHASE|PRSFRCE,Carrefour
**ID890123|11/17|**0123|HKD1200|PARKNSHOP|GROCERY|PURCHASE|HONGKONGHK,ParknShop
**ID890123|11/26|**2345|EUR59.99|CARREFOUR|GROCERY|PURCHASE|LYONFR,Carrefour
**ID890123|12/12|**0123|JPY7500|7ELEVEN|GROCERY|PURCHASE|OSAKAJP,7-Eleven
**ID890123|12/27|**0123|ZAR1500|WOOLWORTHS|GROCERY|PURCHASE|CAPETOWNZA,Woolworths
**ID901234|03/01|**1234|HUF20000|TESCO|GROCERY|PURCHASE|BUDAPESTHU,Tesco
**ID901234|03/25|**3456|HKD350|WELLCOME|GROCERY|PURCHASE|HKGHK,Wellcome
**ID901234|04/10|**1234|AZN100|BRAVO|GROCERY|PURCHASE|BAKUAZ,Bravo
**ID901234|04/19|**6789|EUR50|CARREFOUR|GROCERY|PURCHASE|PARISFR,Carrefour
**ID901234|05/19|**5678|AUD95.25|WOOLWORTHS|GROCERY|PURCHASE|MLBRAU,Woolworths
**ID901234|05/29|**6789|SEK200|ICA|GROCERY|PURCHASE|STOCKHOLMSE,ICA
**ID901234|07/08|**6789|KRW50000|LOTTE MART|GROCERY|PURCHASE|SEOULKR,Lotte Mart
**ID901234|07/13|**5678|CNY320|WALMART|GROCERY|PURCHASE|BJNGCN,Walmart
**ID901234|08/17|**6789|PLN150|LIDL|GROCERY|PURCHASE|WARSAWPL,Lidl
**ID901234|09/26|**6789|HKD350|WELLCOME|GROCERY|PURCHASE|HONGKONGHK,Wellcome
**ID901234|10/13|**7890|JPY5500|7-ELEVEN|CONVENIENCE|PURCHASE|TOKYOJP,7-Eleven
**ID901234|11/01|**1234|CAD200|BESTBUY|ELECTRONICS|PURCHASE|TORONTOCA,Best Buy
**ID901234|12/11|**1234|CHF150|MIGROS|GROCERY|PURCHASE|ZURICHCH,Migros
**ID902385|06/13|**2385|USD119.99|ADOBE_CREATIVE|SOFTWARE|SUBSCR|SANJOSE,Adobe
**ID903725|06/07|**3725|USD19.99|PLAYSTATION_PLUS|GAME|SUBSCR|SANFRANCISCA,PlayStation
**ID904872|05/18|**4872|USD249.99|ADIDAS|SPORTS_GEAR|PURCHASE|HERZOGENAURACH,Adidas
**ID913579|01/12|**1357|USD5.99|SPFY|ENTMT|SUBSCR|STCKHLSW,Spotify
**ID913579|02/06|**1357|USD4.99|SPFY|ENTMT|SUBSCR|STCKHLSW,Spotify
**ID913579|03/03|**1357|USD5.99|SPFY|ENTMT|SUBSCR|STCKHLSW,Spotify
**ID913579|03/28|**1357|USD4.99|SPFY|ENTMT|SUBSCR|STCKHLSW,Spotify
**ID913579|05/17|**1357|USD4.99|SPFY|ENTMT|SUBSCR|STCKHLSW,Spotify
**ID913579|07/06|**3579|USD15.99|HBOMAX|ENTMT|SUBSCR|BRBKCA,HBO
**ID913579|07/31|**3579|USD16.99|NFLX|ENTMT|SUBSCR|LSGNLCA,Netflix
**ID913579|09/19|**3579|USD12.99|TIDAL|ENTMT|SUBSCR|NWYRKNY,Tidal
**ID913579|10/14|**3579|USD11.99|SPOT|ENTMT|SUBSCR|STCKHLSW,Spotify
**ID913579|10/29|**1357|USD14.99|ESPN|ENTMT|SUBSCR|BRSTWCT,ESPN
**ID913579|10/29|**1357|USD55.99|ESPN|ENTMT|SUBSCR|BRSTLCT,ESPN
**ID913579|11/08|**3579|USD10.99|PNDRA|ENTMT|SUBSCR|OKLDCA,Pandora
**ID913579|11/23|**1357|USD7.99|SPFY|ENTMT|SUBSCR|STCKHLSW,Spotify
**ID913579|12/03|**3579|USD13.99|AMZN|ENTMT|SUBSCR|STTLWA,Amazon
**ID913579|12/18|**1357|USD9.99|SPFY|ENTMT|SUBSCR|STCKHLSW,Spotify
**ID913579|12/28|**3579|USD15.99|DSNP|ENTMT|SUBSCR|BRBKCA,Disney+
**ID920736|06/03|**0736|USD109.99|BEATS_PILL|TECH|PURCHASE|SANFRANCISCO,Beats
**ID923468|02/08|**3468|USD24.99|SHOWTIME|ENTMT|SUBSCR|NEWYORKNY,Showtime
**ID924608|03/29|**4608|USD4.99|APPLEMUSIC|MUSIC|SUBSCR|CUPERTINOSJ,Apple
**ID932050|06/17|**2050|USD19.99|DISNEY_PLUS|ENTMT|SUBSCR|BURBANKCA,Disney+
**ID932508|06/15|**2508|USD99.99|MICROSOFTSURFACE|TECH|PURCHASE|REDMONDWA,Microsoft
**ID951159|01/02|**1159|USD13.99|STARZ|ENTMT|SUBSCR|SNTVLCA,Starz
**ID951159|02/07|**1159|USD11.99|CMAX|ENTMT|SUBSCR|NWYORKNY,Cinemax
**ID951159|03/15|**1159|USD11.99|BRITBX|ENTMT|SUBSCR|LNDONUK,BritBox
**ID951159|10/22|**1159|USD11.99|HBOMX|ENTMT|SUBSCR|BURBNKCA,HBO
**ID951159|11/27|**1159|USD14.99|PCOCK|ENTMT|SUBSCR|NWYORKNY,Peacock
**ID951357|02/17|**1357|USD89.99|EXPRSS|RETAIL|PURCHASE|CLMBSOH,Express
**ID951357|03/03|**1357|USD9.99|TUBI|ENTMT|SUBSCR|LSANGLS,Tubi
**ID951357|03/13|**1357|USD99.99|NEWBLNC|RETAIL|PURCHASE|BSTNMA,New Balance
**ID951357|04/08|**1357|USD10.99|PCOCK|ENTMT|SUBSCR|NWYORKNY,Peacock
**ID951357|09/02|**1357|USD69.99|UNDERARM|RETAIL|PURCHASE|BLTMRMD,Under Armour
**ID951357|09/30|**1357|USD599.99|DELL|TECH|PURCHASE|ROUNDRKTX,Dell
**ID951357|11/13|**1357|USD99.99|LULULMN|RETAIL|PURCHASE|VNCVRBC,Lululemon
**ID951357|11/15|**1357|USD5.99|APLMS|ENTMT|SUBSCR|CUPERTINO,Apple
**ID951357|12/07|**1357|USD69.99|CROCS|RETAIL|PURCHASE|BROOMFLDCO,Crocs
**ID951357|12/21|**1357|USD8.99|PLEX|ENTMT|SUBSCR|LSANGLS,Plex
**ID951753|01/12|**1753|USD89.99|NIKEINC|RETAIL|PURCHASE|BVRTNOR,Nike
**ID951753|01/14|**1753|USD9.99|PHILO|ENTMT|SUBSCR|SNFRNCSCO,Philo
**ID951753|02/19|**1753|USD15.99|FUBO|ENTMT|SUBSCR|NWYORKNY,Fubo
**ID951753|08/21|**1753|USD149.99|DCKSSPG|RETAIL|PURCHASE|PTTSBGPA,Dick's Sporting Goods
**ID951753|09/14|**1753|USD89.99|VANS CO|RETAIL|PURCHASE|COSTMSACA,Vans
**ID951753|10/10|**1753|USD15.99|PRMVD|ENTMT|SUBSCR|STTLEWA,Prime Video
**ID951753|11/01|**1753|USD79.99|EXPRSS|RETAIL|PURCHASE|CLMBSOH,Express
**ID951753|11/03|**1753|USD17.99|ESPN|ENTMT|SUBSCR|BRISTOLCT,ESPN
**ID951753|11/25|**1753|USD89.99|TOMMYHF|RETAIL|PURCHASE|NWYRKNY,Tommy Hilfiger
**ID951753|12/09|**1753|USD19.99|FUBO|ENTMT|SUBSCR|NWYORKNY,Fubo
**ID951753|12/19|**1753|USD89.99|ADIDASG|RETAIL|PURCHASE|PRTLNDOR,Adidas
**ID951951|09/16|**1951|USD9.99|SPTFY|ENTMT|SUBSCR|STCKHLMSW,Spotify
**ID963147|02/04|**3147|USD899.99|GOOGL|TECH|PURCHASE|MNTNVWCA,Google
**ID963147|02/28|**3147|USD1299.99|NVDA|TECH|PURCHASE|SNTCLRCA,NVIDIA
**ID963147|04/14|**3147|USD899.99|INTC|TECH|PURCHASE|SNCLRCA,Intel
**ID963147|05/29|**3147|USD1099.99|TSLA|TECH|PURCHASE|FREMNTCA,Tesla
**ID963147|07/16|**3147|USD599.99|MSFT|TECH|PURCHASE|RDMNDWA,Microsoft
**ID963147|10/30|**1478|USD5.99|APPLMS|MUSIC|SUBSCR|CUPRTIN,Apple
**ID963258|02/13|**3258|USD1099.99|AAPL|TECH|PURCHASE|CUPRTNO,Apple
**ID963258|03/12|**3258|USD799.99|GOOGL|TECH|PURCHASE|MNTNVWCA,Google
**ID963258|03/30|**3258|USD599.99|GOOG|TECH|PURCHASE|MNTNVWCA,Google
**ID963258|06/10|**3258|USD699.99|MSFT|TECH|PURCHASE|RDMNDWA,Microsoft
**ID963258|06/12|**3698|USD11.99|PRIMEV|ENTMT|SUBSCR|SEATTLE,Prime Video
**ID963258|06/28|**3258|USD499.99|AMD|TECH|PURCHASE|SNTCLRCA,AMD
**ID963258|07/12|**3258|USD699.99|SMSG|TECH|PURCHASE|SEOULKR,Samsung
**ID963258|08/31|**2589|USD11.99|PRIMEV|ENTMT|SUBSCR|SEATTLE,Amazon
**ID963258|11/19|**3698|USD11.99|PRIMEV|ENTMT|SUBSCR|SEATTLE,Amazon
**ID963259|06/28|**3259|USD799.99|MSFT|TECH|PURCHASE|RDMNDWA,Microsoft
**ID963260|07/04|**3260|USD1299.99|APPL|TECH|PURCHASE|CUPRTNO,Apple
**ID963261|07/10|**3261|USD699.99|SMSNG|TECH|PURCHASE|SUWONKR,Samsung
**ID963262|07/16|**3262|USD999.99|GOOG|TECH|PURCHASE|MNTNVWCA,Google
**ID963263|07/22|**3263|USD599.99|SONY|TECH|PURCHASE|TKYOJP,Sony
**ID963265|08/03|**3265|USD1499.99|APPL|TECH|PURCHASE|CUPRTNO,Apple
**ID963266|08/09|**3266|USD799.99|MSFT|TECH|PURCHASE|RDMNDWA,Microsoft
**ID963269|08/27|**3269|USD599.99|SONY|TECH|PURCHASE|TKYOJP,Sony
**ID963270|09/02|**3270|USD899.99|DELL|TECH|PURCHASE|RNDRCKTX,Dell
**ID963271|09/08|**3271|USD1299.99|APPL|TECH|PURCHASE|CUPRTNO,Apple
**ID963272|09/14|**3272|USD799.99|MSFT|TECH|PURCHASE|RDMNDWA,Microsoft
**ID963274|09/26|**3274|USD999.99|GOOG|TECH|PURCHASE|MNTNVWCA,Google
**ID963275|10/02|**3275|USD599.99|SONY|TECH|PURCHASE|TKYOJP,Sony
**ID963276|10/08|**3276|USD899.99|DELL|TECH|PURCHASE|RNDRCKTX,Dell
**ID963277|10/14|**3277|USD1499.99|APPL|TECH|PURCHASE|CUPRTNO,Apple
**ID963278|10/20|**3278|USD799.99|MSFT|TECH|PURCHASE|RDMNDWA,Microsoft
**ID963279|10/26|**3279|USD699.99|SMSNG|TECH|PURCHASE|SUWONKR,Samsung
**ID963280|11/01|**3280|USD1099.99|GOOG|TECH|PURCHASE|MNTNVWCA,Google
**ID963282|11/13|**3282|USD899.99|DELL|TECH|PURCHASE|RNDRCKTX,Dell
**ID963283|11/19|**3283|USD1299.99|APPL|TECH|PURCHASE|CUPRTNO,Apple
**ID963284|11/25|**3284|USD799.99|MSFT|TECH|PURCHASE|RDMNDWA,Microsoft
**ID963369|01/09|**1478|USD5.99|APPLMS|MUSIC|SUBSCR|CUPRTIN,Apple
**ID963369|01/29|**1478|USD5.99|APPLMS|MUSIC|SUBSCR|CUPRTIN,Apple
**ID963369|02/18|**1478|USD5.99|APPLMS|MUSIC|SUBSCR|CUPRTIN,Apple
**ID963369|03/30|**3369|USD899.99|MSFT|TECH|PURCHASE|RDMNDWA,Microsoft
**ID963369|06/28|**3369|USD499.99|GOOGL|TECH|PURCHASE|MNTNVWCA,Google
**ID963369|07/02|**1478|USD5.99|APPLMS|MUSIC|SUBSCR|CUPRTIN,Apple
**ID963369|09/20|**7412|USD5.99|APPLMS|MUSIC|SUBSCR|CUPRTIN,Apple
**ID963369|12/20|**1478|USD5.99|APPLMS|MUSIC|SUBSCR|CUPRTIN,Apple
**ID963741|01/29|**3741|USD699.99|INTC|TECH|PURCHASE|SNCLRCA,Intel
**ID963741|03/15|**3741|USD499.99|AMD|TECH|PURCHASE|SNTCLRCA,AMD
**ID963741|04/29|**3741|USD799.99|MSFT|TECH|PURCHASE|RDMNDWA,Microsoft
**ID963741|05/23|**3741|USD599.99|GOOGL|TECH|PURCHASE|MNTNVWCA,Google
**ID963741|06/13|**3741|USD1299.99|NVDA|TECH|PURCHASE|SNTCLRCA,NVIDIA
**ID963852|01/14|**3852|USD1299.99|MSFT|TECH|PURCHASE|RDMNDWA,Microsoft
**ID963852|04/17|**3852|USD699.99|GOOGL|TECH|PURCHASE|MNTNVWCA,Google
**ID963852|08/09|**3852|USD89.99|NIKEINC|RETAIL|PURCHASE|BVRTNOR,Nike
**ID963963|09/04|**3963|USD12.99|NFLX|ENTMT|SUBSCR|LSANGLS,Netflix
**ID963963|10/10|**3698|USD11.99|PRIMEV|ENTMT|SUBSCR|SEATTLE,Amazon
**ID981205|07/response:25|**1205|USD4.99|APPLEICLOUD|STORAGE|PURCHASE|CUPCA,Apple
**ID981250|07/15|**1250|USD599.99|SONY|TECH|PURCHASE|TOKYO,Sony
**ID981250|07/21|**1250|USD799.99|SAMSUNG|TECH|PURCHASE|SEOUL,Samsung
**ID982035|06/11|**2035|USD69.99|NIKE|SPORTS|PURCHASE|BEAVERTON,Nike
**ID982305|06/09|**2305|USD16.99|SPOTIFY|ENTMT|SUBSCR|STOCKHOLM,Spotify
**ID987321|01/16|**7321|USD129.99|SONYPS5|GAMING|PURCHASE|SNMNCCA,Sony
**ID987321|06/09|**7321|USD189.99|SONYPS5|GAMING|PURCHASE|SNMNCCA,Sony
**ID987654|02/09|**7654|USD49.99|CHGG|EDU|SUBSCR|SNCLRACA,Chegg
**ID987654|03/29|**7654|USD59.99|CHGG|EDU|SUBSCR|SNCLRACA,Chegg
**ID987654|05/16|**7654|USD69.99|CHGG|EDU|SUBSCR|SNCLRACA,Chegg
**ID987654|09/19|**3210|USD42.99|CHPOTLE|FOOD|PURCHASE|DENVECO,Chipotle
*AIRBNB NYC 09/26 PURCHASE NEW YORK NY,Airbnb
*AMZNSMKTPLACE SEATTLE 10/01 PURCHASE SEATTLE WA,Amazon
*APPLE ITUNES 09/23 PURCHASE CUPERTINO CA,Apple
*GOOGLE PRTNRS 09/21 PURCHASE MOUNTAIN VIEW CA,Google
*SQ AIRBNB BARCELONA 01/21 PURCHASE BARCELONA ES,Airbnb
*SQ AIRBNB BERLIN 07/29 PURCHASE BERLIN DE,Airbnb
*SQ AIRBNB BERLIN 09/24 PURCHASE BERLIN DE,Airbnb
*SQ AIRBNB BERLIN 10/29 PURCHASE BERLIN DE,Airbnb
*SQ AIRBNB PARIS 09/25 PURCHASE PARIS FR,Airbnb
*SQ AIRBNB ROME 03/25 PURCHASE ROME IT,Airbnb
*SQ AIRBNB SYDNEY 05/27 PURCHASE SYDNEY AU,Airbnb
*SQ AIRBNB TOKYO 11/19 PURCHASE TOKYO JP,Airbnb
*SQ AMERICAN AIRLINES 07/01 PURCHASE DALLAS TX,American Airlines
*SQ AMERICAN AIRLINES 09/17 PURCHASE NEW YORK NY,American Airlines
*SQ AMERICAN AIRLINES 12/24 PURCHASE DALLAS TX,American Airlines
*SQ ARBY'S AMSTERDAM 11/29 PURCHASE AMSTERDAM NL,Arby's
*SQ ARBYS HELSINKI 06/09 PURCHASE HELSINKI FI,Arby's
*SQ AUNTIE ANNES PRETZELS SINGAPORE 07/15 PURCHASE SINGAPORE SG,Auntie Anne's
*SQ BASKIN ROBBINS MEXICO CITY 07/27 PURCHASE MEXICO CITY MX,Baskin Robbins
*SQ BRATWURST HAUS BERLIN 11/24 PURCHASE BERLIN DE,Bratwurst Haus
*SQ BURGER BLISS AUCKLAND 10/31 PURCHASE AUCKLAND NZ,Burger Bliss
*SQ BURGER KING PARIS 10/24 PURCHASE PARIS FR,Burger King
*SQ BURGER KING ROME 05/16 PURCHASE ROME IT,Burger King
*SQ CARL'S JR. MADRID 12/19 PURCHASE MADRID ES,Carl's Jr.
*SQ CHICK-FIL-A TORONTO 12/27 PURCHASE TORONTO CA,Chick-fil-A
*SQ CHIPOTLE MEXICAN GRILL TORONTO 04/22 PURCHASE TORONTO CA,Chipotle
*SQ CINNABON HONG KONG 07/19 PURCHASE HONG KONG HK,Cinnabon
*SQ COFFEE HAVEN MELBOURNE 10/27 PURCHASE MELBOURNE AU,Coffee Haven
*SQ COLD STONE CREAMERY SEOUL 07/07 PURCHASE SEOUL KR,Cold Stone Creamery
*SQ CORNER BAKERY CAFE SYDNEY 04/02 PURCHASE SYDNEY AU,Corner Bakery Cafe
*SQ CULVER'S DUBAI 01/12 PURCHASE DUBAI AE,Culvers
*SQ CURRYWURST CORNER HAMBURG 04/01 PURCHASE HAMBURG DE,Currywurst Corner
*SQ DAIRY QUEEN BANGKOK 12/03 PURCHASE BANGKOK TH,Dairy Queen
*SQ DAIRY QUEEN VIENNA 06/17 PURCHASE VIENNA AT,Dairy Queen
*SQ DELTA AIRLINES 01/14 PURCHASE NEW YORK NY,Delta Air Lines
*SQ DELTA AIRLINES 03/18 PURCHASE ATLANTA GA,Delta Air Lines
*SQ DELTA AIRLINES 05/20 PURCHASE ATLANTA GA,Delta Air Lines
*SQ DELTA AIRLINES 07/22 PURCHASE ATLANTA GA,Delta Air Lines
*SQ DELTA AIRLINES 11/12 PURCHASE ATLANTA GA,Delta Air Lines
*SQ DOMINO'S PIZZA ROME 10/16 PURCHASE ROME IT,Domino's
*SQ DOMINOS PIZZA DUBLIN 05/20 PURCHASE DUBLIN IE,Domino's
*SQ DUNKIN DONUTS SYDNEY 04/26 PURCHASE SYDNEY AU,Dunkin' Donuts
*SQ DUNKIN' DONUTS DUBAI 11/13 PURCHASE DUBAI AE,Dunkin' Donuts
*SQ EINSTEIN BROS BAGELS COPENHAGEN 08/08 PURCHASE COPENHAGEN DK,Einstein Bros Bagels
*SQ EL POLLO LOCO NEW DELHI 01/20 PURCHASE NEW DELHI IN,El Pollo Loco
*SQ FALAFEL FEAST BEIRUT 03/20 PURCHASE BEIRUT LB,Falafel Feast
*SQ FALAFEL FEAST TEL AVIV 02/04 PURCHASE TEL AVIV IL,Falafel Feast
*SQ FALAFEL FEAST TEL AVIV 12/22 PURCHASE TEL AVIV IL,Falafel Feast
*SQ FISH AND CHIPS LONDON 02/28 PURCHASE LONDON UK,Fish and Chips
*SQ FISH AND CHIPS LONDON 12/06 PURCHASE LONDON UK,Fish and Chips
*SQ FIVE GUYS BERLIN 12/23 PURCHASE BERLIN DE,Five Guys
*SQ FIVE GUYS OSLO 06/05 PURCHASE OSLO NO,Five Guys
*SQ FOUR SEASONS 09/27 PURCHASE SINGAPORE SGP,Four Seasons
*SQ FOUR SEASONS 11/09 PURCHASE SEOUL KOR,Four Seasons
*SQ FOUR SEASONS HOTEL 03/13 PURCHASE BANGKOK THA,Four Seasons
*SQ GELATO DREAMS FLORENCE 11/16 PURCHASE FLORENCE IT,Gelato Dreams
*SQ GYROS GALORE ATHENS 01/27 PURCHASE ATHENS GR,Gyros Galore
*SQ GYROS GALORE ATHENS 03/12 PURCHASE ATHENS GR,Gyros Galore
*SQ GYROS GALORE ATHENS 04/17 PURCHASE ATHENS GR,Gyros Galore
*SQ HILTON 07/01 PURCHASE LONDON UK,Hilton
*SQ HILTON GARDEN INN 02/19 PURCHASE LONDON UK,Hilton Garden Inn
*SQ HILTON HOTEL 01/28 PURCHASE SYDNEY AU,Hilton
*SQ HILTON HOTEL 04/01 PURCHASE BERLIN DE,Hilton
*SQ HILTON HOTEL 08/05 PURCHASE SYDNEY AU,Hilton
*SQ HILTON HOTEL 10/07 PURCHASE LONDON UK,Hilton
*SQ HYATT HOTEL 02/18 PURCHASE LONDON UK,Hyatt
*SQ HYATT HOTEL 08/26 PURCHASE TOKYO JP,Hyatt
*SQ HYATT HOTEL 09/10 PURCHASE TOKYO JP,Hyatt
*SQ HYATT HOTEL 11/26 PURCHASE BERLIN DE,Hyatt
*SQ IN-N-OUT BURGER SYDNEY 12/31 PURCHASE SYDNEY AU,In-N-Out Burger
*SQ INTERCONTINENTAL 03/24 PURCHASE HONG KONG HKG,Intercontinental
*SQ INTERCONTINENTAL 06/20 PURCHASE DUBAI UAE,Intercontinental
*SQ INTERCONTINENTAL 08/25 PURCHASE BANGKOK THA,Intercontinental
*SQ INTERCONTINENTAL 10/24 PURCHASE LONDON UK,Intercontinental
*SQ INTERCONTINENTAL 11/24 PURCHASE LONDON UK,Intercontinental
*SQ JACK IN THE BOX BANGKOK 06/25 PURCHASE BANGKOK TH,Jack in the Box
*SQ JACK IN THE BOX SEOUL 12/11 PURCHASE SEOUL KR,Jack in the Box
*SQ JAMBA JUICE SAO PAULO 07/23 PURCHASE SAO PAULO BR,Jamba Juice
*SQ JASON'S DELI HONG KONG 03/01 PURCHASE HONG KONG HK,Jason's Deli
*SQ JERSEY MIKE'S SYDNEY 02/05 PURCHASE SYDNEY AU,Jersey Mike's
*SQ JIMMY JOHN'S BERLIN 02/21 PURCHASE BERLIN DE,Jimmy John's
*SQ KEBAB KING ISTANBUL 01/03 PURCHASE ISTANBUL TR,Kebab King Istanbul
*SQ KEBAB KING ISTANBUL 02/24 PURCHASE ISTANBUL TR,Kebab King Istanbul
*SQ KEBAB KING ISTANBUL 04/21 PURCHASE ISTANBUL TR,Kebab King Istanbul
*SQ KFC TOKYO 05/12 PURCHASE TOKYO JP,KFC
*SQ KRISPY KREME CAPE TOWN 07/31 PURCHASE CAPE TOWN ZA,Krispy Kreme
*SQ LITTLE CAESARS PIZZA LISBON 06/21 PURCHASE LISBON PT,Little Caesars
*SQ LITTLE CAESARS SAO PAULO 11/25 PURCHASE SAO PAULO BR,Little Caesars
*SQ LYFT RIDE 10/22 PURCHASE BOSTON MA,Lyft
*SQ MANDARIN ORIENTAL 04/04 PURCHASE SINGAPORE SGP,Mandarin Oriental
*SQ MANDARIN ORIENTAL 08/14 PURCHASE HONG KONG HKG,Mandarin Oriental
*SQ MARRIOTT HOTEL 02/11 PURCHASE DUBAI UAE,Marriott
*SQ MARRIOTT HOTEL 04/15 PURCHASE SINGAPORE SG,Marriott
*SQ MARRIOTT HOTEL 06/17 PURCHASE ROME IT,Marriott
*SQ MARRIOTT HOTEL 08/19 PURCHASE DUBAI UAE,Marriott
*SQ MARRIOTT HOTEL 09/03 PURCHASE SINGAPORE SG,Marriott
*SQ MARRIOTT HOTEL 10/15 PURCHASE SYDNEY AU,Marriott
*SQ MARRIOTT HOTEL 12/17 PURCHASE PARIS FR,Marriott
*SQ MCALISTER'S DELI SINGAPORE 03/05 PURCHASE SINGAPORE SG,McAlister's Deli
*SQ MCDONALD'S SYDNEY 10/12 PURCHASE SYDNEY AU,McDonald's
*SQ MCDONALDS PARIS 05/08 PURCHASE PARIS FR,McDonald's
*SQ MENCHIE'S FROZEN YOGURT DUBAI 08/24 PURCHASE DUBAI AE,Menchie's
*SQ MOE'S SOUTHWEST GRILL TORONTO 02/25 PURCHASE TORONTO CA,Moe's Southwest Grill
*SQ NOODLES & COMPANY DUBAI 03/09 PURCHASE DUBAI AE,Noodles & Company
*SQ NOODLES & COMPANY DUBAI 04/10 PURCHASE DUBAI AE,Noodles & Company
*SQ ORANGE LEAF FROZEN YOGURT KUALA LUMPUR 09/09 PURCHASE KUALA LUMPUR MY,Orange Leaf
*SQ PAELLA PARADISE VALENCIA 02/16 PURCHASE VALENCIA ES,Paella Paradise
*SQ PAELLA PARADISE VALENCIA 12/26 PURCHASE VALENCIA ES,Paella Paradise
*SQ PANDA EXPRESS SEOUL 02/09 PURCHASE SEOUL KR,Panda Express
*SQ PANERA BREAD DUBAI 07/11 PURCHASE DUBAI AE,Panera Bread
*SQ PANERA BREAD MADRID 02/17 PURCHASE MADRID ES,Panera Bread
*SQ PAPA JOHN'S MOSCOW 11/17 PURCHASE MOSCOW RU,Papa John's
*SQ PAPA JOHNS PIZZA MUNICH 06/01 PURCHASE MUNICH DE,Papa John's
*SQ PASTA PARADISE MILAN 03/16 PURCHASE MILAN IT,Pasta Paradise
*SQ PASTA PARADISE ROME 01/31 PURCHASE ROME IT,Pasta Paradise
*SQ PASTA PARADISE ROME 12/10 PURCHASE ROME IT,Pasta Paradise
*SQ PENINSULA HOTEL 04/15 PURCHASE SHANGHAI CHN,Peninsula Hotel
*SQ PIEROGI PALACE KRAKOW 02/08 PURCHASE KRAKOW PL,Pierogi Palace
*SQ PINKBERRY ISTANBUL 01/20 PURCHASE ISTANBUL TR,Pinkberry
*SQ PINKBERRY ISTANBUL 02/20 PURCHASE ISTANBUL TR,Pinkberry
*SQ PINKBERRY ISTANBUL 03/20 PURCHASE ISTANBUL TR,Pinkberry
*SQ PINKBERRY ISTANBUL 08/20 PURCHASE ISTANBUL TR,Pinkberry
*SQ PIZZA HUT AMSTERDAM 05/04 PURCHASE AMSTERDAM NL,Pizza Hut
*SQ PIZZA HUT MEXICO CITY 11/01 PURCHASE MEXICO CITY MX,Pizza Hut
*SQ PIZZA PARADISE ROME 11/04 PURCHASE ROME IT,Pizza Paradise
*SQ POPEYES CHICKEN BRUSSELS 06/13 PURCHASE BRUSSELS BE,Popeyes
*SQ POPEYES NEW DELHI 11/21 PURCHASE NEW DELHI IN,Popeyes
*SQ POTBELLY SANDWICH SHOP MOSCOW 03/13 PURCHASE MOSCOW RU,Potbelly Sandwich Shop
*SQ POTBELLY SANDWICH SHOP MOSCOW 04/14 PURCHASE MOSCOW RU,Potbelly Sandwich Shop
*SQ POUTINE PARADISE MONTREAL 01/15 PURCHASE MONTREAL CA,Poutine Paradise
*SQ QUIZNOS KUALA LUMPUR 07/03 PURCHASE KUALA LUMPUR MY,Quiznos
*SQ RAISING CANE'S SINGAPORE 01/08 PURCHASE SINGAPORE SG,Raising Canes
*SQ RED MANGO MUMBAI 09/05 PURCHASE MUMBAI IN,Red Mango
*SQ SCHLOTZSKY'S SAO PAULO 03/21 PURCHASE SAO PAULO BR,Schlotzsky's
*SQ SCHNITZEL HAUS VIENNA 12/14 PURCHASE VIENNA AT,Schnitzel Haus
*SQ SCHNITZEL SHACK SALZBURG 04/09 PURCHASE SALZBURG AT,Schnitzel Shack
*SQ SCHNITZEL SHACK VIENNA 01/23 PURCHASE VIENNA AT,Schnitzel Shack
*SQ SCHNITZEL SHACK VIENNA 03/08 PURCHASE VIENNA AT,Schnitzel Shack
*SQ SHAKE SHACK HONG KONG 01/04 PURCHASE HONG KONG HK,Shake Shack
*SQ SHANGRI-LA 07/23 PURCHASE SINGAPORE SGP,Shangri-La
*SQ SHANGRI-LA 10/19 PURCHASE BEIJING CHN,Shangri-La
*SQ SHANGRI-LA 11/19 PURCHASE BEIJING CHN,Shangri-La
*SQ SHERATON HOTEL 01/07 PURCHASE HONG KONG HK,Sheraton
*SQ SHERATON HOTEL 03/11 PURCHASE PARIS FR,Sheraton
*SQ SHERATON HOTEL 05/13 PURCHASE DUBAI UAE,Sheraton
*SQ SHERATON HOTEL 11/05 PURCHASE BANGKOK TH,Sheraton
*SQ SMOOTHIE KING STOCKHOLM 08/04 PURCHASE STOCKHOLM SE,Smoothie King
*SQ SONIC DRIVE-IN SYDNEY 12/07 PURCHASE SYDNEY AU,Sonic Drive In
*SQ ST REGIS 09/05 PURCHASE ROME ITA,St. Regis
*SQ STARBUCKS LONDON 10/08 PURCHASE LONDON UK,Starbucks
*SQ SUBWAY BERLIN 10/20 PURCHASE BERLIN DE,Subway
*SQ SUSHI SENSATION OSAKA 02/12 PURCHASE OSAKA JP,Sushi Sensation
*SQ SUSHI SENSATION OSAKA 11/08 PURCHASE OSAKA JP,Sushi Sensation
*SQ SUSHI SUPREME TOKYO 03/24 PURCHASE TOKYO JP,Sushi Supreme
*SQ SWEET FROG PREMIUM FROZEN YOGURT DUBAI 09/17 PURCHASE DUBAI AE,Sweet Frog
*SQ TACO BELL HONG KONG 11/05 PURCHASE HONG KONG HK,Taco Bell
*SQ TACO BELL VANCOUVER 05/24 PURCHASE VANCOUVER CA,Taco Bell
*SQ TACO FIESTA MEXICO CITY 11/12 PURCHASE MEXICO CITY MX,Taco Fiesta
*SQ TAPAS BAR BARCELONA 12/02 PURCHASE BARCELONA ES,Tapas Bar
*SQ TAPAS TOWN BARCELONA 01/19 PURCHASE BARCELONA ES,Tapas Town
*SQ TAPAS TOWN MADRID 03/04 PURCHASE MADRID ES,Tapas Town
*SQ TCBY OSLO 08/28 PURCHASE OSLO NO,TCBY
*SQ TUTTI FRUTTI HONG KONG 09/25 PURCHASE HONG KONG HK,Tutti Frutti
*SQ UBER EATS TOKYO 10/04 PURCHASE TOKYO JP,Uber Eats
*SQ UBER RIDE 09/30 PURCHASE CHICAGO IL,Uber
*SQ UNITED AIRLINES 02/04 PURCHASE LOS ANGELES CA,United Airlines
*SQ UNITED AIRLINES 04/08 PURCHASE CHICAGO IL,United Airlines
*SQ UNITED AIRLINES 06/10 PURCHASE LOS ANGELES CA,United Airlines
*SQ UNITED AIRLINES 08/12 PURCHASE CHICAGO IL,United Airlines
*SQ UNITED AIRLINES 12/03 PURCHASE CHICAGO IL,United Airlines
*SQ WALDORF ASTORIA 04/26 PURCHASE ROME ITA,Waldorf Astoria
*SQ WALDORF ASTORIA 07/12 PURCHASE BEIJING CHN,Waldorf Astoria
*SQ WALDORF ASTORIA 09/16 PURCHASE AMSTERDAM NLD,Waldorf Astoria
*SQ WENDY'S SINGAPORE 11/09 PURCHASE SINGAPORE SG,Wendy's
*SQ WENDYS MELBOURNE 05/28 PURCHASE MELBOURNE AU,Wendy's
*SQ WESTIN HOTEL 03/04 PURCHASE TOKYO JP,Westin
*SQ WESTIN HOTEL 05/06 PURCHASE BARCELONA ES,Westin
*SQ WESTIN HOTEL 07/08 PURCHASE SINGAPORE SG,Westin
*SQ WESTIN HOTEL 12/31 PURCHASE SINGAPORE SG,Westin
*SQ WETZEL'S PRETZELS WARSAW 08/16 PURCHASE WARSAW PL,Wetzel's Pretzels
*SQ WHATABURGER LONDON 12/15 PURCHASE LONDON UK,Whataburger
*SQ WINGSTOP AMSTERDAM 01/28 PURCHASE AMSTERDAM NL,Wingstop
*SQ YOGA STUDIO 09/28 PURCHASE LOS ANGELES CA,Yoga Studio
*SQ YOGEN FRÜZ SINGAPORE 09/21 PURCHASE SINGAPORE SG,Yogen Früz
*SQ YOGURT CITY STOCKHOLM 10/11 PURCHASE STOCKHOLM SE,Yogurt City
*SQ YOGURT MOUNTAIN SEOUL 09/13 PURCHASE SEOUL KR,Yogurt Mountain
*SQ YOGURT WORLD MEXICO CITY 10/03 PURCHASE MEXICO CITY MX,Yogurt World
*SQ YOGURT ZONE CAPE TOWN 10/07 PURCHASE CAPE TOWN ZA,Yogurt Zone
*SQ YOGURT ZONE CAPE TOWN 10/19 PURCHASE CAPE TOWN ZA,Yogurt Zone
*SQ YOGURTLAND BANGKOK 09/01 PURCHASE BANGKOK TH,Yogurtland
*SQ ZAXBY'S MOSCOW 01/16 PURCHASE MOSCOW RU,Zaxby's
*UBER TRIP 09/28 PURCHASE BOSTON MA,Uber
101 HUDSON AUBONPAIN 8BANK ONE CTR. JERSEY CITY 07302 NJ USA,AUBONPAIN
123_FORD_DEALER789 01/25 #XXXXX4563 PURCHASE AUTO_PARTS DETROIT MI,Ford
2CO.COM*WINXDVD.COM 19DE CUSERSTRAAT 93 AMSTERDAM 1081 CN NLDNLD,WINXDVD.COM
388_PETSMART8 02/13 #XXXXX8384 PURCHASE PET_SUPPLY PHOENIX AZ,PetSmart
4487_GUCCI78 03/06 #XXXXX4784 PURCHASE LUX_BRAND FLORENCE IT,Gucci
61585 - LIBERTY SCIENCE CJERSEY CITY NJ,LIBERTY SCIENCE CENTER
7-ELEVEN 04/09 PURCHASE DALLAS TX,7-Eleven
7-ELEVEN 04/11 PURCHASE LAS VEGAS NV,7-Eleven
7-ELEVEN 09/12 PURCHASE IRVING TX,7-Eleven
937_PRINTSHOP 02/19 #XXXXX7938 PURCHASE PRINTING SUPPLIES OMAHA NE,937 Printshop
A DOLLAR. 1526 OAK TREE ROAD ISELIN 08830 NJ USA,A DOLLAR
AAINA BEAUTY PARLOR 989 US HIGHWAY 9 PARLIN 08859 NJ USA,AAINA BEAUTY PARLOR
ABAGAIL_FURN_204 06/26 #XXXXX4203 PURCHASE FURNITURE HOUSTON TX,Abagail Furniture
ABBATE BAKERY 247 MAIN STREET ABERDEEN TOWN07747 NJ USA,ABBATE BAKERY
ACEHARDWR654 02/25 #XXXXX4658 PURCHASE HARDWARE OAK BROOK IL,Ace Hardware
ACE_HD081 04/23 #XXXXX1081 PURCHASE POWER_TOOLS OAK BROOK IL,Ace Hardware
ACE_HD147 04/23 #XXXXX1081 PURCHASE POWER_TOOLS OAK BROOK IL,Ace Hardware
ACE_HD369 04/23 #XXXXX1081 PURCHASE POWER_TOOLS OAK BROOK IL,Ace Hardware
ACE_HD654 04/23 #XXXXX1081 PURCHASE POWER_TOOLS OAK BROOK IL,Ace Hardware
ACE_HD741 04/23 #XXXXX1081 PURCHASE POWER_TOOLS OAK BROOK IL,Ace Hardware
ACE_HD963 04/23 #XXXXX1081 PURCHASE POWER_TOOLS OAK BROOK IL,Ace Hardware
ACH DEPOSIT INTERNET TRANSFER FROM ACCOUNT ENDING IN 0108, 
ACH DEPOSIT INTERNET TRANSFER FROM ACCOUNT ENDING IN 0139, 
ACH DEPOSIT INTERNET TRANSFER FROM ACCOUNT ENDING IN 0206, 
ACH DEPOSIT INTERNET TRANSFER FROM ACCOUNT ENDING IN 0215, 
ACH DEPOSIT INTERNET TRANSFER FROM ACCOUNT ENDING IN 0355, 
ACH DEPOSIT INTERNET TRANSFER FROM ACCOUNT ENDING IN 0360, 
ACH DEPOSIT INTERNET TRANSFER FROM ACCOUNT ENDING IN 0363, 
ACH DEPOSIT INTERNET TRANSFER FROM ACCOUNT ENDING IN 0396, 
ACH DEPOSIT INTERNET TRANSFER FROM ACCOUNT ENDING IN 0494, 
ACH DEPOSIT INTERNET TRANSFER FROM ACCOUNT ENDING IN 0525, 
ACH DEPOSIT INTERNET TRANSFER FROM ACCOUNT ENDING IN 0534, 
ACH DEPOSIT INTERNET TRANSFER FROM ACCOUNT ENDING IN 0589, 
ACH DEPOSIT INTERNET TRANSFER FROM ACCOUNT ENDING IN 0622, 
ACH DEPOSIT INTERNET TRANSFER FROM ACCOUNT ENDING IN 1054, 
ACH DEPOSIT INTERNET TRANSFER FROM ACCOUNT ENDING IN 1056, 
ACH DEPOSIT INTERNET TRANSFER FROM ACCOUNT ENDING IN 1069, 
ACH DEPOSIT INTERNET TRANSFER FROM ACCOUNT ENDING IN 1131, 
ACH DEPOSIT INTERNET TRANSFER FROM ACCOUNT ENDING IN 1217, 
ACH DEPOSIT INTERNET TRANSFER FROM ACCOUNT ENDING IN 1226, 
ACH DEPOSIT INTERNET TRANSFER FROM ACCOUNT ENDING IN 1266, 
ACH DEPOSIT INTERNET TRANSFER FROM ACCOUNT ENDING IN 1359, 
ACH DEPOSIT INTERNET TRANSFER FROM ACCOUNT ENDING IN 1456, 
ACH DEPOSIT INTERNET TRANSFER FROM ACCOUNT ENDING IN 1486, 
ACH DEPOSIT INTERNET TRANSFER FROM ACCOUNT ENDING IN 1507, 
ACH DEPOSIT INTERNET TRANSFER FROM ACCOUNT ENDING IN 1522, 
ACH DEPOSIT INTERNET TRANSFER FROM ACCOUNT ENDING IN 1600, 
ACH DEPOSIT INTERNET TRANSFER FROM ACCOUNT ENDING IN 1807, 
ACH DEPOSIT INTERNET TRANSFER FROM ACCOUNT ENDING IN 1986, 
ACH DEPOSIT INTERNET TRANSFER FROM ACCOUNT ENDING IN 2150, 
ACH DEPOSIT INTERNET TRANSFER FROM ACCOUNT ENDING IN 2156, 
ACH DEPOSIT INTERNET TRANSFER FROM ACCOUNT ENDING IN 2217, 
ACH DEPOSIT INTERNET TRANSFER FROM ACCOUNT ENDING IN 2483, 
ACH DEPOSIT INTERNET TRANSFER FROM ACCOUNT ENDING IN 2827, 
ACH DEPOSIT INTERNET TRANSFER FROM ACCOUNT ENDING IN 2955, 
ACH DEPOSIT INTERNET TRANSFER FROM ACCOUNT ENDING IN 3165, 
ACH DEPOSIT INTERNET TRANSFER FROM ACCOUNT ENDING IN 3193, 
ACH DEPOSIT INTERNET TRANSFER FROM ACCOUNT ENDING IN 3323, 
ACH DEPOSIT INTERNET TRANSFER FROM ACCOUNT ENDING IN 3371, 
ACH DEPOSIT INTERNET TRANSFER FROM ACCOUNT ENDING IN 3374, 
ACH DEPOSIT INTERNET TRANSFER FROM ACCOUNT ENDING IN 3391, 
ACH DEPOSIT INTERNET TRANSFER FROM ACCOUNT ENDING IN 3424, 
ACH DEPOSIT INTERNET TRANSFER FROM ACCOUNT ENDING IN 3510, 
ACH DEPOSIT INTERNET TRANSFER FROM ACCOUNT ENDING IN 3552, 
ACH DEPOSIT INTERNET TRANSFER FROM ACCOUNT ENDING IN 3575, 
ACH DEPOSIT INTERNET TRANSFER FROM ACCOUNT ENDING IN 3626, 
ACH DEPOSIT INTERNET TRANSFER FROM ACCOUNT ENDING IN 3795, 
ACH DEPOSIT INTERNET TRANSFER FROM ACCOUNT ENDING IN 3844, 
ACH DEPOSIT INTERNET TRANSFER FROM ACCOUNT ENDING IN 3906, 
ACH DEPOSIT INTERNET TRANSFER FROM ACCOUNT ENDING IN 3943, 
ACH DEPOSIT INTERNET TRANSFER FROM ACCOUNT ENDING IN 4063, 
ACH DEPOSIT INTERNET TRANSFER FROM ACCOUNT ENDING IN 4082, 
ACH DEPOSIT INTERNET TRANSFER FROM ACCOUNT ENDING IN 4183, 
ACH DEPOSIT INTERNET TRANSFER FROM ACCOUNT ENDING IN 4347, 
ACH DEPOSIT INTERNET TRANSFER FROM ACCOUNT ENDING IN 4375, 
ACH DEPOSIT INTERNET TRANSFER FROM ACCOUNT ENDING IN 4397, 
ACH DEPOSIT INTERNET TRANSFER FROM ACCOUNT ENDING IN 4454, 
ACH DEPOSIT INTERNET TRANSFER FROM ACCOUNT ENDING IN 4458, 
ACH DEPOSIT INTERNET TRANSFER FROM ACCOUNT ENDING IN 4501, 
ACH DEPOSIT INTERNET TRANSFER FROM ACCOUNT ENDING IN 4526, 
ACH DEPOSIT INTERNET TRANSFER FROM ACCOUNT ENDING IN 4630, 
ACH DEPOSIT INTERNET TRANSFER FROM ACCOUNT ENDING IN 4758, 
ACH DEPOSIT INTERNET TRANSFER FROM ACCOUNT ENDING IN 5005, 
ACH DEPOSIT INTERNET TRANSFER FROM ACCOUNT ENDING IN 5021, 
ACH DEPOSIT INTERNET TRANSFER FROM ACCOUNT ENDING IN 5210, 
ACH DEPOSIT INTERNET TRANSFER FROM ACCOUNT ENDING IN 5300, 
ACH DEPOSIT INTERNET TRANSFER FROM ACCOUNT ENDING IN 5344, 
ACH DEPOSIT INTERNET TRANSFER FROM ACCOUNT ENDING IN 5449, 
ACH DEPOSIT INTERNET TRANSFER FROM ACCOUNT ENDING IN 5464, 
ACH DEPOSIT INTERNET TRANSFER FROM ACCOUNT ENDING IN 5466, 
ACH DEPOSIT INTERNET TRANSFER FROM ACCOUNT ENDING IN 5620, 
ACH DEPOSIT INTERNET TRANSFER FROM ACCOUNT ENDING IN 5671, 
ACH DEPOSIT INTERNET TRANSFER FROM ACCOUNT ENDING IN 5673, 
ACH DEPOSIT INTERNET TRANSFER FROM ACCOUNT ENDING IN 5682, 
ACH DEPOSIT INTERNET TRANSFER FROM ACCOUNT ENDING IN 5730, 
ACH DEPOSIT INTERNET TRANSFER FROM ACCOUNT ENDING IN 5772, 
ACH DEPOSIT INTERNET TRANSFER FROM ACCOUNT ENDING IN 5843, 
ACH DEPOSIT INTERNET TRANSFER FROM ACCOUNT ENDING IN 6039, 
ACH DEPOSIT INTERNET TRANSFER FROM ACCOUNT ENDING IN 6101, 
ACH DEPOSIT INTERNET TRANSFER FROM ACCOUNT ENDING IN 6234, 
ACH DEPOSIT INTERNET TRANSFER FROM ACCOUNT ENDING IN 6299, 
ACH DEPOSIT INTERNET TRANSFER FROM ACCOUNT ENDING IN 6396, 
ACH DEPOSIT INTERNET TRANSFER FROM ACCOUNT ENDING IN 6430, 
ACH DEPOSIT INTERNET TRANSFER FROM ACCOUNT ENDING IN 6558, 
ACH DEPOSIT INTERNET TRANSFER FROM ACCOUNT ENDING IN 6766, 
ACH DEPOSIT INTERNET TRANSFER FROM ACCOUNT ENDING IN 6871, 
ACH DEPOSIT INTERNET TRANSFER FROM ACCOUNT ENDING IN 6907, 
ACH DEPOSIT INTERNET TRANSFER FROM ACCOUNT ENDING IN 6918, 
ACH DEPOSIT INTERNET TRANSFER FROM ACCOUNT ENDING IN 6958, 
ACH DEPOSIT INTERNET TRANSFER FROM ACCOUNT ENDING IN 7021, 
ACH DEPOSIT INTERNET TRANSFER FROM ACCOUNT ENDING IN 7024, 
ACH DEPOSIT INTERNET TRANSFER FROM ACCOUNT ENDING IN 7027, 
ACH DEPOSIT INTERNET TRANSFER FROM ACCOUNT ENDING IN 7108, 
ACH DEPOSIT INTERNET TRANSFER FROM ACCOUNT ENDING IN 7327, 
ACH DEPOSIT INTERNET TRANSFER FROM ACCOUNT ENDING IN 7380, 
ACH DEPOSIT INTERNET TRANSFER FROM ACCOUNT ENDING IN 7414, 
ACH DEPOSIT INTERNET TRANSFER FROM ACCOUNT ENDING IN 7434, 
ACH DEPOSIT INTERNET TRANSFER FROM ACCOUNT ENDING IN 7614, 
ACH DEPOSIT INTERNET TRANSFER FROM ACCOUNT ENDING IN 7751, 
ACH DEPOSIT INTERNET TRANSFER FROM ACCOUNT ENDING IN 7928, 
ACH DEPOSIT INTERNET TRANSFER FROM ACCOUNT ENDING IN 7960, 
ACH DEPOSIT INTERNET TRANSFER FROM ACCOUNT ENDING IN 7987, 
ACH DEPOSIT INTERNET TRANSFER FROM ACCOUNT ENDING IN 8044, 
ACH DEPOSIT INTERNET TRANSFER FROM ACCOUNT ENDING IN 8053, 
ACH DEPOSIT INTERNET TRANSFER FROM ACCOUNT ENDING IN 8087, 
ACH DEPOSIT INTERNET TRANSFER FROM ACCOUNT ENDING IN 8094, 
ACH DEPOSIT INTERNET TRANSFER FROM ACCOUNT ENDING IN 8454, 
ACH DEPOSIT INTERNET TRANSFER FROM ACCOUNT ENDING IN 8463, 
ACH DEPOSIT INTERNET TRANSFER FROM ACCOUNT ENDING IN 8616, 
ACH DEPOSIT INTERNET TRANSFER FROM ACCOUNT ENDING IN 8651, 
ACH DEPOSIT INTERNET TRANSFER FROM ACCOUNT ENDING IN 8730, 
ACH DEPOSIT INTERNET TRANSFER FROM ACCOUNT ENDING IN 8734, 
ACH DEPOSIT INTERNET TRANSFER FROM ACCOUNT ENDING IN 8946, 
ACH DEPOSIT INTERNET TRANSFER FROM ACCOUNT ENDING IN 9053, 
ACH DEPOSIT INTERNET TRANSFER FROM ACCOUNT ENDING IN 9244, 
ACH DEPOSIT INTERNET TRANSFER FROM ACCOUNT ENDING IN 9312, 
ACH DEPOSIT INTERNET TRANSFER FROM ACCOUNT ENDING IN 9320, 
ACH DEPOSIT INTERNET TRANSFER FROM ACCOUNT ENDING IN 9377, 
ACH DEPOSIT INTERNET TRANSFER FROM ACCOUNT ENDING IN 9462, 
ACH DEPOSIT INTERNET TRANSFER FROM ACCOUNT ENDING IN 9563, 
ACH DEPOSIT INTERNET TRANSFER FROM ACCOUNT ENDING IN 9654, 
ACH DEPOSIT INTERNET TRANSFER FROM ACCOUNT ENDING IN 9672, 
ACH DEPOSIT INTERNET TRANSFER FROM ACCOUNT ENDING IN 9688, 
ACH DEPOSIT INTERNET TRANSFER FROM ACCOUNT ENDING IN 9746, 
ACH DEPOSIT INTERNET TRANSFER FROM ACCOUNT ENDING IN 9829, 
ACH DEPOSIT INTERNET TRANSFER FROM ACCOUNT ENDING IN 9940, 
ACH DEPOSIT INTERNET TRANSFER FROM ACCOUNT ENDING IN 9979, 
ACME 03/27 PURCHASE PHILADELPHIA PA,ACME
ACME 12/13 PURCHASE PHILADELPHIA PA,ACME
ACME MARKETS 03/02 PURCHASE MALVERN PA,ACME Markets
ACME MARKETS 06/11 PURCHASE PHILADELPHIA PA,ACME Markets
ACME MARKETS 09/07 PURCHASE BALTIMORE MD,ACME Markets
ACME MARKETS 12/08 PURCHASE MALVERN PA,ACME Markets
ACTBLUE*STACEY.ABRAMS 1270 CAROLINE STREET 404-8294768 30307 GA USA,ACTBLUE STACEY.ABRAMS
ACTBLUE*VOTE.ORG 366 SUMMER STREET ACTBLUECC.COM02144 MA USA,ACTBLUE VOTE.ORG
ADIDAS_SPRT147 08/14 #XXXXX3456 PURCHASE SHOES ONLINE,Adidas
ADIDAS_SPRT258 11/10 #XXXXX5678 PURCHASE SHOES ONLINE,Adidas
ADIDAS_SPRT963 05/18 #XXXXX2345 PURCHASE SHOES ONLINE,Adidas
ADIDA__S.634 02/09 #XXXXX4632 PURCHASE SPORTS_GEAR PORTLAND OR,Adidas
ADOBE CC 10/28 #XXXXX4567 PURCHASE SUBSCR SAN JOSE CA,Adobe
ADOBE.COM/BILL 05/11 PURCHASE 800-833-6687 CA,Adobe
ADOBE.COM/BILL 11/28 PURCHASE 800-833-6687 CA,Adobe
AERIE7543 03/13 PURCHASE YOUNG FASHION NEW YORK NY,Aerie
AGI*RENTERS/CONDO INS 11222 QUAIL ROOST DR 800-370-1990 33157 FL USA,RENTERS/CONDO INSURANCE
AIR PLAY 111 STATE ROUTE 35 CLIFFWOOD 07721 NJ USA,AIR PLAY
AIRBNB * HM3Z9XJ7PY 10/05 PURCHASE 415-800-5959 CA,Airbnb
AIRBNB * HMN3Q5ZMPY 03/10 PURCHASE 415-800-5959 CA,Airbnb
AIRBNB DES:LODGING ID:AIRBNB1234 INDN:EMMA BROWN CO ID:AIRBNBLO56 WEB,Airbnb
AIRBNB DES:LODGING ID:AIRBNB5678 INDN:EMILY WILSON CO ID:AIRBNBLO90 WEB,Airbnb
AIRBNB DES:LODGING ID:AIRBNB5678 INDN:JAMES DAVIS CO ID:AIRBNBLO90 WEB,Airbnb
AIRBNB DES:LODGING ID:AIRBNB5678 INDN:JAMES GREEN CO ID:AIRBNBLO90 WEB,Airbnb
AIRBNB DES:LODGING ID:AIRBNB5678 INDN:MICHAEL JOHNSON CO ID:AIRBNBLO90 WEB,Airbnb
AIRBNB123 12/09 PURCHASE SAN FRANCISCO CA,Airbnb
AIRBNB234 04/12 #XXXXX5678 PURCHASE TRAVEL SAN FRANCISCO CA,Airbnb
AIRBNB456 07/17 #XXXXX2345 PURCHASE TRAVEL SAN FRANCISCO CA,Airbnb
AIRBNB678 02/23 #XXXXX6789 PURCHASE TRAVEL SAN FRANCISCO CA,Airbnb
AIRBNB678 05/30 #XXXXX3456 PURCHASE TRAVEL SAN FRANCISCO CA,Airbnb
AIRMLS789 10/14 #XXXXX987654 PURCHASE AIRBNB.COM CA,Airbnb
ALASKA AIR 027123456789 05/04 PURCHASE 800-252-7522 WA,Alaska Airlines
ALASKA AIR 027123456789 08/22 PURCHASE 800-252-7522 WA,Alaska Airlines
ALBERTSONS 03/11 PURCHASE BOISE ID,Albertsons
ALBERTSONS 04/12 PURCHASE BOISE ID,Albertsons
ALBERTSONS 04/28 PURCHASE PHOENIX AZ,Albertsons
ALBERTSONS 10/09 PURCHASE BOISE ID,Albertsons
ALBERTSONS 11/23 PURCHASE SEATTLE WA,Albertsons
ALDI 01/03 PURCHASE MIAMI FL,ALDI
ALDI 02/03 PURCHASE CHICAGO IL,ALDI
ALDI 03/14 PURCHASE MIAMI FL,ALDI
ALDI 03/31 PURCHASE PHOENIX AZ,ALDI
ALDI 05/18 PURCHASE MILWAUKEE WI,ALDI
ALDI 05/23 PURCHASE MIAMI FL,ALDI
ALDI 06/03 PURCHASE AUSTIN TX,ALDI
ALDI 07/05 PURCHASE MILWAUKEE WI,ALDI
ALDI 07/14 PURCHASE CHICAGO IL,ALDI
ALDI 08/01 PURCHASE MIAMI FL,ALDI
ALDI 08/18 PURCHASE MILWAUKEE WI,ALDI
ALDI 10/01 PURCHASE MILWAUKEE WI,ALDI
ALDI 11/08 PURCHASE CHICAGO IL,ALDI
ALDI STORES 10/21 PURCHASE BATAVIA IL,ALDI
ALDI_SPRMRKT321 02/18 #XXXXX5678 PURCHASE GROCERIES CHICAGO IL,ALDI
ALDI_SPRMRKT321 12/20 #XXXXX3456 PURCHASE GROCERIES PHOENIX AZ,ALDI
ALDI_SPRMRKT654 11/02 #XXXXX6789 PURCHASE GROCERIES CHICAGO IL,ALDI
ALL CITY ELECTRICAL LI,ALL CITY ELECTRICAL
ALLEGIANT AIR 7891234567 06/17 PURCHASE 702-505-8888 NV,Allegiant Air
ALLY,ALLY
ALTICEMOBILE.COM 1111 STEWART AVENUE 888-333-0643 11714 NY USA,ALTICEMOBILE.COM
AMAZON DIGITAL SEATTLE WA,AMAZON DIGITAL
AMAZON MARKETPLACE SEATTLE WA,Amazon
AMAZON MKTPLACE PMTS DES:AMZN.COM/BILL ID:1A2B3C4D5E INDN:JOHN DOE CO ID:AMZNMP1234 WEB,Amazon
AMAZON PRIME 12/21 #XXXXX6789 PURCHASE SUBSCR SEATTLE WA,Amazon
AMAZON PRIME 440 TERRY AVE N AMZN.COM/BILL98109 WA USA,Amazon
AMAZON PRIME CONS SEATTLE WA,Amazon
AMAZON PRIME*M41A697S0440 TERRY AVE N AMZN.COM/BILL98109 WA USA,Amazon
AMAZON RETAIL SEATTLE WA,Amazon
AMAZON.COM 440 TERRY AVE N AMZN.COM/BILL98109 WA USA (RETURN),Amazon
AMAZON.COM AMZN.COM/BI440 TERRY AVE N AMZN.COM/BILL98109 WA USA (RETURN),Amazon
AMAZON.COM*0985T6503 440 TERRY AVE N AMZN.COM/BILL98109 WA USA,Amazon
AMAZON.COM*0S6TA1413 440 TERRY AVE N AMZN.COM/BILL98109 WA USA,Amazon
AMAZON.COM*1J8P92WE3 440 TERRY AVE N AMZN.COM/BILL98109 WA USA,Amazon
AMAZON.COM*1S3XT6RE3 440 TERRY AVE N AMZN.COM/BILL98109 WA USA,Amazon
AMAZON.COM*1W8MB5JW2 440 TERRY AVE N AMZN.COM/BILL98109 WA USA,Amazon
AMAZON.COM*2G6UM09O1 440 TERRY AVE N AMZN.COM/BILL98109 WA USA,Amazon
AMAZON.COM*2R1FW4WD3 440 TERRY AVE N AMZN.COM/BILL98109 WA USA,Amazon
AMAZON.COM*2T50G6N52 A440 TERRY AVE N AMZN.COM/BILL98109 WA USA,Amazon
AMAZON.COM*2T5UI4AD0 A440 TERRY AVE N AMZN.COM/BILL98109 WA USA,Amazon
AMAZON.COM*2T6JR5PG0 A440 TERRY AVE N AMZN.COM/BILL98109 WA USA,Amazon
AMAZON.COM*2V7HE2QN3 440 TERRY AVE N AMZN.COM/BILL98109 WA USA,Amazon
AMAZON.COM*2W8M612Z2 A440 TERRY AVE N AMZN.COM/BILL98109 WA USA,Amazon
AMAZON.COM*2Z9U86FT3 A440 TERRY AVE N AMZN.COM/BILL98109 WA USA,Amazon
AMAZON.COM*3860P7DI3 A440 TERRY AVE N AMZN.COM/BILL98109 WA USA,Amazon
AMAZON.COM*3G78G6QJ3 440 TERRY AVE N AMZN.COM/BILL98109 WA USA,Amazon
AMAZON.COM*430E78ZA3 440 TERRY AVE N AMZN.COM/BILL98109 WA USA,Amazon
AMAZON.COM*4S9F03QF3 440 TERRY AVE N AMZN.COM/BILL98109 WA USA,Amazon
AMAZON.COM*5M6AX3YB3 A440 TERRY AVE N AMZN.COM/BILL98109 WA USA,Amazon
AMAZON.COM*6S4MW84H3 A440 TERRY AVE N AMZN.COM/BILL98109 WA USA,Amazon
AMAZON.COM*6S7YD6HK3 440 TERRY AVE N AMZN.COM/BILL98109 WA USA,Amazon
AMAZON.COM*724XU2863 440 TERRY AVE N AMZN.COM/BILL98109 WA USA,Amazon
AMAZON.COM*759R28XB3 440 TERRY AVE N AMZN.COM/BILL98109 WA USA,Amazon
AMAZON.COM*777Z57ZB3 A440 TERRY AVE N AMZN.COM/BILL98109 WA USA,Amazon
AMAZON.COM*7F6PG22Y3 440 TERRY AVE N AMZN.COM/BILL98109 WA USA,Amazon
AMAZON.COM*7O6GK9OI3 A440 TERRY AVE N AMZN.COM/BILL98109 WA USA,Amazon
AMAZON.COM*7P7U75UX3 440 TERRY AVE N AMZN.COM/BILL98109 WA USA,Amazon
AMAZON.COM*7X9Q80DY3 440 TERRY AVE N AMZN.COM/BILL98109 WA USA,Amazon
AMAZON.COM*8Z65S7IC3 440 TERRY AVE N AMZN.COM/BILL98109 WA USA,Amazon
AMAZON.COM*9I8VT3SX3 440 TERRY AVE N AMZN.COM/BILL98109 WA USA,Amazon
AMAZON.COM*AI6V88R93 440 TERRY AVE N AMZN.COM/BILL98109 WA USA,Amazon
AMAZON.COM*AO5764CG3 A440 TERRY AVE N AMZN.COM/BILL98109 WA USA,Amazon
AMAZON.COM*B60UQ6B93 440 TERRY AVE N AMZN.COM/BILL98109 WA USA,Amazon
AMAZON.COM*BB30K5GG3 A440 TERRY AVE N AMZN.COM/BILL98109 WA USA,Amazon
AMAZON.COM*C52BY3163 440 TERRY AVE N AMZN.COM/BILL98109 WA USA,Amazon
AMAZON.COM*CB9BB5513 440 TERRY AVE N AMZN.COM/BILL98109 WA USA,Amazon
AMAZON.COM*DT1SQ9MH3 440 TERRY AVE N AMZN.COM/BILL98109 WA USA,Amazon
AMAZON.COM*E50B97JH3 440 TERRY AVE N AMZN.COM/BILL98109 WA USA,Amazon
AMAZON.COM*EE7Y720F3 440 TERRY AVE N AMZN.COM/BILL98109 WA USA,Amazon
AMAZON.COM*EL81Y79I3 440 TERRY AVE N AMZN.COM/BILL98109 WA USA,Amazon
AMAZON.COM*ES6Y904L3 A440 TERRY AVE N AMZN.COM/BILL98109 WA USA,Amazon
AMAZON.COM*EW2576WR3 440 TERRY AVE N AMZN.COM/BILL98109 WA USA,Amazon
AMAZON.COM*F93OW86O3 A440 TERRY AVE N AMZN.COM/BILL98109 WA USA,Amazon
AMAZON.COM*H48AR5JO3 440 TERRY AVE N AMZN.COM/BILL98109 WA USA,Amazon
AMAZON.COM*IC9473R13 440 TERRY AVE N AMZN.COM/BILL98109 WA USA,Amazon
AMAZON.COM*IZ56C0KM3 440 TERRY AVE N AMZN.COM/BILL98109 WA USA,Amazon
AMAZON.COM*JL36M5693 A440 TERRY AVE N AMZN.COM/BILL98109 WA USA,Amazon
AMAZON.COM*JS0KE66P3 440 TERRY AVE N AMZN.COM/BILL98109 WA USA,Amazon
AMAZON.COM*JU7JG7Z33 440 TERRY AVE N AMZN.COM/BILL98109 WA USA,Amazon
AMAZON.COM*KC5OE5KS3 440 TERRY AVE N AMZN.COM/BILL98109 WA USA,Amazon
AMAZON.COM*KD4VA3OJ3 440 TERRY AVE N AMZN.COM/BILL98109 WA USA,Amazon
AMAZON.COM*KV3JP2XV3 440 TERRY AVE N AMZN.COM/BILL98109 WA USA,Amazon
AMAZON.COM*LC64B7MZ3 440 TERRY AVE N AMZN.COM/BILL98109 WA USA,Amazon
AMAZON.COM*LZ2PG5TW3 440 TERRY AVE N AMZN.COM/BILL98109 WA USA,Amazon
AMAZON.COM*M42FP1LS1 A440 TERRY AVE N AMZN.COM/BILL98109 WA USA,Amazon
AMAZON.COM*M437R2BG0 440 TERRY AVE N AMZN.COM/BILL98109 WA USA,Amazon
AMAZON.COM*M48HJ4321 A440 TERRY AVE N AMZN.COM/BILL98109 WA USA,Amazon
AMAZON.COM*M48Q75J21 440 TERRY AVE N AMZN.COM/BILL98109 WA USA,Amazon
AMAZON.COM*M75KF6IM1 A440 TERRY AVE N AMZN.COM/BILL98109 WA USA,Amazon
AMAZON.COM*M76RI6781 A440 TERRY AVE N AMZN.COM/BILL98109 WA USA,Amazon
AMAZON.COM*M77RP98Q2 440 TERRY AVE N AMZN.COM/BILL98109 WA USA,Amazon
AMAZON.COM*MC7UW9PR3 440 TERRY AVE N AMZN.COM/BILL98109 WA USA,Amazon
AMAZON.COM*MF1Y12640 A440 TERRY AVE N AMZN.COM/BILL98109 WA USA,Amazon
AMAZON.COM*MF4MI1GI2 A440 TERRY AVE N AMZN.COM/BILL98109 WA USA,Amazon
AMAZON.COM*MF8RJ21L2 440 TERRY AVE N AMZN.COM/BILL98109 WA USA,Amazon
AMAZON.COM*MF9MJ0GI2 A440 TERRY AVE N AMZN.COM/BILL98109 WA USA,Amazon
AMAZON.COM*MJ2FX3I61 440 TERRY AVE N AMZN.COM/BILL98109 WA USA,Amazon
AMAZON.COM*MJ33B0NR1 440 TERRY AVE N AMZN.COM/BILL98109 WA USA,Amazon
AMAZON.COM*MJ36W4Z91 440 TERRY AVE N AMZN.COM/BILL98109 WA USA,Amazon
AMAZON.COM*MJ3U677J1 440 TERRY AVE N AMZN.COM/BILL98109 WA USA,Amazon
AMAZON.COM*MJ4BX11Q0 440 TERRY AVE N AMZN.COM/BILL98109 WA USA,Amazon
AMAZON.COM*MJ7843992 440 TERRY AVE N AMZN.COM/BILL98109 WA USA,Amazon
AMAZON.COM*MK7JZ98P0 A440 TERRY AVE N AMZN.COM/BILL98109 WA USA,Amazon
AMAZON.COM*MM06L33O1 440 TERRY AVE N AMZN.COM/BILL98109 WA USA,Amazon
AMAZON.COM*MM2RV4142 440 TERRY AVE N AMZN.COM/BILL98109 WA USA,Amazon
AMAZON.COM*MM58U26N0 A440 TERRY AVE N AMZN.COM/BILL98109 WA USA,Amazon
AMAZON.COM*MM5C12UY2 440 TERRY AVE N AMZN.COM/BILL98109 WA USA,Amazon
AMAZON.COM*MQ7269Q93 440 TERRY AVE N AMZN.COM/BILL98109 WA USA,Amazon
AMAZON.COM*MS3MP6CM1 440 TERRY AVE N AMZN.COM/BILL98109 WA USA,Amazon
AMAZON.COM*MS4212FK2 440 TERRY AVE N AMZN.COM/BILL98109 WA USA,Amazon
AMAZON.COM*MU1MY40H2 440 TERRY AVE N AMZN.COM/BILL98109 WA USA,Amazon
AMAZON.COM*MU2K06S52 A440 TERRY AVE N AMZN.COM/BILL98109 WA USA,Amazon
AMAZON.COM*MU3E39772 A440 TERRY AVE N AMZN.COM/BILL98109 WA USA,Amazon
AMAZON.COM*MU3VD3831 A440 TERRY AVE N AMZN.COM/BILL98109 WA USA,Amazon
AMAZON.COM*MU3ZV45J1 A440 TERRY AVE N AMZN.COM/BILL98109 WA USA,Amazon
AMAZON.COM*MU4179MI1 440 TERRY AVE N AMZN.COM/BILL98109 WA USA,Amazon
AMAZON.COM*MU4D20362 440 TERRY AVE N AMZN.COM/BILL98109 WA USA,Amazon
AMAZON.COM*MU4DK0P52 440 TERRY AVE N AMZN.COM/BILL98109 WA USA,Amazon
AMAZON.COM*MU5KM6D50 440 TERRY AVE N AMZN.COM/BILL98109 WA USA,Amazon
AMAZON.COM*MU6NT02S2 440 TERRY AVE N AMZN.COM/BILL98109 WA USA,Amazon
AMAZON.COM*MU7Y517F0 440 TERRY AVE N AMZN.COM/BILL98109 WA USA,Amazon
AMAZON.COM*MU99T1I72 A440 TERRY AVE N AMZN.COM/BILL98109 WA USA,Amazon
AMAZON.COM*MV2JB4F70 440 TERRY AVE N AMZN.COM/BILL98109 WA USA,Amazon
AMAZON.COM*MV6730281 440 TERRY AVE N AMZN.COM/BILL98109 WA USA,Amazon
AMAZON.COM*MV9417IM2 A440 TERRY AVE N AMZN.COM/BILL98109 WA USA,Amazon
AMAZON.COM*MY1DV62T0 A440 TERRY AVE N AMZN.COM/BILL98109 WA USA,Amazon
AMAZON.COM*MY3SD6RD0 440 TERRY AVE N AMZN.COM/BILL98109 WA USA,Amazon
AMAZON.COM*MY8MX30A1 A440 TERRY AVE N AMZN.COM/BILL98109 WA USA,Amazon
AMAZON.COM*NK5494WH3 440 TERRY AVE N AMZN.COM/BILL98109 WA USA,Amazon
AMAZON.COM*NX3HT6RV3 A440 TERRY AVE N AMZN.COM/BILL98109 WA USA,Amazon
AMAZON.COM*OB2MR8BE3 A440 TERRY AVE N AMZN.COM/BILL98109 WA USA,Amazon
AMAZON.COM*OL7YP5UV3 A440 TERRY AVE N AMZN.COM/BILL98109 WA USA,Amazon
AMAZON.COM*OW13H52B3 440 TERRY AVE N AMZN.COM/BILL98109 WA USA,Amazon
AMAZON.COM*P60G54LC3 440 TERRY AVE N AMZN.COM/BILL98109 WA USA,Amazon
AMAZON.COM*Q353F1OG3 A440 TERRY AVE N AMZN.COM/BILL98109 WA USA,Amazon
AMAZON.COM*Q65J13S83 A440 TERRY AVE N AMZN.COM/BILL98109 WA USA,Amazon
AMAZON.COM*QC2XM8Y43 440 TERRY AVE N AMZN.COM/BILL98109 WA USA,Amazon
AMAZON.COM*QF5M82FH3 A440 TERRY AVE N AMZN.COM/BILL98109 WA USA,Amazon
AMAZON.COM*QZ69J2TG3 440 TERRY AVE N AMZN.COM/BILL98109 WA USA,Amazon
AMAZON.COM*RB4977C83 440 TERRY AVE N AMZN.COM/BILL98109 WA USA,Amazon
AMAZON.COM*RV59M5733 440 TERRY AVE N AMZN.COM/BILL98109 WA USA,Amazon
AMAZON.COM*ST0YW9V93 440 TERRY AVE N AMZN.COM/BILL98109 WA USA,Amazon
AMAZON.COM*T35756Z63 440 TERRY AVE N AMZN.COM/BILL98109 WA USA,Amazon
AMAZON.COM*T54SZ3TG3 440 TERRY AVE N AMZN.COM/BILL98109 WA USA,Amazon
AMAZON.COM*TP06A1Q83 440 TERRY AVE N AMZN.COM/BILL98109 WA USA,Amazon
AMAZON.COM*TU0L14QQ3 A440 TERRY AVE N AMZN.COM/BILL98109 WA USA,Amazon
AMAZON.COM*UJ0PE9Y83 A440 TERRY AVE N AMZN.COM/BILL98109 WA USA,Amazon
AMAZON.COM*UU7X85KT3 440 TERRY AVE N AMZN.COM/BILL98109 WA USA,Amazon
AMAZON.COM*VK8MB07J3 440 TERRY AVE N AMZN.COM/BILL98109 WA USA,Amazon
AMAZON.COM*WR1H14783 440 TERRY AVE N AMZN.COM/BILL98109 WA USA,Amazon
AMAZON.COM*X078U4K33 440 TERRY AVE N AMZN.COM/BILL98109 WA USA,Amazon
AMAZON.COM*XA0H96G63 440 TERRY AVE N AMZN.COM/BILL98109 WA USA,Amazon
AMAZON.COM*XJ6IL0XN3 440 TERRY AVE N AMZN.COM/BILL98109 WA USA,Amazon
AMAZON.COM*XK0894OT3 440 TERRY AVE N AMZN.COM/BILL98109 WA USA,Amazon
AMAZON.COM*XS7S98OA3 440 TERRY AVE N AMZN.COM/BILL98109 WA USA,Amazon
AMAZON.COM*XX8BD6AH3 440 TERRY AVE N AMZN.COM/BILL98109 WA USA,Amazon
AMAZON.COM*Y455U3ZX3 440 TERRY AVE N AMZN.COM/BILL98109 WA USA,Amazon
AMAZON.COM*YA8F47MM3 A440 TERRY AVE N AMZN.COM/BILL98109 WA USA,Amazon
AMAZON.COM*YR0HT5113 A440 TERRY AVE N AMZN.COM/BILL98109 WA USA,Amazon
AMAZON.COM*YT27J7KB3 A440 TERRY AVE N AMZN.COM/BILL98109 WA USA,Amazon
AMAZON.COM*Z76L154G3 440 TERRY AVE N AMZN.COM/BILL98109 WA USA,Amazon
AMAZON.COM*Z79935YB3 A440 TERRY AVE N AMZN.COM/BILL98109 WA USA,Amazon
AMAZON.COM*Z907M5GO3 440 TERRY AVE N AMZN.COM/BILL98109 WA USA,Amazon
AMAZON.COM*ZN34H0MD3 440 TERRY AVE N AMZN.COM/BILL98109 WA USA,Amazon
AMC 0738 BRUNSWICK SQ 755 ROUTE 18 E BRUNSWICK 08816 NJ USA,AMC
AMC+ 09/20 PURCHASE NEW YORK NY,AMC
AMERICAN AIR0012345678 04/12 PURCHASE 800-433-7300 TX,American Airlines
AMERICAN AIR0012345678 07/31 PURCHASE 800-433-7300 TX,American Airlines
AMERICAN AIR0012345678 11/06 PURCHASE 800-433-7300 TX,American Airlines
AMERICAN DREAM 1 MEADOWLANDS PLAZA EAST RUTHERFO07073 NJ USA,AMERICAN DREAM MALL
AMEX AUTOPAY PPD ID: 2060005183, 
AMEX AUTOPAY PPD ID: 5014739507, 
AMEX AUTOPAY PPD ID: 5956320269, 
AMEX AUTOPAY PPD ID: 6883202192, 
AMEX AUTOPAY PPD ID: 8880502539, 
AMEX AUTOPAY PPD ID: 9833329102, 
AMZ*BATTERY JUNCTION 440 TERRY AVE N PAY.AMAZON.CO98109 WA USA,Amazon
AMZ*MACSALES.COM 440 TERRY AVE N PAY.AMAZON.CO98109 WA USA,MACSALES.COM
AMZN DIGITAL*5U7454XG3440 TERRY AVE N 888-802-3080 98109 WA USA,AMAZON DIGITAL
AMZN DIGITAL*BB44J0KG3440 TERRY AVE N 888-802-3080 98109 WA USA,AMAZON DIGITAL
AMZN DIGITAL*MV1ZR1DO1440 TERRY AVE N 888-802-3080 98109 WA USA,AMAZON DIGITAL
AMZN DIGITAL*MV7NH2L21440 TERRY AVE N 888-802-3080 98109 WA USA,AMAZON DIGITAL
AMZN DIGITAL*UI2CA35Z3440 TERRY AVE N 888-802-3080 98109 WA USA,AMAZON DIGITAL
AMZN DIGITALMK7XY2TE1 10/06 #XXXXX246810 PURCHASE AMZN.COM/BILL WA,Amazon
AMZN INSTALL*285CK86H1440 TERRY AVE N AMZN.COM/BILL98109 WA USA,Amazon
AMZN INSTALL*8897P5KS3440 TERRY AVE N AMZN.COM/BILL98109 WA USA,Amazon
AMZN INSTALL*MK5GD2BL1440 TERRY AVE N AMZN.COM/BILL98109 WA USA,Amazon
AMZN INSTALL*RO0020LR3440 TERRY AVE N AMZN.COM/BILL98109 WA USA,Amazon
AMZN MKTP US 11/24 PURCHASE SEATTLE WA,Amazon
AMZN MKTP US 440 TERRY AVE N AMZN.COM/BILL98109 WA USA (RETURN),Amazon
AMZN MKTP US*0B7EK8LX3440 TERRY AVE N AMZN.COM/BILL98109 WA USA,Amazon
AMZN MKTP US*0I0XT9FI3440 TERRY AVE N AMZN.COM/BILL98109 WA USA,Amazon
AMZN MKTP US*1I0A92BF3440 TERRY AVE N AMZN.COM/BILL98109 WA USA,Amazon
AMZN MKTP US*1I11T42S3440 TERRY AVE N AMZN.COM/BILL98109 WA USA,Amazon
AMZN MKTP US*2072R4O33440 TERRY AVE N AMZN.COM/BILL98109 WA USA,Amazon
AMZN MKTP US*2502Q7WJ3440 TERRY AVE N AMZN.COM/BILL98109 WA USA,Amazon
AMZN MKTP US*2800B3XR2440 TERRY AVE N AMZN.COM/BILL98109 WA USA,Amazon
AMZN MKTP US*283ZX1H91440 TERRY AVE N AMZN.COM/BILL98109 WA USA,Amazon
AMZN MKTP US*285HI8QE1440 TERRY AVE N AMZN.COM/BILL98109 WA USA,Amazon
AMZN MKTP US*2883S4S71440 TERRY AVE N AMZN.COM/BILL98109 WA USA,Amazon
AMZN MKTP US*2O80O1X50440 TERRY AVE N AMZN.COM/BILL98109 WA USA,Amazon
AMZN MKTP US*2T0KA0GK0440 TERRY AVE N AMZN.COM/BILL98109 WA USA,Amazon
AMZN MKTP US*2T34H01O2440 TERRY AVE N AMZN.COM/BILL98109 WA USA,Amazon
AMZN MKTP US*2T3AH41L2440 TERRY AVE N AMZN.COM/BILL98109 WA USA,Amazon
AMZN MKTP US*2T3SX5CL0440 TERRY AVE N AMZN.COM/BILL98109 WA USA,Amazon
AMZN MKTP US*2T59P41R2440 TERRY AVE N AMZN.COM/BILL98109 WA USA,Amazon
AMZN MKTP US*2T7602Z71440 TERRY AVE N AMZN.COM/BILL98109 WA USA,Amazon
AMZN MKTP US*2T7DX5CB2440 TERRY AVE N AMZN.COM/BILL98109 WA USA,Amazon
AMZN MKTP US*2T7NT04H1440 TERRY AVE N AMZN.COM/BILL98109 WA USA,Amazon
AMZN MKTP US*2T7UA7HY2440 TERRY AVE N AMZN.COM/BILL98109 WA USA,Amazon
AMZN MKTP US*2T88Q6YR1440 TERRY AVE N AMZN.COM/BILL98109 WA USA,Amazon
AMZN MKTP US*2T8PP5A90440 TERRY AVE N AMZN.COM/BILL98109 WA USA,Amazon
AMZN MKTP US*2T9S26CP0440 TERRY AVE N AMZN.COM/BILL98109 WA USA,Amazon
AMZN MKTP US*4I2TB0E23440 TERRY AVE N AMZN.COM/BILL98109 WA USA,Amazon
AMZN MKTP US*566BY6LL3440 TERRY AVE N AMZN.COM/BILL98109 WA USA,Amazon
AMZN MKTP US*5A76Q4EG3440 TERRY AVE N AMZN.COM/BILL98109 WA USA,Amazon
AMZN MKTP US*5Z40R3593440 TERRY AVE N AMZN.COM/BILL98109 WA USA,Amazon
AMZN MKTP US*636BY0ZC3440 TERRY AVE N AMZN.COM/BILL98109 WA USA,Amazon
AMZN MKTP US*660WA5ZQ3440 TERRY AVE N AMZN.COM/BILL98109 WA USA,Amazon
AMZN MKTP US*6O85W7OM3440 TERRY AVE N AMZN.COM/BILL98109 WA USA,Amazon
AMZN MKTP US*6Q3XH0ID3440 TERRY AVE N AMZN.COM/BILL98109 WA USA,Amazon
AMZN MKTP US*7070K2N53440 TERRY AVE N AMZN.COM/BILL98109 WA USA,Amazon
AMZN MKTP US*7B6O71443440 TERRY AVE N AMZN.COM/BILL98109 WA USA,Amazon
AMZN MKTP US*7E59J3CW3440 TERRY AVE N AMZN.COM/BILL98109 WA USA,Amazon
AMZN MKTP US*7M9AN99A3440 TERRY AVE N AMZN.COM/BILL98109 WA USA,Amazon
AMZN MKTP US*7T0PO2NR3440 TERRY AVE N AMZN.COM/BILL98109 WA USA,Amazon
AMZN MKTP US*8B6L17D43440 TERRY AVE N AMZN.COM/BILL98109 WA USA,Amazon
AMZN MKTP US*8J7NF5DV3440 TERRY AVE N AMZN.COM/BILL98109 WA USA,Amazon
AMZN MKTP US*903KZ26T3440 TERRY AVE N AMZN.COM/BILL98109 WA USA,Amazon
AMZN MKTP US*9148H1J73440 TERRY AVE N AMZN.COM/BILL98109 WA USA,Amazon
AMZN MKTP US*9W5DV0E73440 TERRY AVE N AMZN.COM/BILL98109 WA USA,Amazon
AMZN MKTP US*AX2GH0YF3440 TERRY AVE N AMZN.COM/BILL98109 WA USA,Amazon
AMZN MKTP US*BF2K10CW3440 TERRY AVE N AMZN.COM/BILL98109 WA USA,Amazon
AMZN MKTP US*BJ3DL7063440 TERRY AVE N AMZN.COM/BILL98109 WA USA,Amazon
AMZN MKTP US*BY8WG85D3440 TERRY AVE N AMZN.COM/BILL98109 WA USA,Amazon
AMZN MKTP US*CO70Y8ZC3440 TERRY AVE N AMZN.COM/BILL98109 WA USA,Amazon
AMZN MKTP US*DJ1PN52A3440 TERRY AVE N AMZN.COM/BILL98109 WA USA,Amazon
AMZN MKTP US*DM3F208C3440 TERRY AVE N AMZN.COM/BILL98109 WA USA,Amazon
AMZN MKTP US*DR6CQ8UI3440 TERRY AVE N AMZN.COM/BILL98109 WA USA,Amazon
AMZN MKTP US*DT03G75K3440 TERRY AVE N AMZN.COM/BILL98109 WA USA,Amazon
AMZN MKTP US*DZ2DT7G03440 TERRY AVE N AMZN.COM/BILL98109 WA USA,Amazon
AMZN MKTP US*E90PV8IW3440 TERRY AVE N AMZN.COM/BILL98109 WA USA,Amazon
AMZN MKTP US*EG7SV6EA3440 TERRY AVE N AMZN.COM/BILL98109 WA USA,Amazon
AMZN MKTP US*FB9A35JB3440 TERRY AVE N AMZN.COM/BILL98109 WA USA,Amazon
AMZN MKTP US*FG9FG6YR3440 TERRY AVE N AMZN.COM/BILL98109 WA USA,Amazon
AMZN MKTP US*G29M32UP3440 TERRY AVE N AMZN.COM/BILL98109 WA USA,Amazon
AMZN MKTP US*G49757VY3440 TERRY AVE N AMZN.COM/BILL98109 WA USA,Amazon
AMZN MKTP US*GA99M3UJ3440 TERRY AVE N AMZN.COM/BILL98109 WA USA,Amazon
AMZN MKTP US*GT7T854G3440 TERRY AVE N AMZN.COM/BILL98109 WA USA,Amazon
AMZN MKTP US*GV5552PC3440 TERRY AVE N AMZN.COM/BILL98109 WA USA,Amazon
AMZN MKTP US*H81J369M3440 TERRY AVE N AMZN.COM/BILL98109 WA USA,Amazon
AMZN MKTP US*HG4ZV13D3440 TERRY AVE N AMZN.COM/BILL98109 WA USA,Amazon
AMZN MKTP US*HN1MC9RG3440 TERRY AVE N AMZN.COM/BILL98109 WA USA,Amazon
AMZN MKTP US*I63Z82K33440 TERRY AVE N AMZN.COM/BILL98109 WA USA,Amazon
AMZN MKTP US*J35S971G3440 TERRY AVE N AMZN.COM/BILL98109 WA USA,Amazon
AMZN MKTP US*JQ2JH78N3440 TERRY AVE N AMZN.COM/BILL98109 WA USA,Amazon
AMZN MKTP US*K531K3QB3440 TERRY AVE N AMZN.COM/BILL98109 WA USA,Amazon
AMZN MKTP US*KF3OW17U3440 TERRY AVE N AMZN.COM/BILL98109 WA USA,Amazon
AMZN MKTP US*KN6NO7WM3440 TERRY AVE N AMZN.COM/BILL98109 WA USA,Amazon
AMZN MKTP US*KS7I59QM3440 TERRY AVE N AMZN.COM/BILL98109 WA USA,Amazon
AMZN MKTP US*KU1FC0WC3440 TERRY AVE N AMZN.COM/BILL98109 WA USA,Amazon
AMZN MKTP US*LZ3SK2VM3440 TERRY AVE N AMZN.COM/BILL98109 WA USA,Amazon
AMZN MKTP US*M25844HT3440 TERRY AVE N AMZN.COM/BILL98109 WA USA,Amazon
AMZN MKTP US*M41ER7XD2440 TERRY AVE N AMZN.COM/BILL98109 WA USA,Amazon
AMZN MKTP US*M423V7322440 TERRY AVE N AMZN.COM/BILL98109 WA USA,Amazon
AMZN MKTP US*M42X77XL1440 TERRY AVE N AMZN.COM/BILL98109 WA USA,Amazon
AMZN MKTP US*M44AJ9CR2440 TERRY AVE N AMZN.COM/BILL98109 WA USA,Amazon
AMZN MKTP US*M44E27XJ2440 TERRY AVE N AMZN.COM/BILL98109 WA USA,Amazon
AMZN MKTP US*M45A72420440 TERRY AVE N AMZN.COM/BILL98109 WA USA,Amazon
AMZN MKTP US*M47RQ7NY0440 TERRY AVE N AMZN.COM/BILL98109 WA USA,Amazon
AMZN MKTP US*M48SD0T02440 TERRY AVE N AMZN.COM/BILL98109 WA USA,Amazon
AMZN MKTP US*M48TX8392440 TERRY AVE N AMZN.COM/BILL98109 WA USA,Amazon
AMZN MKTP US*M49D184K2440 TERRY AVE N AMZN.COM/BILL98109 WA USA,Amazon
AMZN MKTP US*M49UE9TP1440 TERRY AVE N AMZN.COM/BILL98109 WA USA,Amazon
AMZN MKTP US*M70H577O0440 TERRY AVE N AMZN.COM/BILL98109 WA USA,Amazon
AMZN MKTP US*M71MW2TZ1440 TERRY AVE N AMZN.COM/BILL98109 WA USA,Amazon
AMZN MKTP US*M71RU7A42440 TERRY AVE N AMZN.COM/BILL98109 WA USA,Amazon
AMZN MKTP US*M71S48780440 TERRY AVE N AMZN.COM/BILL98109 WA USA,Amazon
AMZN MKTP US*M73MV2NI1440 TERRY AVE N AMZN.COM/BILL98109 WA USA,Amazon
AMZN MKTP US*M74CM9V62440 TERRY AVE N AMZN.COM/BILL98109 WA USA,Amazon
AMZN MKTP US*M756S4VM2440 TERRY AVE N AMZN.COM/BILL98109 WA USA,Amazon
AMZN MKTP US*M75U85VH0440 TERRY AVE N AMZN.COM/BILL98109 WA USA,Amazon
AMZN MKTP US*M76IK38E2440 TERRY AVE N AMZN.COM/BILL98109 WA USA,Amazon
AMZN MKTP US*M76K70I01440 TERRY AVE N AMZN.COM/BILL98109 WA USA,Amazon
AMZN MKTP US*M76V448J2440 TERRY AVE N AMZN.COM/BILL98109 WA USA,Amazon
AMZN MKTP US*M78K157C0440 TERRY AVE N AMZN.COM/BILL98109 WA USA,Amazon
AMZN MKTP US*M79B29V72440 TERRY AVE N AMZN.COM/BILL98109 WA USA,Amazon
AMZN MKTP US*M79WX29I0440 TERRY AVE N AMZN.COM/BILL98109 WA USA,Amazon
AMZN MKTP US*MC4VR36W0440 TERRY AVE N AMZN.COM/BILL98109 WA USA,Amazon
AMZN MKTP US*MJ1AW7XJ1440 TERRY AVE N AMZN.COM/BILL98109 WA USA,Amazon
AMZN MKTP US*MJ35G5Z62440 TERRY AVE N AMZN.COM/BILL98109 WA USA,Amazon
AMZN MKTP US*MJ6B96HT1440 TERRY AVE N AMZN.COM/BILL98109 WA USA,Amazon
AMZN MKTP US*MK0TG5W61440 TERRY AVE N AMZN.COM/BILL98109 WA USA,Amazon
AMZN MKTP US*MK1DD5FC2440 TERRY AVE N AMZN.COM/BILL98109 WA USA,Amazon
AMZN MKTP US*MK57I3851440 TERRY AVE N AMZN.COM/BILL98109 WA USA,Amazon
AMZN MKTP US*MK5HK3482440 TERRY AVE N AMZN.COM/BILL98109 WA USA,Amazon
AMZN MKTP US*MK5M33QY0440 TERRY AVE N AMZN.COM/BILL98109 WA USA,Amazon
AMZN MKTP US*MK5UB35Q2440 TERRY AVE N AMZN.COM/BILL98109 WA USA,Amazon
AMZN MKTP US*MK6MU5RZ0440 TERRY AVE N AMZN.COM/BILL98109 WA USA,Amazon
AMZN MKTP US*MK76986V2440 TERRY AVE N AMZN.COM/BILL98109 WA USA,Amazon
AMZN MKTP US*MM0744V00440 TERRY AVE N AMZN.COM/BILL98109 WA USA,Amazon
AMZN MKTP US*MM22O6U60440 TERRY AVE N AMZN.COM/BILL98109 WA USA,Amazon
AMZN MKTP US*MM36P7YE1440 TERRY AVE N AMZN.COM/BILL98109 WA USA,Amazon
AMZN MKTP US*MM4BA7NZ1440 TERRY AVE N AMZN.COM/BILL98109 WA USA,Amazon
AMZN MKTP US*MM7W96PV1440 TERRY AVE N AMZN.COM/BILL98109 WA USA,Amazon
AMZN MKTP US*MM9ZG3JH1440 TERRY AVE N AMZN.COM/BILL98109 WA USA,Amazon
AMZN MKTP US*MS05M6X90440 TERRY AVE N AMZN.COM/BILL98109 WA USA,Amazon
AMZN MKTP US*MS1YU45K2440 TERRY AVE N AMZN.COM/BILL98109 WA USA,Amazon
AMZN MKTP US*MS50Y78Q1440 TERRY AVE N AMZN.COM/BILL98109 WA USA,Amazon
AMZN MKTP US*MS6F96PG1440 TERRY AVE N AMZN.COM/BILL98109 WA USA,Amazon
AMZN MKTP US*MS8WE16X2440 TERRY AVE N AMZN.COM/BILL98109 WA USA,Amazon
AMZN MKTP US*MU0EY4RN0440 TERRY AVE N AMZN.COM/BILL98109 WA USA,Amazon
AMZN MKTP US*MU1115WI2440 TERRY AVE N AMZN.COM/BILL98109 WA USA,Amazon
AMZN MKTP US*MU1AW6MV1440 TERRY AVE N AMZN.COM/BILL98109 WA USA,Amazon
AMZN MKTP US*MU4U02BX1440 TERRY AVE N AMZN.COM/BILL98109 WA USA,Amazon
AMZN MKTP US*MU5G71B62440 TERRY AVE N AMZN.COM/BILL98109 WA USA,Amazon
AMZN MKTP US*MU7Q899B1440 TERRY AVE N AMZN.COM/BILL98109 WA USA,Amazon
AMZN MKTP US*MU8RQ76V1440 TERRY AVE N AMZN.COM/BILL98109 WA USA,Amazon
AMZN MKTP US*MU9H009G3440 TERRY AVE N AMZN.COM/BILL98109 WA USA,Amazon
AMZN MKTP US*MU9TE3O30440 TERRY AVE N AMZN.COM/BILL98109 WA USA,Amazon
AMZN MKTP US*MV43O07J0440 TERRY AVE N AMZN.COM/BILL98109 WA USA,Amazon
AMZN MKTP US*MY9G25ZJ2440 TERRY AVE N AMZN.COM/BILL98109 WA USA,Amazon
AMZN MKTP US*MY9RP3NK1440 TERRY AVE N AMZN.COM/BILL98109 WA USA,Amazon
AMZN MKTP US*NF2A41Q03440 TERRY AVE N AMZN.COM/BILL98109 WA USA,Amazon
AMZN MKTP US*NO9NW5JR3440 TERRY AVE N AMZN.COM/BILL98109 WA USA,Amazon
AMZN MKTP US*O30SE4FF3440 TERRY AVE N AMZN.COM/BILL98109 WA USA,Amazon
AMZN MKTP US*OZ2S92TY3440 TERRY AVE N AMZN.COM/BILL98109 WA USA,Amazon
AMZN MKTP US*PG8P91J83440 TERRY AVE N AMZN.COM/BILL98109 WA USA,Amazon
AMZN MKTP US*PH38P7JV3440 TERRY AVE N AMZN.COM/BILL98109 WA USA,Amazon
AMZN MKTP US*QB2FR3O43440 TERRY AVE N AMZN.COM/BILL98109 WA USA,Amazon
AMZN MKTP US*QT3F88D33440 TERRY AVE N AMZN.COM/BILL98109 WA USA,Amazon
AMZN MKTP US*RT0AU01T3440 TERRY AVE N AMZN.COM/BILL98109 WA USA,Amazon
AMZN MKTP US*RZ0PG7U13440 TERRY AVE N AMZN.COM/BILL98109 WA USA,Amazon
AMZN MKTP US*RZ9PX3CW3440 TERRY AVE N AMZN.COM/BILL98109 WA USA,Amazon
AMZN MKTP US*S501V9HJ3440 TERRY AVE N AMZN.COM/BILL98109 WA USA,Amazon
AMZN MKTP US*SM2WY4203440 TERRY AVE N AMZN.COM/BILL98109 WA USA,Amazon
AMZN MKTP US*ST9B00B43440 TERRY AVE N AMZN.COM/BILL98109 WA USA,Amazon
AMZN MKTP US*T08LA9QG3440 TERRY AVE N AMZN.COM/BILL98109 WA USA,Amazon
AMZN MKTP US*TJ1164QM3440 TERRY AVE N AMZN.COM/BILL98109 WA USA,Amazon
AMZN MKTP US*U821Z8QM3440 TERRY AVE N AMZN.COM/BILL98109 WA USA,Amazon
AMZN MKTP US*UK4IO56A3440 TERRY AVE N AMZN.COM/BILL98109 WA USA,Amazon
AMZN MKTP US*UK7FK3JE3440 TERRY AVE N AMZN.COM/BILL98109 WA USA,Amazon
AMZN MKTP US*UV2B42KQ3440 TERRY AVE N AMZN.COM/BILL98109 WA USA,Amazon
AMZN MKTP US*V09M97PF3440 TERRY AVE N AMZN.COM/BILL98109 WA USA,Amazon
AMZN MKTP US*W15DO5SP3440 TERRY AVE N AMZN.COM/BILL98109 WA USA,Amazon
AMZN MKTP US*W25TB9GU3440 TERRY AVE N AMZN.COM/BILL98109 WA USA,Amazon
AMZN MKTP US*XI8P67JR3440 TERRY AVE N AMZN.COM/BILL98109 WA USA,Amazon
AMZN MKTP US*XO5B93GW3440 TERRY AVE N AMZN.COM/BILL98109 WA USA,Amazon
AMZN MKTP US*XT9P53BZ3440 TERRY AVE N AMZN.COM/BILL98109 WA USA,Amazon
AMZN MKTP US*YE1HT9AX3440 TERRY AVE N AMZN.COM/BILL98109 WA USA,Amazon
AMZN MKTP US*YP6K35J73440 TERRY AVE N AMZN.COM/BILL98109 WA USA,Amazon
AMZN MKTP US*ZW4HP1FE3440 TERRY AVE N AMZN.COM/BILL98109 WA USA,Amazon
AMZN MKTP USMK29U1TE2 09/18 #XXXXX723456 PURCHASE AMZN.COM/BILL WA,Amazon
AMZN MKTP USMK7RT0QA1 09/25 #XXXXX345678 PURCHASE AMZN.COM/BILL WA,Amazon
AMZN MKTPLC 08/01 PURCHASE SEATTLE WA,Amazon
AMZN Mktp USMK0NJ1QY3 02/15 PURCHASE AMZN.COM/BILL WA,Amazon
AMZN PRIME 01/18 #XXXXX5678 PURCHASE SUBSCR SEATTLE WA,Amazon
AMZN PRIME 02/11 #XXXXX9012 PURCHASE SUBSCR SEATTLE WA,Amazon
AMZN PRIME 03/31 #XXXXX7890 PURCHASE SUBSCR SEATTLE WA,Amazon
AMZN PRIME 05/18 #XXXXX6789 PURCHASE SUBSCR SEATTLE WA,Amazon
AMZN PRIME 06/11 #XXXXX1234 PURCHASE SUBSCR SEATTLE WA,Amazon
AMZN PRIME 07/05 #XXXXX5678 PURCHASE SUBSCR SEATTLE WA,Amazon
AMZN PRIME 07/29 #XXXXX9012 PURCHASE SUBSCR SEATTLE WA,Amazon
AMZN PRIME 08/22 #XXXXX3456 PURCHASE SUBSCR SEATTLE WA,Amazon
AMZN PRIME 12/25 #XXXXX1234 PURCHASE SUBSCR SEATTLE WA,Amazon
AMZN PRIMEYR22 10/09 #XXXXX987654 PURCHASE AMZN.COM/BILL WA,Amazon
AMZN PRIMEYR22 10/21 #XXXXX987654 PURCHASE AMZN.COM/BILL WA,Amazon
AMZN PRIMEYR22 10/28 #XXXXX987654 PURCHASE AMZN.COM/BILL WA,Amazon
AMZN PRIMEYR22 11/04 #XXXXX987654 PURCHASE AMZN.COM/BILL WA,Amazon
AMZN741 10/23 #XXXXX246810 PURCHASE SEATTLE WA,Amazon
AMZNMKTPLC369 04/11 #XXXXX3456 PURCHASE BOOKS ONLINE,Amazon
AMZNMKTPLC369 07/08 #XXXXX5678 PURCHASE BOOKS ONLINE,Amazon
AMZNMKTPLC741 10/04 #XXXXX7890 PURCHASE BOOKS ONLINE,Amazon
AMZNORDR789 01/15 PURCHASE ONLINESEATTLE WA,Amazon
AMZN_MRKTPLC654 06/25 #XXXXX6789 PURCHASE VARIOUS PORTLAND OR,Amazon
AMZN_MRKTPLC987 03/15 #XXXXX0123 PURCHASE VARIOUS SAN FRANCISCO CA,Amazon
AMZN_PRIME321 01/08 #XXXXX3456 PURCHASE BOOKS SEATTLE WA,Amazon
AMZN_PRIME321 05/02 #XXXXX4567 PURCHASE PRIME WASHINGTON DC,Amazon
AMZN_PRIME321 09/03 #XXXXX2345 PURCHASE BOOKS NEW YORK NY,Amazon
ANDERSEN WINDOWS-EMCO 100 4TH AVE N 6512645150 55003 MN USA,ANDERSEN WINDOWS
ANNUAL FEE, 
ANNUAL FEE - 00/60, 
ANNUAL FEE - 01/06, 
ANNUAL FEE - 02/34, 
ANNUAL FEE - 04/80, 
ANNUAL FEE - 07/16, 
ANNUAL FEE - 11/61, 
ANNUAL FEE - 19/77, 
ANNUAL FEE - 21/55, 
ANNUAL FEE - 23/08, 
ANNUAL FEE - 33/58, 
ANNUAL FEE - 36/43, 
ANNUAL FEE - 41/37, 
ANNUAL FEE - 41/69, 
ANNUAL FEE - 45/51, 
ANNUAL FEE - 55/60, 
ANNUAL FEE - 57/95, 
ANNUAL FEE - 62/87, 
ANNUAL FEE - 63/40, 
ANNUAL FEE - 64/01, 
ANNUAL FEE - 65/06, 
ANNUAL FEE - 75/89, 
ANNUAL FEE - 88/62, 
ANNUAL FEE - 95/32, 
APL* ITUNES.COM/BILL ONE APPLE PARK WAY 866-712-7753 95014 CA USA,Apple
APL*ITUNES.COM/BILL ONE APPLE PARK WAY 866-712-7753 95014 CA USA,Apple
APL*ITUNES.COM/BILL ONE APPLE PARK WAY 866-712-7753 95014 CA USA (RETURN),Apple
APLEITUNES147 01/16 #XXXXX7890 PURCHASE MUSIC ONLINE,Apple
APLEITUNES147 02/05 #XXXXX7890 PURCHASE MUSIC ONLINE,Apple
APLEITUNES369 07/21 #XXXXX5678 PURCHASE MUSIC ONLINE,Apple
APLEITUNES741 10/17 #XXXXX7890 PURCHASE MUSIC ONLINE,Apple
APLEITUNES963 12/07 #XXXXX7890 PURCHASE MUSIC ONLINE,Apple
APLITUNES258 04/24 #XXXXX3456 PURCHASE MUSIC ONLINE,Apple
APNA BAZAR 1700 OAK TREE ROAD EDISON 08820 NJ USA,APNA BAZAR
APNA BAZAR CASH &amp; CARR1700 OAK TREE ROAD EDISON 08820 NJ USA,APNA BAZAR
APNA BAZAR CASH AND CA1700 OAK TREE ROAD EDISON 08820 NJ USA,APNA BAZAR
APPLE MUSIC 02/01 #XXXXX2345 PURCHASE SUBSCR CUPERTINO CA,Apple
APPLE MUSIC 09/10 #XXXXX0123 PURCHASE SUBSCR CUPERTINO CA,Apple
APPLE ONLINE STORE CUPERTINO CA,Apple
APPLE STORE #R067 425 MENLO PARK EDISON 08837 NJ USA,Apple
APPLE STORE R067 425 MENLO PARK EDISON 08837 NJ USA,Apple
APPLE TV+ 12/03 #XXXXX2345 PURCHASE SUBSCR CUPERTINO CA,Apple
APPLE.COM/BILL 02/23 PURCHASE 866-712-7753 CA,Apple
APPLE.COM/BILL 03/16 PURCHASE 800-275-2273 CA,Apple
APPLE.COM/BILL 05/07 PURCHASE 866-712-7753 CA,Apple
APPLE.COM/BILL 07/20 PURCHASE 800-275-2273 CA,Apple
APPLE.COM/BILL 10/19 PURCHASE 800-275-2273 CA,Apple
APPLE.COM/BILL 11/10 PURCHASE 800-275-2273 CA,Apple
APPLE.COM/BILL ONE APPLE PARK 1111111111 95014 CA USA,Apple
APPLE.COM/BILL ONE APPLE PARK CUPERTINO 95014 CA USA,Apple
APPLE.COM/BILL ONE APPLE PARK WAY 1111111111 95014 CA USA,Apple
APPLE.COM/BILL ONE APPLE PARK WAY 866-712-7753 95014 CA USA,Apple
APPLE.COM/US ONE APPLE PARK WAY 800-676-2775 94014 CA USA,Apple
APPLE.COM/US ONE APPLE PARK WAY 800-676-2775 95014 CA USA,Apple
APPLE.COM/US ONE APPLE PARK WAY 8006927753 95014 CA USA,Apple
APPLE3442 03/04 PURCHASE TECHNOLOGY CUPERTINO CA,Apple
APPLECARD GSBANK PAYMENT PPD ID: 0824368208, 
APPLECARD GSBANK PAYMENT PPD ID: 1215221121, 
APPLECARD GSBANK PAYMENT PPD ID: 7267473173, 
APPLECARD GSBANK PAYMENT PPD ID: 7439998701, 
APPRAISAL FEE SERVICES15851 DALLAS PARKWAY 8665585279 92024 CA USA,APPRAISAL FEE SERVICES
ARBYS 05/08 #XXXXX5678 PURCHASE FOOD CLEVELAND OH,Arby's
ARBYS 09/09 #XXXXX9012 PURCHASE FOOD LANSING MI,Arby's
ARBYS 10/31 #XXXXX8901 PURCHASE FOOD ATLANTA GA,Arby's
ARBYS321 03/02 #XXXXX1234 PURCHASE WEHAVETHEBEATS TACOMA WA,Arby's
ARBYS321 05/11 #XXXXX5432 PURCHASE WEHAVETHEBEATS LANCASTER CA,Arby's
ARBYS321 05/13 #XXXXX4567 PURCHASE SANDWICH MIAMI FL,Arby's
ARBYS456 02/12 #XXXXX4567 PURCHASE SANDWICH ATLANTA GA,Arby's
ARBYS456 10/26 #XXXXX3456 PURCHASE SANDWICH PHOENIX AZ,Arby's
ARBYS987 01/26 #XXXXX5432 PURCHASE WEHAVETHEBEATS MADISON WI,Arby's
ARBYS987 02/17 #XXXXX9012 PURCHASE SANDWICH ATLANTA GA,Arby's
ARBYS987 12/12 #XXXXX5432 PURCHASE WEHAVETHEBEATS OAKLAND CA,Arby's
ARBYS987 12/19 #XXXXX7890 PURCHASE ROASTBEEF HOUSTON TX,Arby's
"ARC STUDIO ARC STUDIO LABS, INC. 2810 N CHURCH STPMB 652 WILMINGTON 19802 DE USA",ARC STUDIO
"ARC STUDIO ARC STUDIO LABS, INC. 2810 N CHURCH STPMB 652 WILMINGTON 19802 DE USA (RETURN)",ARC STUDIO
ARCTIC AIR -ARCTICAC 1 PLEASANT VALLEY RD OLD BRIDGE 08857 NJ USA,ARCTIC AIR
AT *CHILDREN'S MUSEUM 212 W 83RD ST NEW YORK 10024 NY USA,CHILDREN'S MUSEUM
AT YOUR CONVENIENCE 101 CRAWFORDS CORNER HOLMDEL 07733 NJ USA,AT YOUR CONVENIENCE
ATM FEE, 
ATM FEE - 00/06, 
ATM FEE - 10/48, 
ATM FEE - 19/67, 
ATM FEE - 32/94, 
ATM FEE - 35/27, 
ATM FEE - 42/05, 
ATM FEE - 43/17, 
ATM FEE - 45/74, 
ATM FEE - 50/81, 
ATM FEE - 56/96, 
ATM FEE - 65/11, 
ATM FEE - 65/56, 
ATM FEE - 67/27, 
ATM FEE - 68/51, 
ATM FEE - 73/29, 
ATM FEE - 77/84, 
ATM FEE - 82/92, 
ATM FEE - 83/81, 
ATM FEE - 84/85, 
ATM FEE - 93/21, 
ATM FEE - 95/03, 
ATM FEE - 96/52, 
AUDIBLE 02/25 #XXXXX4567 PURCHASE SUBSCR NEWARK NJ,Audible
AUDIBLE 10/10 #XXXXX0123 PURCHASE SUBSCR NEWARK NJ,Audible
AUDIBLE.COM/BILL 07/06 PURCHASE 888-283-5051 NJ,Audible
AUDIBLE.COM/BILL 10/20 PURCHASE 888-283-5051 NJ,Audible
AUDIBLE.COM/BILL 10/23 PURCHASE 888-283-5051 NJ,Audible
AUNTIE ANNE'S # NJ 144100 MENLO PARK MALL EDISON 08837 NJ USA,Auntie Anne's
AUT0_ZONE_894 07/12 #XXXXX8894 PURCHASE AUTO_SUPPLY MEMPHIS TN,AutoZone
AUTOMATIC PAYMENT - THANK, 
AUTOMATIC PAYMENT - THANK YOU, 
AUTOPAY PAYMENT THANK YOU, 
AVAST.COM/BILL 01/06 PURCHASE 668-555-6673 US,Avast
AVAST.COM/BILL 03/27 PURCHASE 448-555-3333 US,Avast
Annual Fee, 
Annual Fee - 04/77, 
Annual Fee - 12/48, 
Atm Fee, 
Atm Fee - 44/79, 
Atm Fee - 59/64, 
Atm Fee - 93/30, 
B&amp;H PHOTO 800-606-6969420 9TH AVENUE 800-2215743 10001 NY USA,B&H PHOTO
B&amp;H PHOTO MOTO 420 9TH AVE 800-606-6969 10001 NY USA (RETURN),B&H PHOTO
B&amp;H PHOTO STORE 420 9TH AVE NEW YORK 10001 NY USA,B&H PHOTO
BAITHAKH RESTAURANT NORTH BRUNSWINJ,BAITHAKH RESTAURANT
BALANCE TRANSFER FEE, 
BALANCE TRANSFER FEE - 03/05, 
BALANCE TRANSFER FEE - 04/97, 
BALANCE TRANSFER FEE - 09/73, 
BALANCE TRANSFER FEE - 22/46, 
BALANCE TRANSFER FEE - 31/04, 
BALANCE TRANSFER FEE - 35/15, 
BALANCE TRANSFER FEE - 48/72, 
BALANCE TRANSFER FEE - 53/31, 
BALANCE TRANSFER FEE - 64/18, 
BALANCE TRANSFER FEE - 67/26, 
BALANCE TRANSFER FEE - 75/19, 
BALANCE TRANSFER FEE - 75/71, 
BALANCE TRANSFER FEE - 79/90, 
BALANCE TRANSFER FEE - 87/59, 
BALANCE TRANSFER FEE - 88/93, 
BALANCE TRANSFER FEE - 95/28, 
BANK OF AMERICA DDA TO DDA V8OOHN99VF WEB ID: 31DIMF3740, 
BANK OF AMERICA DDA TO DDA WH27KBTGLX WEB ID: 45LLYY0WYS, 
BANK OF AMERICA DDA TO DDA YC03PI37W8 WEB ID: 89YEPWC1DQ, 
BANK OF AMERICA LOAN PMT, 
BANK OF AMERICA N.A.,BANK OF AMERICA
BANK OF AMERICA PAYMENT, 
BAN_N_REPUB808 03/30 #XXXXX8809 PURCHASE APPAREL BOISE ID,Banana Republic
BARCLAYCARD PPD ID: 0133159085, 
BARCLAYCARD PPD ID: 2207227192, 
BARCLAYCARD PPD ID: 3831842965, 
BARCLAYCARD PPD ID: 7376551145, 
BARCLAYCARD PPD ID: 7862049887, 
BARNES &amp; NOBLE #3421 2130 ROUTE 35 HOLMDEL 07733 NJ USA,Barnes & Noble
BARNES8432 03/17 #XXXXX6345 PURCHASE BOOKS PORTLAND OR,Barnes & Noble
BATHBODY321 01/29 #XXXXX4472 PURCHASE LUXURY AUSTIN TX,Bath & Body Works
BBQ &amp; KARAHI HOUSE 343 NEW JERSEY 34 MATAWAN 07747 NJ USA,KARAHI HOUSE
"BCF ETSY UPLIFT 1000 DEAN STREET, SUITE 307 BCFNY.ORG/EF 11238 NY USA",Etsy
BEAR MOUNTAIN 10 33 HESSIN DRIVE BEAR MOUNTAIN10911 NY USA,BEAR MOUNTAIN
BED BATH &amp; BEYOND #1071121 HIGHWAY 34 ABERDEEN 07747 NJ USA,BED BATH & BEYOND
BED BATH &amp; BEYOND #1071121 HIGHWAY 34 ABERDEEN 07747 NJ USA (RETURN),BED BATH & BEYOND
BED BATH &amp; BEYOND #1601 RONSON ROAD. ISELIN 08830 NJ USA,BED BATH & BEYOND
BED BATH &amp; BEYOND #65111 TAFT RD. 8004623966 07512 NJ USA,BED BATH & BEYOND
BEST BUY 02/10 PURCHASE RICHFIELD MN,Best Buy
BEST BUY 05/17 PURCHASE RICHFIELD MN,Best Buy
BEST BUY 07/04 PURCHASE RICHFIELD MN,Best Buy
BEST BUY 08/21 PURCHASE RICHFIELD MN,Best Buy
BEST BUY 12/24 PURCHASE RICHFIELD MN,Best Buy
BESTBUY.COM 7601 PENN AVE S 8882378289 55423 MN USA,Best Buy
BESTBUY2934 02/08 #XXXXX4628 PURCHASE ELECTRONICS ATLANTA GA,Best Buy
BESTBUYCOM**************** PENN AVE ***BESTBUY ***** MN USA,Best Buy
BESTBUYCOM8064141630567601 PENN AVE 888-BESTBUY 55423 MN USA (RETURN),Best Buy
BESTWEST_HTL147 12/15 #XXXXX6789 PURCHASE LODGING SEATTLE WA,Best Western
BESTWEST_HTL258 01/04 #XXXXX6789 PURCHASE LODGING SEATTLE WA,Best Western
BESTWEST_HTL258 03/25 #XXXXX6789 PURCHASE LODGING SEATTLE WA,Best Western
BESTWEST_HTL369 06/11 #XXXXX1234 PURCHASE LODGING BOSTON MA,Best Western
BESTWEST_HTL741 09/07 #XXXXX2345 PURCHASE LODGING SEATTLE WA,Best Western
BESTWEST_HTL963 11/25 #XXXXX1234 PURCHASE LODGING SEATTLE WA,Best Western
BEST_BUY_236 05/11 #XXXXX6239 PURCHASE ELECTRONICS RICHFIELD MN,Best Buy
BHAVANI FARMERS MARKET1050 US 9. PARLIN 08859 NJ USA,BHAVANI FARMERS MARKET
BIRKES_890 04/05 #XXXXX0891 PURCHASE FOOTWEAR NOVI MI,Birkenstock
BJS WHOLSL #147 10/08 #XXXXX134027 PURCHASE BJS WHOLSL #147 DENVER NY,BJ's Wholesale Club
BJS WHOLSL #369 10/08 #XXXXX134027 PURCHASE BJS WHOLSL #369 AUSTIN NY,BJ's Wholesale Club
BJS WHOLSL #3847 10/08 #XXXXX134027 PURCHASE BJS WHOLSL #3847 NEW YORK NY,BJ's Wholesale Club
BJS WHOLSL #3847 10/08 #XXXXX134027 PURCHASE BJS WHOLSL #3847 NEW YORK NY REF1,BJ's Wholesale Club
BJS WHOLSL #3847 10/08 #XXXXX134027 PURCHASE BJS WHOLSL #3847 NEW YORK NY REF2,BJ's Wholesale Club
BJS WHOLSL #3847 10/08 #XXXXX134027 PURCHASE BJS WHOLSL #3847 NEW YORK NY REF3,BJ's Wholesale Club
BJS WHOLSL #654 10/08 #XXXXX134027 PURCHASE BJS WHOLSL #654 PHOENIX NY,BJ's Wholesale Club
BJS WHOLSL #741 10/08 #XXXXX134027 PURCHASE BJS WHOLSL #741 SEATTLE NY,BJ's Wholesale Club
BJS WHOLSL #963 10/08 #XXXXX134027 PURCHASE BJS WHOLSL #963 BOSTON NY,BJ's Wholesale Club
BM SAHARA 34 10400 W HIGGINS RD #205 6307763590 60018 IL USA,SAHARA
BN7890 02/07 #XXXXX9783 PURCHASE BOOK NEW YORK NY,Barnes & Noble
BNL SCHOOL PICTURES 55 WASHINGTON STREETSUITE 650 BROOKLYN 11201 NY USA,BNL SCHOOL PICTURES
BNL SCHOOL PICTURES 55 WASHINGTON STREETSUITE 650 BROOKLYN 11201 NY USA (RETURN),BNL SCHOOL PICTURES
BOB_HOBBIES834 04/17 #XXXXX4832 PURCHASE HOBBY_STORE CHARLOTTE NC,Bob's Hobbies
BOB_HOBBIES834 04/17 #XXXXX4832 PURCHASE HOBBY_STORE CHARLOTTE NC REF1,Bob's Hobbies
BOB_HOBBIES834 04/17 #XXXXX4832 PURCHASE HOBBY_STORE CHARLOTTE NC REF2,Bob's Hobbies
BOB_HOBBIES834 04/17 #XXXXX4832 PURCHASE HOBBY_STORE CHARLOTTE NC REF3,Bob's Hobbies
BOJANGLES 01/29 #XXXXX8901 PURCHASE FOOD CHARLOTTE NC,Bojangles
BOJANGLES 01/29 #XXXXX8901 PURCHASE FOOD CHARLOTTE NC REF1,Bojangles
BOJANGLES 01/29 #XXXXX8901 PURCHASE FOOD CHARLOTTE NC REF2,Bojangles
BOJANGLES 01/29 #XXXXX8901 PURCHASE FOOD CHARLOTTE NC REF3,Bojangles
BOJANGLES 08/15 #XXXXX8901 PURCHASE FOOD AUSTIN NC,Bojangles
BOJANGLES 08/15 #XXXXX8901 PURCHASE FOOD BOSTON NC,Bojangles
BOJANGLES 08/15 #XXXXX8901 PURCHASE FOOD DENVER NC,Bojangles
BOJANGLES 08/15 #XXXXX8901 PURCHASE FOOD PHOENIX NC,Bojangles
BOJANGLES 08/15 #XXXXX8901 PURCHASE FOOD SEATTLE NC,Bojangles
BOLT DES:RIDE ID:BOLT1234 INDN:ANNA KOWALSKI CO ID:BOLTRI5678 WEB,Bolt
BOLT DES:RIDE ID:BOLT9012 INDN:ELENA POPESCU CO ID:BOLTRI3456 WEB,Bolt
BOOKING.COM DES:HOTEL RES ID:BOOKING1234 INDN:MICHAEL BROWN CO ID:BOOKINGRE56 WEB,Booking.com
BOOK_A_MILL_345 05/13 #XXXXX9347 PURCHASE BOOK_STORE JACKSON MS,Books-A-Million
BORG_WARNER_519 07/16 #XXXXX9519 PURCHASE AUTO_PARTS AUBURN HILLS MI,Borg Warner
BOULANGERIE BAGUETTE MAGIQUE 11/14 PURCHASE TOULOUSE FR,Boulangerie Baguette Magique
BOULANGERIE FOUGASSE 03/14 PURCHASE DIJON FR,Boulangerie Fougasse
BOULANGERIE FOUGASSE 12/16 PURCHASE AVIGNON FR,Boulangerie Fougasse
BOULANGERIE LE PETIT PAIN 10/21 PURCHASE LYON FR,Boulangerie Le Petit Pain
BOULANGERIE PAIN AU CHOCOLAT 11/22 PURCHASE LILLE FR,Boulangerie Pain au Chocolat
BOULANGERIE PAIN AUX CEREALES 02/02 PURCHASE METZ FR,Boulangerie Pain aux Cereales
BOULANGERIE PAIN AUX CEREALES 03/30 PURCHASE TOULOUSE FR,Boulangerie Pain aux Cereales
BOULANGERIE PAIN AUX FIGUES 01/25 PURCHASE ANTIBES FR,Boulangerie Pain aux Figues
BOULANGERIE PAIN AUX GRAINES 02/10 PURCHASE BESANCON FR,Boulangerie Pain aux Graines
BOULANGERIE PAIN AUX NOIX 01/01 PURCHASE CLERMONT-FERRAND FR,Boulangerie Pain aux Noix
BOULANGERIE PAIN AUX NOIX 02/18 PURCHASE CAEN FR,Boulangerie Pain aux Noix
BOULANGERIE PAIN AUX NOIX 04/15 PURCHASE NANTES FR,Boulangerie Pain aux Noix
BOULANGERIE PAIN AUX OLIVES 01/09 PURCHASE TOULON FR,Boulangerie Pain aux Olives
BOULANGERIE PAIN AUX OLIVES 02/26 PURCHASE ANGERS FR,Boulangerie Pain aux Olives
BOULANGERIE PAIN AUX RAISINS 03/22 PURCHASE BORDEAUX FR,Boulangerie Pain aux Raisins
BOULANGERIE PAIN DE CAMPAGNE 03/06 PURCHASE TOURS FR,Boulangerie Pain de Campagne
BOULANGERIE PAIN DE CAMPAGNE 12/08 PURCHASE RENNES FR,Boulangerie Pain de Campagne
BOULANGERIE PAIN DE SEIGLE 12/24 PURCHASE ANNECY FR,Boulangerie Pain de Seigle
BOULANGERIE PATISSERIE ARTISANALE 10/05 PURCHASE PARIS FR,Boulangerie Patisserie Artisanale
BP 04/13 PURCHASE ORLANDO FL,BP
BP 04/21 PURCHASE ORLANDO FL,BP
BP 06/07 PURCHASE ATLANTA GA,BP
BP 06/28 PURCHASE INDIANAPOLIS IN,BP
BP 07/05 PURCHASE CHICAGO IL,BP
BP 08/01 PURCHASE DETROIT MI,BP
BP 09/25 PURCHASE CHICAGO IL,BP
BP 10/10 PURCHASE INDIANAPOLIS IN,BP
BP 11/07 PURCHASE DETROIT MI,BP
BP AMOCO 08/31 PURCHASE LONDON UK,BP
BP#1209900CLIFFWOODQPS390 ROUTE 35 CLIFFWOOD BEA07735 NJ USA,BP
BP#1212500LAURENCE QPS299 HWY 35 LAURENCE HARB08879 NJ USA,BP
BP#1475244RMI QPS3117 NESCONSET HWY CENTEREACH 11720 NY USA,BP
BP#1955038EDISON BP EDISON NJ,BP
BP#9388786EDISON BPQPS421 US HWY 1 SOUTH EDISON 08817 NJ USA,BP
BP#9821414CRANBERRYQPS2677 RT 130 CRANBURY 08512 NJ USA,BP
BRGRKNG_FST147 08/08 PURCHASE WHOPPER DALLAS TX,Burger King
BRGRKNG_FST258 11/04 PURCHASE WHOPPER MIAMI FL,Burger King
BRGRKNG_FST963 05/12 PURCHASE WHOPPER ORLANDO FL,Burger King
BRGR_KNG147 09/30 #XXXXX5678 PURCHASE WHOPPER SAN FRANCISCO CA,Burger King
BRGR_KNG963 07/04 #XXXXX3456 PURCHASE WHOPPER PHOENIX AZ,Burger King
BRILLIANT.ORG - EDU 550 MONTGOMERY STSUITE 800 SAN FRANCISCO94111 CA USA,BRILLIANT.ORG
BRILLIANT.ORG - EDU 550 MONTGOMERY STSUITE 800 SAN FRANCISCO94111 CA USA (RETURN),BRILLIANT.ORG
BRITBOX 08/18 PURCHASE NEW YORK NY,BritBox
BROADWAY8745 02/03 #XXXXX6923 PURCHASE SHOW TICKETS NEW YORK NY,Broadway
BSTBUYY987 10/28 #XXXXX5432 PURCHASE GEEKSQUAD DENVER CO,Best Buy
BSTBUYY987 10/28 #XXXXX5432 PURCHASE TECHZONE DALLAS TX,Best Buy
BSTBY_ELEC258 12/03 #XXXXX5678 PURCHASE LAPTOP SEATTLE WA,Best Buy
BSTBY_ELEC321 03/27 #XXXXX6789 PURCHASE ELECTRONICS BOSTON MA,Best Buy
BSTBY_ELEC321 07/19 #XXXXX8901 PURCHASE ELECTRONICS PHILADELPHIA PA,Best Buy
BSTBY_ELEC369 01/12 #XXXXX5678 PURCHASE LAPTOP SEATTLE WA,Best Buy
BSTBY_ELEC369 12/23 #XXXXX5678 PURCHASE LAPTOP SEATTLE WA,Best Buy
BSTBY_ELEC654 05/26 #XXXXX6789 PURCHASE ELECTRONICS SAN FRANCISCO CA,Best Buy
BSTBY_ELEC963 07/17 #XXXXX3456 PURCHASE LAPTOP BOSTON MA,Best Buy
BTHBDYWRKS369 05/29 #XXXXX1234 PURCHASE TOILETRIES PHOENIX AZ,Bath & Body Works
BURGER KG 01/23 PURCHASE MIAMI FL,Burger King
BURGER KG 03/12 PURCHASE MIAMI FL,Burger King
BURGER KG 04/29 PURCHASE MIAMI FL,Burger King
BURGER KG 06/16 PURCHASE MIAMI FL,Burger King
BURGER KG 08/03 PURCHASE MIAMI FL,Burger King
BURGER KING 05/04 #XXXXX1234 PURCHASE FOOD NASHVILLE TN,Burger King
BURGER KING 07/07 #XXXXX5678 PURCHASE FOOD RENO NV,Burger King
BURGER KING 10/19 #XXXXX2345 PURCHASE FOOD MIAMI FL,Burger King
BURGERKING123 01/31 #XXXXX4567 PURCHASE WHOPPER LAS VEGAS NV,Burger King
BURGERKING321 03/07 #XXXXX2345 PURCHASE FRIES SAN DIEGO CA,Burger King
BURGERKING321 06/06 #XXXXX6789 PURCHASE WHOPPER WASHINGTON DC,Burger King
BURGERKING654 01/25 #XXXXX0123 PURCHASE WHOPPER MIAMI FL,Burger King
BURGERKING789 04/16 #XXXXX4567 PURCHASE IMPOSSIBLE ATLANTA GA,Burger King
BURGERKING987 01/12 #XXXXX6789 PURCHASE WHOPPER HOUSTON TX,Burger King
BURGERKING987 11/13 #XXXXX5678 PURCHASE WHOPPER AUSTIN TX,Burger King
BURGERKING_585 05/05 #XXXXX5587 PURCHASE FAST_FOOD MIAMI_FL,Burger King
BURLINGTON STORES 11343010 ROUTE 35 HAZLET 07730 NJ USA,BURLINGTON STORES
Balance Transfer Fee, 
Balance Transfer Fee - 03/84, 
Balance Transfer Fee - 20/70, 
Balance Transfer Fee - 57/95, 
Bstarbucks768 01/11 #XXXXX2468 PURCHASE LATTE SEATTLE WA,Starbucks
CABIFY DES:RIDE ID:CABI1234 INDN:CARLOS LOPEZ CO ID:CABIRI5678 WEB,Cabify
CABIFY DES:RIDE ID:CABI9012 INDN:SOFIA GARCIA CO ID:CABIRI3456 WEB,Cabify
CANVA.COM/BILL 06/12 PURCHASE 855-896-8207 AU,Canva
CANVA.COM/BILL 12/18 PURCHASE 855-562-2682 AU,Canva
CAPITAL ONE AUTOPAY PPD ID: 0286775648, 
CAPITAL ONE AUTOPAY PPD ID: 1365839423, 
CAPITAL ONE AUTOPAY PPD ID: 2678002133, 
CAPITAL ONE AUTOPAY PPD ID: 9119036215, 
CAPITAL ONE AUTOPAY PPD ID: 9134656455, 
CAPITAL ONE AUTOPAY PPD ID: 9676375588, 
CARDMART - MATAWAN 40 CROSS RD # 351 MATAWAN 07747 NJ USA,CARDMART
CAREEM DES:RIDE ID:CARE5678 INDN:AHMED HASSAN CO ID:CARERI9012 WEB,Careem
CAREEM DES:RIDE ID:CARE5678 INDN:MOHAMMED ALI CO ID:CARERI9012 WEB,Careem
CARTIER_486 03/24 #XXXXX6485 PURCHASE LUX_WATCHES PARIS FR,Cartier
CASEY'S GEN 02/27 PURCHASE ANKENY IA,Casey's General Store
CASEY'S GEN 12/05 PURCHASE ANKENY IA,Casey's General Store
CASEY'S GENERAL STORE 08/30 PURCHASE DES MOINES IA,Casey's General Store
CASH ADVANCE FEE, 
CASH ADVANCE FEE - 00/46, 
CASH ADVANCE FEE - 02/32, 
CASH ADVANCE FEE - 02/72, 
CASH ADVANCE FEE - 09/15, 
CASH ADVANCE FEE - 18/92, 
CASH ADVANCE FEE - 19/57, 
CASH ADVANCE FEE - 28/41, 
CASH ADVANCE FEE - 29/08, 
CASH ADVANCE FEE - 36/50, 
CASH ADVANCE FEE - 40/46, 
CASH ADVANCE FEE - 49/85, 
CASH ADVANCE FEE - 53/96, 
CASH ADVANCE FEE - 77/90, 
CASH ADVANCE FEE - 79/47, 
CASH ADVANCE FEE - 87/64, 
CASH ADVANCE FEE - 93/83, 
CASH ADVANCE FEE - 97/38, 
CASH ADVANCE FEE - 97/85, 
CASH APP CASHOUT PPD ID: 01781343, 
CASH APP CASHOUT PPD ID: 05304832, 
CASH APP CASHOUT PPD ID: 10402092, 
CASH APP CASHOUT PPD ID: 17101115, 
CASH APP CASHOUT PPD ID: 26439417, 
CASH APP CASHOUT PPD ID: 31606612, 
CASH APP CASHOUT PPD ID: 42114255, 
CASH APP CASHOUT PPD ID: 43313825, 
CASH APP CASHOUT PPD ID: 45620296, 
CASH APP CASHOUT PPD ID: 46451244, 
CASH APP CASHOUT PPD ID: 52761064, 
CASH APP CASHOUT PPD ID: 53358480, 
CASH APP CASHOUT PPD ID: 55403168, 
CASH APP CASHOUT PPD ID: 64917974, 
CASH APP CASHOUT PPD ID: 71844195, 
CASH APP CASHOUT PPD ID: 85662243, 
CASH APP CASHOUT PPD ID: 91963034, 
CASH APP CASHOUT PPD ID: 92616837, 
CASH APP PAYMENT TO ASHLEY ANDERSON, 
CASH APP PAYMENT TO BARBARA DAVIS, 
CASH APP PAYMENT TO CHARLES CLARK, 
CASH APP PAYMENT TO CHARLES RAMIREZ, 
CASH APP PAYMENT TO CHRISTOPHER JACKSON, 
CASH APP PAYMENT TO DANIEL BROWN, 
CASH APP PAYMENT TO DAVID GONZALEZ, 
CASH APP PAYMENT TO DAVID KIM, 
CASH APP PAYMENT TO DAVID TAYLOR, 
CASH APP PAYMENT TO DONNA DAVIS, 
CASH APP PAYMENT TO JAMES CHEN, 
CASH APP PAYMENT TO JOSEPH THOMAS, 
CASH APP PAYMENT TO KIMBERLY SMITH, 
CASH APP PAYMENT TO LISA LEWIS, 
CASH APP PAYMENT TO LISA ROBINSON, 
CASH APP PAYMENT TO MARGARET SHAH, 
CASH APP PAYMENT TO MARY PEREZ, 
CASH APP PAYMENT TO MATTHEW PARK, 
CASH APP PAYMENT TO MATTHEW ROBINSON, 
CASH APP PAYMENT TO MICHAEL ROBINSON, 
CASH APP PAYMENT TO MICHELLE SMITH, 
CASH APP PAYMENT TO NANCY PATEL, 
CASH APP PAYMENT TO NANCY ROBINSON, 
CASH APP PAYMENT TO PAUL JACKSON, 
CASH APP PAYMENT TO ROBERT JOHNSON, 
CASH APP PAYMENT TO ROBERT THOMAS, 
CASH APP PAYMENT TO SANDRA RAMIREZ, 
CASH APP PAYMENT TO STEVEN MOORE, 
CASH APP PAYMENT TO SUSAN DAVIS, 
CASH APP PAYMENT TO SUSAN THOMAS, 
CASH APP PAYMENT TO WILLIAM HARRIS, 
CAVIAR123 04/12 PURCHASE SAN FRANCISCO CA,Caviar
CAVIAR123 06/24 PURCHASE SAN FRANCISCO CA,Caviar
CAVIAR123 11/01 PURCHASE WASHINGTON DC,Caviar
CAVIAR123 11/06 PURCHASE BOSTON MA,Caviar
CAVIAR321 04/05 PURCHASE TALLAHASSEE FL,Caviar
CAVIAR321 05/05 PURCHASE SPRINGFIELD MO,Caviar
CAVIAR321 08/16 PURCHASE LOS ANGELES CA,Caviar
CAVIAR456 05/25 PURCHASE MIAMI FL,Caviar
CAVIAR654 03/12 PURCHASE AUSTIN TX,Caviar
CAVIAR654 03/26 PURCHASE WASHINGTON DC,Caviar
CAVIAR789 01/29 PURCHASE SAN FRANCISCO CA,Caviar
CAVIAR789 06/23 PURCHASE DENVER CO,Caviar
CAVIAR789 09/19 PURCHASE WASHINGTON DC,Caviar
CAVIAR987 01/05 PURCHASE LEXINGTON KY,Caviar
CAVIAR987 02/04 PURCHASE GARLAND TX,Caviar
CAVIAR987 02/05 PURCHASE SAN FRANCISCO CA,Caviar
CAVIAR987 03/06 PURCHASE OXNARD CA,Caviar
CAVIAR987 04/25 PURCHASE WASHINGTON DC,Caviar
CAVIAR987 12/06 PURCHASE LONG BEACH CA,Caviar
CELINES SPA AND EVENTS55 PARSONAGE ROAD 9147335170 08837 NJ USA,CELINES SPA
CELINES SPA AND EVENTS55 PARSONAGE ROAD EDISON 08837 NJ USA,CELINES SPA
CHAMPION 33 LLC 4 PARK AVE NEW YORK 10016 NY USA,CHAMPION
"CHANGE.ORG 383 RHODE ISLAND ST, STE 4152363829 94103 CA USA",CHANGE.ORG
CHARRITOS WEEHAWKEN 974 BOULEVARD EAST WEEHAWKEN 07086 NJ USA,CHARRITOS
CHASE CREDIT CRD AUTOPAY PPD ID: 2117404208, 
CHASE CREDIT CRD AUTOPAY PPD ID: 5992134567, 
CHASE CREDIT CRD AUTOPAY PPD ID: 7230954840, 
CHASE CREDIT CRD AUTOPAY PPD ID: 8375440319, 
CHASE CREDIT CRD AUTOPAY PPD ID: 9000564474, 
CHATGPT SUBSCRIPTION 548 MARKET STREETPMB 97273 SAN FRANCISCO94104-5401CA USA,OPENAI
CHCK-FL-A258 05/28 PURCHASE SANDWICH HOUSTON TX,Chick-fil-A
CHCK-FL-A369 08/24 PURCHASE SANDWICH BOSTON MA,Chick-fil-A
CHEESECAKE EDISON 100 MENLO PARK DR EDISON 08837 NJ USA,CHEESECAKE FACTORY
CHEVRON 02/28 PURCHASE SAN FRANCISCO CA,Chevron
CHEVRON 04/24 PURCHASE LOS ANGELES CA,Chevron
CHEVRON 04/25 PURCHASE SAN DIEGO CA,Chevron
CHEVRON 06/24 PURCHASE SACRAMENTO CA,Chevron
CHEVRON 08/15 PURCHASE SACRAMENTO CA,Chevron
CHEVRON 08/23 PURCHASE SAN DIEGO CA,Chevron
CHEVRON 10/06 PURCHASE SACRAMENTO CA,Chevron
CHEVRON 10/17 PURCHASE LOS ANGELES CA,Chevron
CHEVRON 11/17 PURCHASE LOS ANGELES CA,Chevron
CHEVRON345 12/04 #XXXXX1234 PURCHASE GAS SAN RAMON CA,Chevron
CHEVRON_GAS963 09/15 #XXXXX5678 PURCHASE FUEL HOUSTON TX,Chevron
CHICKFILA123 04/26 #XXXXX3456 PURCHASE SALAD HOUSTON TX,Chick-fil-A
CHICKFILA147 09/10 #XXXXX6789 PURCHASE SANDWICH MIAMI FL,Chick-fil-A
CHICKFILA258 11/28 #XXXXX6789 PURCHASE SANDWICH MIAMI FL,Chick-fil-A
CHICKFILA321 01/16 #XXXXX1234 PURCHASE EATMORCHIKN LINCOLN NE,Chick-fil-A
CHICKFILA321 03/12 #XXXXX5432 PURCHASE EATMORCHIKN HUNTINGTON BEACH CA,Chick-fil-A
CHICKFILA321 05/25 #XXXXX0123 PURCHASE SANDWICH AUSTIN TX,Chick-fil-A
CHICKFILA321 07/24 #XXXXX0123 PURCHASE SANDWICH MIAMI FL,Chick-fil-A
CHICKFILA369 12/18 #XXXXX3456 PURCHASE SANDWICH MIAMI FL,Chick-fil-A
CHICKFILA456 03/17 #XXXXX4567 PURCHASE NUGGETS ATLANTA GA,Chick-fil-A
CHICKFILA741 01/07 #XXXXX3456 PURCHASE SANDWICH MIAMI FL,Chick-fil-A
CHICKFILA789 02/05 #XXXXX2345 PURCHASE SANDWICH ATLANTA GA,Chick-fil-A
CHICKFILA963 06/14 #XXXXX7890 PURCHASE SANDWICH DALLAS TX,Chick-fil-A
CHICKFILA987 02/10 #XXXXX5432 PURCHASE EATMORCHIKN CHESAPEAKE VA,Chick-fil-A
CHICKFILA987 04/07 #XXXXX6789 PURCHASE SANDWICH MIAMI FL,Chick-fil-A
CHICKFILA987 06/05 #XXXXX2345 PURCHASE WRAP ATLANTA GA,Chick-fil-A
CHIP.OLE_348 05/29 #XXXXX8349 PURCHASE MEXICAN_GRILL NEWPORT_BEACH CA,Chipotle
CHIP.OTLE_348 05/25 #XXXXX8349 PURCHASE MEXICAN_GRILL NEWPORT_BEACH CA,Chipotle
CHIP.TLE_398 05/19 #XXXXX8392 PURCHASE MEXICAN_GRILL NEWPORT_BEACH CA,Chipotle
CHIPOTLE 02/14 #XXXXX3456 PURCHASE FOOD DENVER CO,Chipotle
CHIPOTLE 04/03 #XXXXX2345 PURCHASE FOOD DENVER CO,Chipotle
CHIPOTLE 04/06 #XXXXX2345 PURCHASE FOOD DENVER CO,Chipotle
CHIPOTLE 05/21 #XXXXX1234 PURCHASE FOOD DENVER CO,Chipotle
CHIPOTLE 07/08 #XXXXX9012 PURCHASE FOOD DENVER CO,Chipotle
CHIPOTLE 08/08 #XXXXX7890 PURCHASE FOOD WORCESTER MA,Chipotle
CHIPOTLE 08/20 #XXXXX2345 PURCHASE FOOD DENVER CO,Chipotle
CHIPOTLE 08/25 #XXXXX7890 PURCHASE FOOD DENVER CO,Chipotle
CHIPOTLE 10/03 #XXXXX3456 PURCHASE FOOD WORCESTER MA,Chipotle
CHIPOTLE 10/20 #XXXXX3456 PURCHASE FOOD WORCESTER MA,Chipotle
CHIPOTLE 12/28 #XXXXX5678 PURCHASE FOOD DENVER CO,Chipotle
CHIPOTLE 1305 513 MENLO PARK EDISON 08837 NJ USA,Chipotle
CHIPOTLE 1305 EDISON NJ,Chipotle
CHIPOTLE 2566 2131 STATE RT 35 STE 102 HOLMDEL 07733 NJ USA,Chipotle
CHIPOTLE 800-555-0199 09/24 PURCHASE 800-555-0199 CO,Chipotle
CHIPOTLE123 06/25 #XXXXX7890 PURCHASE BURRITO CHICAGO IL,Chipotle
CHIPOTLE123 09/08 #XXXXX7890 PURCHASE BURRITO BOSTON MA,Chipotle
CHIPOTLE2453 03/01 PURCHASE BURRITOS AUSTIN TX,Chipotle
CHIPOTLE456 10/03 #XXXXX7890 PURCHASE BURRITO HOUSTON TX,Chipotle
CHIPOTLE456 12/17 #XXXXX7890 PURCHASE BURRITO LAS VEGAS NV,Chipotle
CHIPOTLE789 10/28 #XXXXX7890 PURCHASE BURRITO ORLANDO FL,Chipotle
CHIPOTLE987 05/31 #XXXXX2109 PURCHASE BURRITO DENVER CO,Chipotle
CHIPOTLE987 08/14 #XXXXX7890 PURCHASE BURRITO PHOENIX AZ,Chipotle
CHIPOTLE_MEX147 09/17 PURCHASE BURRITO PHOENIX AZ,Chipotle
CHPTLE456 11/27 #XXXXX5432 PURCHASE BURRITOBOWL TUCSON AZ,Chipotle
CHPTLE852 10/22 PURCHASE DENVER CO,Chipotle
CHPTLE_MEX147 07/12 #XXXXX7890 PURCHASE BURRITO ATLANTA GA,Chipotle
CHPTLE_MEX963 04/15 #XXXXX5678 PURCHASE BURRITO DALLAS TX,Chipotle
CHVRON_GAS147 11/02 #XXXXX2345 PURCHASE FUEL DENVER CO,Chevron
CHVRON_GAS147 11/02 #XXXXX2345 PURCHASE FUEL DENVER CO REF1,Chevron
CHVRON_GAS147 11/02 #XXXXX2345 PURCHASE FUEL DENVER CO REF2,Chevron
CHVRON_GAS147 11/02 #XXXXX2345 PURCHASE FUEL DENVER CO REF3,Chevron
CHVRON_GAS369 11/02 #XXXXX2345 PURCHASE FUEL AUSTIN CO,Chevron
CHVRON_GAS654 11/02 #XXXXX2345 PURCHASE FUEL PHOENIX CO,Chevron
CHVRON_GAS741 11/02 #XXXXX2345 PURCHASE FUEL SEATTLE CO,Chevron
CHVRON_GAS963 08/06 #XXXXX1234 PURCHASE FUEL SAN FRANCISCO CA,Chevron
CHVRON_GAS963 11/02 #XXXXX2345 PURCHASE FUEL BOSTON CO,Chevron
CINNABON-CARVEL #00820313 SMITH HAVEN MALL LAKE GROVE 11955 NY USA,CINNABON-CARVEL
CIRCLE CHEVROLET CO 641 SHREWSBURY AVE SHREWSBURY 07702 NJ USA,CIRCLE CHEVROLET
CIRCLE CHEVY - HYUNDAI641 SHREWSBURY AVE 732-7413130 07702 NJ USA,CIRCLE CHEVROLET
CIRCLE CHEVY - HYUNDAI641 SHREWSBURY AVE SHREWSBURY 07702 NJ USA,CIRCLE CHEVROLET
CIRCLE K 04/02 PURCHASE MIAMI FL,Circle K
CIRCLE K 04/13 PURCHASE LAS VEGAS NV,Circle K
CIRCLE K 05/27 PURCHASE PHOENIX AZ,Circle K
CIRCLE K 06/16 PURCHASE TUCSON AZ,Circle K
CIRCLE K 06/19 PURCHASE DENVER CO,Circle K
CIRCLE K 07/21 PURCHASE LAS VEGAS NV,Circle K
CIRCLE K 08/07 PURCHASE TUCSON AZ,Circle K
CIRCLE K 09/14 PURCHASE ORLANDO FL,Circle K
CIRCLE K 09/28 PURCHASE TUCSON AZ,Circle K
CIRCLE K 10/06 PURCHASE TEMPE AZ,Circle K
CITGO 05/19 PURCHASE MEMPHIS TN,Citgo
CITGO 07/14 PURCHASE MEMPHIS TN,Citgo
CITGO 09/04 PURCHASE MEMPHIS TN,Citgo
CITGO PETRO 09/18 PURCHASE HOUSTON TX,Citgo
CITGO WOODBRIDGE NORTH1020 US HIGHWAY 9 N WOODBRIDGE 07095 NJ USA,Citgo
CITI AUTOPAY PPD ID: 2284065774, 
CITI AUTOPAY PPD ID: 2594484966, 
CITI AUTOPAY PPD ID: 2622764288, 
CITI AUTOPAY PPD ID: 3229734146, 
CITI AUTOPAY PPD ID: 4103483361, 
CITI AUTOPAY PPD ID: 9298793061, 
CLAIRE'S #6084 MIDDLE COUNTRY RD LAKE GROVE 11755 NY USA,CLAIRE'S
CLAIRE'S #6105 100 MENLO PARK EDISON 08837 NJ USA,CLAIRE'S
CLAIRE'S #6530 239 WOODBRIDGE CENTER DR WOODBRIDGE 07095 NJ USA,CLAIRE'S
CMSVEND*CV AVENEL 190 HOMESTEAD AVE AVENEL 07001 NJ USA,CMS
CMSVEND*CV AVENEL 190 HOMESTEAD AVE AVENEL 07001 NJ USA REF1,CMS
CMSVEND*CV AVENEL 190 HOMESTEAD AVE AVENEL 07001 NJ USA REF2,CMS
CMSVEND*CV AVENEL 190 HOMESTEAD AVE AVENEL 07001 NJ USA REF3,CMS
CNK*CINEMARK.COM 1098 2821 HIGHWAY 35 800-246-3627 07730 NJ USA,CINEMARK
CODE NINJAS 3873 ROUTE 516 EAST OLD BRIDGE 08857 NJ USA,CODE NINJAS
COLD STONE CREAMERY 212111 STATE ROUTE 35 HOLMDEL 07733 NJ USA,COLD STONE
COLDSTONE 946 THOMAS AVENUE NORTH BRUNSWI08902 NJ USA,COLD STONE
COMFORT INNS 900 E MAIN ST MERIDEN 06450-6049CT USA,COMFORT INNS
CONDOCERTS 8455 LENEXA DR 913-7251000 66214 KS USA,CONDOCERTS
CONOCO - USA ENERGY LL3548 RTE 22 W SOMERVILLE 08876 NJ USA,Conoco
CONOCO 05/27 PURCHASE SALT LAKE CITY UT,Conoco
CONOCO 07/18 PURCHASE SALT LAKE CITY UT,Conoco
CONOCO 09/08 PURCHASE SALT LAKE CITY UT,Conoco
COSTC0_345 02/29 #XXXXX5346 PURCHASE WHOLESALE ISSAQUAH WA,Costco
COSTC0_WHLSL123 09/21 #XXXXX6789 PURCHASE BULK HOUSTON TX,Costco
COSTC0_WHLSL789 03/20 #XXXXX1234 PURCHASE BULK LOS ANGELES CA,Costco
COSTCO 03/21 PURCHASE SEATTLE WA,Costco
COSTCO 05/30 PURCHASE SEATTLE WA,Costco
COSTCO 08/08 PURCHASE SEATTLE WA,Costco
COSTCO 10/10 PURCHASE HOUSTON TX,Costco
COSTCO 10/25 PURCHASE SEATTLE WA,Costco
COSTCO GAS #0222 HAZLET NJ,Costco GAS
COSTCO WHOLESALE 05/10 PURCHASE SEATTLE WA,Costco
COSTCO WHSE #0222 HAZLET NJ,Costco
COSTCO WHSE #0322 BRIDGEWATER NJ,Costco
COSTCO WHSE #0323 EDISON NJ,Costco
COSTCO WHSE #1234 03/15 PURCHASE SEATTLE WA,Costco
COSTCO WHSE 08/25 PURCHASE ISSAQUAH WA,Costco
COSTCO7568 02/18 PURCHASE WHOLESALE CHARLOTTE NC,Costco
COSTCO789 12/07 #XXXXX5678 PURCHASE RETAIL ISSAQUAH WA,Costco
COSTC_WHLSL147 08/28 PURCHASE BULK HOUSTON TX,Costco
COSTC_WHLSL963 06/01 PURCHASE BULK PORTLAND OR,Costco
COSTC_WHSL654 04/20 #XXXXX8901 PURCHASE WHOLESALE SAN FRANCISCO CA,Costco
COSTC_WHSL987 06/13 #XXXXX0123 PURCHASE BULK PHILADELPHIA PA,Costco
COSTC_WHSL987 07/31 #XXXXX4567 PURCHASE WHOLESALE SEATTLE WA,Costco
"COURTYARD BY MARIOTT CTS-215, ANDHERI KURLA ROAD MUMBAI 400059 IND",COURTYARD BY MARRIOT
CRAYOLA EXPERIENCE 30 CENTRE SQ EASTON 18042 PA USA,CRAYOLA EXPERIENCE
CRCKRBL_RST258 05/08 PURCHASE DINNER DALLAS TX,Cracker Barrel
CRCKRBL_RST369 08/04 PURCHASE DINNER MIAMI FL,Cracker Barrel
CRCKRBL_RST741 10/31 PURCHASE DINNER ATLANTA GA,Cracker Barrel
CRITERION CHANNEL 06/24 PURCHASE NEW YORK NY,Criterion Channel
CRKR_BRRL99 01/03 #XXXXX9876 PURCHASE MEAL NASHVILLE TN,Cracker Barrel
CRUNCHYROLL 03/03 #XXXXX2345 PURCHASE SUBSCR SAN FRANCISCO CA,Crunchyroll
CRUNCHYROLL 06/13 PURCHASE SAN FRANCISCO CA,Crunchyroll
CRUNCHYROLL 09/28 #XXXXX4567 PURCHASE SUBSCR SAN FRANCISCO CA,Crunchyroll
CRUNCHYROLL.COM/BILL 11/16 PURCHASE 415-800-4959 CA,Crunchyroll
CRYSTAL SPRINGS WATERP334 DUNHAMS CORNER ROAD 7323906797 08816 NJ USA,CRYSTAL SPRINGS
CSTCO WHSE #1252 10/05 #XXXXX223988 PURCHASE CSTCO WHSE #1252 PHOENIX AZ,Costco
CTM GROUP INC. 5 INDUSTRIAL WAY SALEM 03079 NH USA,CTM GROUP INC.
CULVERS 01/05 #XXXXX6789 PURCHASE FOOD PRAIRIE DU SAC WI,Culvers
CUMBERLAND 02/21 PURCHASE SPRINGFIELD MA,Cumberland Farms
CUMBERLAND 11/23 PURCHASE SPRINGFIELD MA,Cumberland Farms
CURIOSITY ST 11/27 #XXXXX4567 PURCHASE SUBSCR SILVER SPRING MD,Curiosity Stream
CURIOSITYSTREAM 08/07 PURCHASE SILVER SPRING MD,Curiosity Stream
CURIOSITYSTREAM 10/12 PURCHASE SILVER SPRING MD,Curiosity Stream
CURIOSITYSTREAM 11/12 PURCHASE SILVER SPRING MD,Curiosity Stream
CVS 02/28 PURCHASE NEW YORK NY,CVS
CVS 05/09 PURCHASE NEW YORK NY,CVS
CVS 10/18 PURCHASE ATLANTA GA,CVS
CVS 11/01 PURCHASE LOS ANGELES CA,CVS
CVS 12/20 PURCHASE NEW YORK NY,CVS
CVS CAREPASS 1 CVS DR 833-320-2273 02895 RI USA,CVS
CVS PHARMACY 04/28 PURCHASE BOSTON MA,CVS
CVS/PHARMACY #01088 27 MORRISTOWN RD 800-746-7287 07747 NJ USA (RETURN),CVS
CVS/PHARMACY #01088 27 MORRISTOWN RD MATAWAN 07747 NJ USA,CVS
CVS/PHARMACY #01088 MATAWAN NJ,CVS
CVS/PHARMACY #07069 3391 HIGHWAY 35 HAZLET 07730 NJ USA,CVS
CVS/PHARMACY 03/26 PURCHASE BOSTON MA,CVS
CVS4532 01/22 #XXXXX3678 PURCHASE HEALTH & BEAUTY DALLAS TX,CVS
CVSCRMCY147 01/10 PURCHASE MEDICINE ORLANDO FL,CVS
CVSCRMCY147 01/30 PURCHASE MEDICINE ORLANDO FL,CVS
CVSCRMCY147 02/19 PURCHASE MEDICINE ORLANDO FL,CVS
CVSCRMCY147 12/21 PURCHASE MEDICINE ORLANDO FL,CVS
CVSCRMCY369 04/18 PURCHASE MEDICINE BOSTON MA,CVS
CVSCRMCY369 07/15 PURCHASE MEDICINE DENVER CO,CVS
CVSCRMCY741 10/11 PURCHASE MEDICINE NEW YORK NY,CVS
CVSPHRM123 08/10 PURCHASE WOONSOCKET RI,CVS
CVSPHRM_RX321 01/26 #XXXXX6789 PURCHASE MEDICINE ORLANDO FL,CVS
CVSPHRM_RX321 04/08 #XXXXX2345 PURCHASE PHARMACY ORLANDO FL,CVS
CVSPHRM_RX654 06/07 #XXXXX2345 PURCHASE MEDICINE BOSTON MA,CVS
CVSPHRM_STORE456 01/31 #XXXXX3456 PURCHASE MEDICINE LOS ANGELES CA,CVS
CVSPHRM_STORE456 12/02 #XXXXX2345 PURCHASE MEDICINE DENVER CO,CVS
CYBERGHOST.COM/BILL 07/30 PURCHASE 888-555-2345 RO,CyberGhost
CYBERGHOSTVPN.COM/BILL 01/18 PURCHASE 635-555-7672 US,CyberGhost VPN
CYBERGHOSTVPN.COM/BILL 04/08 PURCHASE 415-555-4332 US,CyberGhost VPN
CYBERGHOSTVPN.COM/BILL 10/30 PURCHASE 855-555-1012 US,CyberGhost VPN
C_LLBEAN459 02/06 #XXXXX5734 PURCHASE OUTDOORS BOSTON MA,L.L.Bean
Cash Advance Fee, 
Cash Advance Fee - 04/52, 
Cash Advance Fee - 34/31, 
Cash Advance Fee - 36/81, 
Cash Advance Fee - 38/98, 
Cash Advance Fee - 77/65, 
Cash App Payment To David Miller, 
Cash App Payment To Patricia Lewis, 
Cash App Payment To Richard Miller, 
DAILY CASH ADJUSTMENT, 
DAILY CASH ADJUSTMENT - 05/08, 
DAILY CASH ADJUSTMENT - 16/49, 
DAILY CASH ADJUSTMENT - 18/96, 
DAILY CASH ADJUSTMENT - 22/36, 
DAILY CASH ADJUSTMENT - 24/58, 
DAILY CASH ADJUSTMENT - 25/63, 
DAILY CASH ADJUSTMENT - 28/18, 
DAILY CASH ADJUSTMENT - 28/76, 
DAILY CASH ADJUSTMENT - 36/06, 
DAILY CASH ADJUSTMENT - 37/54, 
DAILY CASH ADJUSTMENT - 41/20, 
DAILY CASH ADJUSTMENT - 42/72, 
DAILY CASH ADJUSTMENT - 46/85, 
DAILY CASH ADJUSTMENT - 52/50, 
DAILY CASH ADJUSTMENT - 83/79, 
DAILY CASH ADJUSTMENT - 93/96, 
DAILY CASH ADJUSTMENT - 96/12, 
DAIRY QUEEN 07/27 #XXXXX5678 PURCHASE FOOD DURHAM NC,Dairy Queen
DAIRY QUEEN 09/21 #XXXXX1234 PURCHASE FOOD BOISE ID,Dairy Queen
DAIRY QUEEN 12/06 #XXXXX6789 PURCHASE FOOD EDINA MN,Dairy Queen
DASHLANE.COM/BILL 01/11 PURCHASE 800-401-3472 NY,Dashlane
DASHPASS123 03/18 PURCHASE SAN FRANCISCO CA,DoorDash
DASHPASS321 11/11 PURCHASE AUSTIN TX,DoorDash
DASHPASS321 12/06 PURCHASE NEW YORK NY,DoorDash
DASHPASS987 01/23 PURCHASE AUSTIN TX,DoorDash
DASHPASS987 10/07 PURCHASE SEATTLE WA,DoorDash
DAVIDSTEA9854 02/26 PURCHASE TEA LOUNGE VANCOUVER,DAVIDsTEA
DCH ACADEMY HONDA 1101 STATE HIGHWAY 9 OLD BRIDGE 08857 NJ USA,DCH ACADEMY HONDA
DD *DOORDASH MCDONALDS303 2ND STREETSUITE 800 SAN FRANCISCO94107 CA USA,DoorDash McDonald's
DD *KHOKHA 303 2ND STREETSUITE 800 SAN FRANCISCO94107 CA USA,DoorDash KHOKHA
DD *STOREKANDAHARAFGHA303 2ND STREETSUITE 800 SAN FRANCISCO94107 CA USA,DoorDash KANDAHAR
DD *STOREKANDAHARAFGHA303 2ND STREETSUITE 800 SAN FRANCISCO94107 CA USA REF1,DoorDash KANDAHAR
DD *STOREKANDAHARAFGHA303 2ND STREETSUITE 800 SAN FRANCISCO94107 CA USA REF2,DoorDash KANDAHAR
DD *STOREKANDAHARAFGHA303 2ND STREETSUITE 800 SAN FRANCISCO94107 CA USA REF3,DoorDash KANDAHAR
DD *STOREROUNDPIEPIZZA303 2ND STREETSUITE 800 SAN FRANCISCO94107 CA USA,DoorDash ROUND PIE PIZZA
DD DOORDASH CROWNFRIE 303 2ND STREET 8559731040 94107 CA USA,DoorDash CROWN FRIED CHICKEN
DD DOORDASH DUNKIN 303 2ND STREET 8559731040 94107 CA USA,DoorDash DUNKIN
DD DOORDASH MCDONALDS 303 2ND STREET 8559731040 94107 CA USA,DoorDash McDonald's
DD DOORDASH RIFFYSKIT 303 2ND STREET 8559731040 94107 CA USA,DoorDash RIFFYS KITCHEN
DD/BR #337569 Q35 164 RT 34 N OLD BRIDGE 08857 NJ USA,Dunkin' Donuts
DD/BR #354728 189 RT 35 SOUTH CLIFFWOOD 07721 NJ USA,Dunkin' Donuts
DEBIT CARD PURCH ADJ MED*BARNABAS HEALTH IN 973-322-5000 NJ0901247469216L52X9RK (Cash),BARNABAS HEALTH
DEBIT CARD PURCH ADJ SQ *KIDZDENT CHILDREN' Old Bridge NJ0220247469216E335VWB (Cash),KIDZDENT
DEBIT CARD PURCH ADJ SQ *KIDZDENT CHILDREN' Old Bridge NJ0401247469216FQ2X9QZ (Cash),KIDZDENT
DEBIT CARD PURCHASE 3X4 GENETICS WWW.3X4GENETI WA0108242401134QR001H5 (Cash),3X4 GENETICS
DEBIT CARD PURCHASE AMAZON MKTPL*ZR4B12HV2 Amzn.com/bill WA1206242469216P62ZVKM (Cash),Amazon
DEBIT CARD PURCHASE BAYSHORE OPHTHALMOLOGY HOLMDEL NJ0614242475542HN5961Q (Cash),BAYSHORE OPHTHALMOLOGY
DEBIT CARD PURCHASE CRI GENETICS LLC 800-571-9216 CA0308242443106EM5SR46 (Cash),CRI GENETICS
DEBIT CARD PURCHASE CVS/PHARMACY #01088 MATAWAN NJ0110242413746QV00XW5 (Cash),CVS
DEBIT CARD PURCHASE CVS/PHARMACY #01088 MATAWAN NJ0204242413746DL013T2 (Cash),CVS
DEBIT CARD PURCHASE CVS/PHARMACY #01088 MATAWAN NJ0303242413746EG00Y2B (Cash),CVS
DEBIT CARD PURCHASE CVS/PHARMACY #01088 MATAWAN NJ0304242413746EH010JX (Cash),CVS
DEBIT CARD PURCHASE CVS/PHARMACY #01088 MATAWAN NJ0710242413746JH01398 (Cash),CVS
"DEBIT CARD PURCHASE FRANK LIPMAN, M.D., P. 212-255-1800 NY1031242480197N13ZB75 (Cash)","FRANK LIPMAN, M.D."
"DEBIT CARD PURCHASE FRANK LIPMAN, M.D., P. 2122551800 NY1031242480197N13ZB75 (Cash)","FRANK LIPMAN, M.D."
DEBIT CARD PURCHASE FULLSCRIPT* R032901821 HTTPSUS.FULLS NH0304242400077EG0005V (Cash),FULLSCRIPT
DEBIT CARD PURCHASE FULLSCRIPT* R061922726 HTTPSUS.FULLS NH0216242400077DZ0003F (Cash),FULLSCRIPT
DEBIT CARD PURCHASE FULLSCRIPT* R084384253 HTTPSUS.FULLS NH0310242400077EN0006S (Cash),FULLSCRIPT
DEBIT CARD PURCHASE FULLSCRIPT* R110058685 HTTPSUS.FULLS NH0310242400077EN0006T (Cash),FULLSCRIPT
DEBIT CARD PURCHASE FULLSCRIPT* R118064213 HTTPSUS.FULLS NH1108242400077N9000AQ (Cash),FULLSCRIPT
DEBIT CARD PURCHASE FULLSCRIPT* R121743071 HTTPSUS.FULLS NH0405242400077FG000QK (Cash),FULLSCRIPT
DEBIT CARD PURCHASE FULLSCRIPT* R144830378 HTTPSUS.FULLS NH0427242400077G6000HF (Cash),FULLSCRIPT
DEBIT CARD PURCHASE FULLSCRIPT* R149196569 HTTPSUS.FULLS NH1108242400077N90001W (Cash),FULLSCRIPT
DEBIT CARD PURCHASE FULLSCRIPT* R167470919 HTTPSUS.FULLS NH1011242400077MD000RS (Cash),FULLSCRIPT
DEBIT CARD PURCHASE FULLSCRIPT* R213142176 HTTPSUS.FULLS NH0905242400077L9000DX (Cash),FULLSCRIPT
DEBIT CARD PURCHASE FULLSCRIPT* R246071725 HTTPSUS.FULLS NH0905242400077L9000DV (Cash),FULLSCRIPT
DEBIT CARD PURCHASE FULLSCRIPT* R258875634 HTTPSUS.FULLS NH1104242400077N50007Y (Cash),FULLSCRIPT
DEBIT CARD PURCHASE FULLSCRIPT* R271829297 US.FULLSCRIPT NH1227242400077PSEHM71 (Cash),FULLSCRIPT
DEBIT CARD PURCHASE FULLSCRIPT* R278734141 HTTPSUS.FULLS NH0519242400077GW00074 (Cash),FULLSCRIPT
DEBIT CARD PURCHASE FULLSCRIPT* R299329668 HTTPSUS.FULLS NH0807242400077KQ0008L (Cash),FULLSCRIPT
DEBIT CARD PURCHASE FULLSCRIPT* R336538236 HTTPSUS.FULLS NH0914242400077LJ0001F (Cash),FULLSCRIPT
DEBIT CARD PURCHASE FULLSCRIPT* R336776593 HTTPSUS.FULLS NH1104242400077N50007X (Cash),FULLSCRIPT
DEBIT CARD PURCHASE FULLSCRIPT* R351033409 HTTPSUS.FULLS NH0507242400077GG000FX (Cash),FULLSCRIPT
DEBIT CARD PURCHASE FULLSCRIPT* R351118910 HTTPSUS.FULLS NH0108242400077QR0001R (Cash),FULLSCRIPT
DEBIT CARD PURCHASE FULLSCRIPT* R352486268 HTTPSUS.FULLS NH0414242400077FT000G3 (Cash),FULLSCRIPT
DEBIT CARD PURCHASE FULLSCRIPT* R357537875 HTTPSUS.FULLS NH0402242400077FD000QV (Cash),FULLSCRIPT
DEBIT CARD PURCHASE FULLSCRIPT* R422041950 HTTPSUS.FULLS NH0608242400077HG0000K (Cash),FULLSCRIPT
DEBIT CARD PURCHASE FULLSCRIPT* R530326897 HTTPSUS.FULLS NH1108242400077N900020 (Cash),FULLSCRIPT
DEBIT CARD PURCHASE FULLSCRIPT* R565966341 HTTPSUS.FULLS NH0923242400077LV000HJ (Cash),FULLSCRIPT
DEBIT CARD PURCHASE FULLSCRIPT* R608035077 HTTPSUS.FULLS NH0405242400077FG000QL (Cash),FULLSCRIPT
DEBIT CARD PURCHASE FULLSCRIPT* R682223215 HTTPSUS.FULLS NH0625242400077J1000Q8 (Cash),FULLSCRIPT
DEBIT CARD PURCHASE FULLSCRIPT* R718664381 HTTPSUS.FULLS NH0629242400077J5000KD (Cash),FULLSCRIPT
DEBIT CARD PURCHASE FULLSCRIPT* R736142299 HTTPSUS.FULLS NH0415242400077FS0000B (Cash),FULLSCRIPT
DEBIT CARD PURCHASE FULLSCRIPT* R743205684 HTTPSUS.FULLS NH0806242400077KB0000S (Cash),FULLSCRIPT
DEBIT CARD PURCHASE FULLSCRIPT* R785412771 HTTPSUS.FULLS NH0813242400077KJ0007X (Cash),FULLSCRIPT
DEBIT CARD PURCHASE FULLSCRIPT* R803275268 HTTPSUS.FULLS NH0527242400077H400067 (Cash),FULLSCRIPT
DEBIT CARD PURCHASE FULLSCRIPT* R805733263 HTTPSUS.FULLS NH0526242400077H3000A5 (Cash),FULLSCRIPT
DEBIT CARD PURCHASE FULLSCRIPT* R831469908 HTTPSUS.FULLS NH0426242400077G5000BA (Cash),FULLSCRIPT
DEBIT CARD PURCHASE FULLSCRIPT* R893715243 HTTPSUS.FULLS NH1203242400077P200016 (Cash),FULLSCRIPT
DEBIT CARD PURCHASE FULLSCRIPT* R910668652 HTTPSUS.FULLS NH0205242400077DL0004R (Cash),FULLSCRIPT
DEBIT CARD PURCHASE FULLSCRIPT* R959959080 HTTPSUS.FULLS NH0721242400077JV0009V (Cash),FULLSCRIPT
DEBIT CARD PURCHASE FUSION REHABILITATIVE OLD BRIDGE NJ0108242469216QT35L6Q (Cash),FUSION REHABILITATIVE
DEBIT CARD PURCHASE FUSION REHABILITATIVE OLD BRIDGE NJ0207242469216DP2ZBKW (Cash),FUSION REHABILITATIVE
DEBIT CARD PURCHASE FUSION REHABILITATIVE OLD BRIDGE NJ0221242469216E52XGX3 (Cash),FUSION REHABILITATIVE
DEBIT CARD PURCHASE FUSION REHABILITATIVE OLD BRIDGE NJ0705242469216JQ33VBA (Cash),FUSION REHABILITATIVE
DEBIT CARD PURCHASE FUSION REHABILITATIVE OLD BRIDGE NJ0813242469216KK34QKY (Cash),FUSION REHABILITATIVE
DEBIT CARD PURCHASE HOCH ORTHODONTICS MATAWAN NJ0829242407105L3VAN7R (Cash),HOCH ORTHODONTICS
DEBIT CARD PURCHASE HOCH ORTHODONTICS MATAWAN NJ1209242407105P9VAM3D (Cash),HOCH ORTHODONTICS
DEBIT CARD PURCHASE JERSEY COAST NEPHROLOG 732-4512638 NJ0717242407105JRVAMAY (Cash),JERSEY COAST NEPHROLOGY
DEBIT CARD PURCHASE MED*BARNABAS HEALTH IN 973-322-5000 NJ0112242469216QW2YHZT (Cash),BARNABAS HEALTH
DEBIT CARD PURCHASE MED*BARNABAS HEALTH IN 973-322-5000 NJ0409242469216FL32ZMD (Cash),BARNABAS HEALTH
DEBIT CARD PURCHASE MED*BARNABAS HEALTH IN 973-322-5000 NJ0509242469216GJ2YQH3 (Cash),BARNABAS HEALTH
DEBIT CARD PURCHASE MED*BARNABAS HEALTH IN 973-322-5000 NJ0609242469216HH317PW (Cash),BARNABAS HEALTH
DEBIT CARD PURCHASE MED*BARNABAS HEALTH IN 973-322-5000 NJ0709242469216JF3673D (Cash),BARNABAS HEALTH
DEBIT CARD PURCHASE MED*BARNABAS HEALTH IN 973-322-5000 NJ0809242469216KE30GXS (Cash),BARNABAS HEALTH
DEBIT CARD PURCHASE POS1088 CVS/PHARMACY # MATAWAN NJ0329242407729F9EHM7X (Cash),CVS
DEBIT CARD PURCHASE POS1088 CVS/PHARMACY # MATAWAN NJ0330242407729FQEHM7Y (Cash),CVS
DEBIT CARD PURCHASE POS1088 CVS/PHARMACY # MATAWAN NJ0501242407729GBEHM79 (Cash),CVS
DEBIT CARD PURCHASE POS1088 CVS/PHARMACY # MATAWAN NJ0520242407729GYEHM7E (Cash),CVS
DEBIT CARD PURCHASE POS1088 CVS/PHARMACY # MATAWAN NJ0528242407729H5EHM7H (Cash),CVS
DEBIT CARD PURCHASE POS1088 CVS/PHARMACY # MATAWAN NJ0626242407729J3EHM7S (Cash),CVS
DEBIT CARD PURCHASE POS1088 CVS/PHARMACY # MATAWAN NJ0713242407729JMEHM7Z (Cash),CVS
DEBIT CARD PURCHASE POS1088 CVS/PHARMACY # MATAWAN NJ0804242407729KAEHM77 (Cash),CVS
DEBIT CARD PURCHASE POS1088 CVS/PHARMACY # MATAWAN NJ0807242407729KDEHM78 (Cash),CVS
DEBIT CARD PURCHASE POS1088 CVS/PHARMACY # MATAWAN NJ0809242407729KEEHM78 (Cash),CVS
DEBIT CARD PURCHASE POS1088 CVS/PHARMACY # MATAWAN NJ0904242407729L9EHM7H (Cash),CVS
DEBIT CARD PURCHASE POS1088 CVS/PHARMACY # MATAWAN NJ0910242407729LFEHM7J (Cash),CVS
DEBIT CARD PURCHASE POS1088 CVS/PHARMACY # MATAWAN NJ1104242407729N5EHM74 (Cash),CVS
DEBIT CARD PURCHASE POS7069 CVS/PHARMACY # HAZLET NJ0516242407729GTEHM7D (Cash),CVS
DEBIT CARD PURCHASE QDI*QUEST DIAGNOSTICS 800-631-1388 NJ0224242469216E72Z4PY (Cash),QUEST DIAGNOSTICS
DEBIT CARD PURCHASE QDI*QUEST DIAGNOSTICS 800-631-1388 NJ1121242469216NN34G7V (Cash),QUEST DIAGNOSTICS
DEBIT CARD PURCHASE RCCA 844-4746866 NJ0424242476725G400004 (Cash),RCCA
DEBIT CARD PURCHASE RMG PED US 1 EDISON EDISON NJ0219242469216E335BHG (Cash),RMG PEDIATRICS
DEBIT CARD PURCHASE RMG PED US 1 EDISON EDISON NJ0520242469216GY2Y8XD (Cash),RMG PEDIATRICS
DEBIT CARD PURCHASE RMG PED US 1 EDISON EDISON NJ0528242469216H631L7P (Cash),RMG PEDIATRICS
DEBIT CARD PURCHASE RMG PED US 1 EDISON EDISON NJ0604242469216HD2XYMG (Cash),RMG PEDIATRICS
DEBIT CARD PURCHASE SERENITY DENTAL CARE EDISON NJ0229242406106EQ0T4Z4 (Cash),SERENITY DENTAL
DEBIT CARD PURCHASE SERENITY DENTAL CARE EDISON NJ0531242406106HB0VYQS (Cash),SERENITY DENTAL
DEBIT CARD PURCHASE SERENITY DENTAL CARE EDISON NJ0923242406106LV0T4Z2 (Cash),SERENITY DENTAL
DEBIT CARD PURCHASE SP 3X4GENETICS 3X4GENETICS.C WA0705242401134JQ0006X (Cash),3X4 GENETICS
DEBIT CARD PURCHASE SP FATTY15 FATTY15.COM CA1120242401134NNEHMQS (Cash),FATTY15
DEBIT CARD PURCHASE SP FATTY15 HTTPSFATTY15. CA0721242401134JV001YL (Cash),FATTY15
DEBIT CARD PURCHASE SP FATTY15 HTTPSFATTY15. CA1009242401134MQ000GA (Cash),FATTY15
DEBIT CARD PURCHASE SP SENSATE HTTPSUS.GETSE DE0616242401134HR0017A (Cash),SENSATE
DEBIT CARD PURCHASE SQ *KIDZDENT CHILDREN' Old Bridge NJ0220242469216E335RX6 (Cash),KIDZDENT
DEBIT CARD PURCHASE SQ *KIDZDENT CHILDREN' Old Bridge NJ0401242469216FQ2X6LK (Cash),KIDZDENT
DEBIT CARD PURCHASE WOODBRIDGE INTERNAL ME WOODBRIDGE NJ1219242427074PJS66GN (Cash),Woodbridge Internal Medicine
DELIVEROO DES:FOOD ID:DELV1234 INDN:JAMES WILSON CO ID:DELVFD5678 WEB,Deliveroo
DELIVEROO123 02/23 PURCHASE LONDON UK,Deliveroo
DELIVEROO456 04/30 PURCHASE LONDON UK,Deliveroo
DELIVEROO987 07/05 PURCHASE LONDON UK,Deliveroo
DELTA AIR 006123456789 02/27 PURCHASE ATLANTA GA,Delta Air Lines
DELTA AIR 006123456789 07/20 PURCHASE ATLANTA GA,Delta Air Lines
DELTA AIR 006237 09/30 #XXXXX135790 PURCHASE ATLANTA GA,Delta Air Lines
DELTA AIR 12/10 #XXXXX9012 PURCHASE TRAVEL ATLANTA GA,Delta Air Lines
DELTA_AIR147 10/20 #XXXXX2345 PURCHASE FLIGHT SAN FRANCISCO CA,Delta Air Lines
DELTA_AIR258 12/10 #XXXXX2345 PURCHASE FLIGHT SAN FRANCISCO CA,Delta Air Lines
DELTA_AIR369 01/19 #XXXXX2345 PURCHASE FLIGHT SAN FRANCISCO CA,Delta Air Lines
DELTA_AIR369 02/08 #XXXXX2345 PURCHASE FLIGHT SAN FRANCISCO CA,Delta Air Lines
DELTA_AIR369 12/30 #XXXXX2345 PURCHASE FLIGHT SAN FRANCISCO CA,Delta Air Lines
DELTA_AIR741 04/27 #XXXXX9012 PURCHASE FLIGHT ATLANTA GA,Delta Air Lines
DICK'S CLOTHING&amp;SPORTI366 WOODBRIDGE CTR DR WOODBRIDGE 07095 NJ USA,DICK'S CLOTHING & SPORT
DIDI DES:RIDE ID:DIDI5678 INDN:LI WEI CO ID:DIDIRI9012 WEB,DiDi
DIOCESE OF TRENTON 701 LAWRENCEVILLE RD 6094037121 08648 NJ USA,DIOCESE OF TRENTON
DISCOVER AUTOPAY PPD ID: 0355926588, 
DISCOVER AUTOPAY PPD ID: 2010927063, 
DISCOVER AUTOPAY PPD ID: 2521718619, 
DISCOVER AUTOPAY PPD ID: 5179740346, 
DISCOVER AUTOPAY PPD ID: 5317821393, 
DISCOVER AUTOPAY PPD ID: 9871029669, 
DISCOVER AUTOPAY PPD ID: 9960053369, 
DISCOVERY+ 05/22 PURCHASE NEW YORK NY,Discovery+
DISNEY PLUS 500 SOUTH BUENA VISTA 8889057888 91521 CA USA,Disney+
DISNEY PLUS 500 SOUTH BUENA VISTA BURBANK 91521 CA USA,Disney+
DISNEY+ 01/08 #XXXXX0123 PURCHASE SUBSCR BURBANK CA,Disney+
DISNEY+ 01/24 #XXXXX3456 PURCHASE SUBSCR BURBANK CA,Disney+
DISNEY+ 03/04 #XXXXX9012 PURCHASE SUBSCR BURBANK CA,Disney+
DISNEY+ 03/17 PURCHASE BURBANK CA,Disney+
DISNEY+ 04/21 #XXXXX7890 PURCHASE SUBSCR BURBANK CA,Disney+
DISNEY+ 06/08 #XXXXX6789 PURCHASE SUBSCR BURBANK CA,Disney+
DISNEY+ 07/26 #XXXXX5678 PURCHASE SUBSCR BURBANK CA,Disney+
DISNEY+ 08/17 #XXXXX7890 PURCHASE SUBSCR BURBANK CA,Disney+
DISNEY+ 10/19 PURCHASE BURBANK CA,Disney+
DISNEY+.COM/BILL 05/03 PURCHASE 888-905-7888 CA,Disney+
DISNEY+.COM/BILL 10/15 PURCHASE 888-905-7888 CA,Disney+
DISNEYPLUS.COM 09/07 PURCHASE 877-621-8015 CA,Disney+
DISNEYPLUS.COM/BILL 02/23 PURCHASE 888-905-7888 CA,Disney+
DISNEYPLUS.COM/BILL 06/29 PURCHASE 888-905-7888 CA,Disney+
DIVINE TOUCH CLEANERS 25 MORRISTOWN RD MATAWAN 07747 NJ USA,DIVINE TOUCH CLEANERS
DIVINE TOUCH CLEANERS MATAWAN NJ,DIVINE TOUCH CLEANERS
DNKNDNTS987 11/22 #XXXXX9876 PURCHASE DUNKONDNUTS ALBUQUERQUE NM,Dunkin' Donuts
DOLLAR GENERAL #23861 228 NJ ROUTE 35 KEYPORT 07735 NJ USA,Dollar General
DOLLAR GENERAL #23861 228 STATE ROUTE 35 KEYPORT 07735 NJ USA,Dollar General
DOLLAR GENERAL 04/28 PURCHASE NASHVILLE TN,Dollar General
DOLLAR GENERAL 06/11 PURCHASE NASHVILLE TN,Dollar General
DOLLAR TREE 1038 US HIGHWAY 9 PARLIN 08859 NJ USA,DOLLAR TREE
DOLLAR TREE 1136 US HIGHWAY 1 EDISON 08817 NJ USA,DOLLAR TREE
DOLLAR TREE 2111 STATE ROUTE 35 STE 5 STE 5 HOLMDEL 07733 NJ USA,DOLLAR TREE
DOLLAR TREE 31 WOODBRIDGE CENTER DR WOODBRIDGE 07095 NJ USA,DOLLAR TREE
DOLLAR TREE 3600 STATE ROUTE 35 HAZLET 07730 NJ USA,DOLLAR TREE
DOLLAR TREE 982 EASTON AVE SOMERSET 08873 NJ USA,DOLLAR TREE
DOLLARS N THINGS 32 313 SMITH HAVEN MALL LAKE GROVE 11755-1201NY USA,DOLLARS N THINGS
DOLLARTREE 435 STATE ROUTE 34 MATAWAN 07747 NJ USA,DOLLAR TREE
DOLLARTREE 524 ROUTE 35 RED BANK 07701 NJ USA,DOLLAR TREE
DOMIN0S_PIZZA752 03/28 #XXXXX2752 PURCHASE PIZZA ANN ARBOR MI,Domino's
DOMINO'S 4558 366 BROAD ST 732-703-0431 07735 NJ USA,Domino's
DOMINOS 05/16 #XXXXX3456 PURCHASE FOOD TULSA OK,Domino's
DOMINOS 07/11 #XXXXX9012 PURCHASE FOOD LINCOLN NE,Domino's
DOMINOS 09/05 #XXXXX5678 PURCHASE FOOD SALEM OR,Domino's
DOMINOS 10/01 #XXXXX8901 PURCHASE FOOD ANN ARBOR MI,Domino's
DOMINOS 4558 309A ROUTE 35 CLIFFWOOD 07721 NJ USA,Domino's
DOMINOS123 02/15 #XXXXX4567 PURCHASE PIZZA SAN FRANCISCO CA,Domino's
DOMINOS123 07/05 #XXXXX4567 PURCHASE CHEESY MIAMI FL,Domino's
DOMINOS123 09/02 PURCHASE ANN ARBOR MI,Domino's
DOMINOS321 06/15 #XXXXX4567 PURCHASE CHEESY MIAMI FL,Domino's
DOMINOS345 02/22 PURCHASE ANN ARBOR MI,Domino's
DOMINOS345 05/29 PURCHASE ANN ARBOR MI,Domino's
DOMINOS456 04/13 #XXXXX4567 PURCHASE PIZZA DENVER CO,Domino's
DOMINOS456 05/06 #XXXXX2345 PURCHASE PASTA SAN DIEGO CA,Domino's
DOMINOS789 01/06 #XXXXX9012 PURCHASE PIZZA SEATTLE WA,Domino's
DOMINOS789 07/16 PURCHASE ANN ARBOR MI,Domino's
DOMINOS987 06/18 #XXXXX2345 PURCHASE PIZZA MIAMI FL,Domino's
DOMINOS_PZA147 11/16 PURCHASE PIZZA CHICAGO IL,Domino's
DOMINOS_PZA741 05/24 PURCHASE PIZZA BOSTON MA,Domino's
DOMINOS_PZA963 08/20 PURCHASE PIZZA SEATTLE WA,Domino's
DOORDASH DES:FOOD DELIV ID:DOORDASH1234 INDN:MICHAEL WILSON CO ID:DOORDASHDE56 WEB,DoorDash
DOORDASH DES:FOOD DELIV ID:DOORDASH5678 INDN:MICHAEL DAVIS CO ID:DOORDASHDE90 WEB,DoorDash
DOORDASH DES:FOOD DELIV ID:DOORDASH7890 INDN:DAVID WILSON CO ID:DOORDASHDE12 WEB,DoorDash
DOORDASH*CROWN FRIED C303 2ND STREETSUITE 800 SAN FRANCISCO94107 CA USA,DoorDash CROWN FRIED CHICKEN
DOORDASH*MCDONALDS 303 2ND STREETSUITE 800 SAN FRANCISCO94107 CA USA,DoorDash McDonald's
DOORDASH*ROUND PIE PIZ303 2ND STREETSUITE 800 SAN FRANCISCO94107 CA USA,DoorDash ROUND PIE PIZZA
DOORDASH.COM/BILL 04/27 PURCHASE 855-973-1040 CA,DoorDash
DOORDASH.COM/BILL 09/15 PURCHASE 855-973-1040 CA,DoorDash
DOORDASH012 01/21 #XXXXX9012 PURCHASE FOOD SAN FRANCISCO CA,DoorDash
DOORDASH123 01/12 PURCHASE SAN FRANCISCO CA,DoorDash
DOORDASH123 05/05 PURCHASE DALLAS TX,DoorDash
DOORDASH123 08/13 PURCHASE NEW YORK NY,DoorDash
DOORDASH123 11/26 PURCHASE OMAHA NE,DoorDash
DOORDASH234 06/14 #XXXXX5678 PURCHASE FOOD SAN FRANCISCO CA,DoorDash
DOORDASH321 01/10 PURCHASE LOS ANGELES CA,DoorDash
DOORDASH321 01/25 PURCHASE LAREDO TX,DoorDash
DOORDASH321 02/24 PURCHASE SPOKANE WA,DoorDash
DOORDASH321 05/30 PURCHASE BOSTON MA,DoorDash
DOORDASH321 10/03 PURCHASE DENVER CO,DoorDash
DOORDASH321 10/27 PURCHASE LOS ANGELES CA,DoorDash
DOORDASH321 11/26 PURCHASE DENVER CO,DoorDash
DOORDASH321 12/26 PURCHASE TAMPA FL,DoorDash
DOORDASH456 03/10 #XXXXX7890 PURCHASE FOOD SAN FRANCISCO CA,DoorDash
DOORDASH456 03/19 PURCHASE HOUSTON TX,DoorDash
DOORDASH456 08/16 PURCHASE PHILADELPHIA PA,DoorDash
DOORDASH654 02/16 PURCHASE AUSTIN TX,DoorDash
DOORDASH654 04/25 PURCHASE TEMPE AZ,DoorDash
DOORDASH654 06/04 PURCHASE BOSTON MA,DoorDash
DOORDASH654 09/07 PURCHASE PORTLAND OR,DoorDash
DOORDASH654 10/27 PURCHASE HOUSTON TX,DoorDash
DOORDASH654 11/21 PURCHASE SAN FRANCISCO CA,DoorDash
DOORDASH789 04/11 PURCHASE SAN FRANCISCO CA,DoorDash
DOORDASH789 05/24 PURCHASE NEW YORK NY,DoorDash
DOORDASH789 07/19 PURCHASE PHILADELPHIA PA,DoorDash
DOORDASH789 09/09 PURCHASE SEATTLE WA,DoorDash
DOORDASH789 10/25 PURCHASE LAS VEGAS NV,DoorDash
DOORDASH789 11/20 PURCHASE ORLANDO FL,DoorDash
DOORDASH890 04/27 #XXXXX6789 PURCHASE FOOD SAN FRANCISCO CA,DoorDash
DOORDASH987 03/06 PURCHASE SEATTLE WA,DoorDash
DOORDASH987 07/04 PURCHASE BOSTON MA,DoorDash
DOORDASH987 08/10 PURCHASE HOUSTON TX,DoorDash
DOORDASH987 10/02 PURCHASE CHICAGO IL,DoorDash
DOORDASH987 12/16 PURCHASE SAN DIEGO CA,DoorDash
DOORDASHBURGERKING 06/30 PURCHASE 855-973-1040 CA,DoorDash
DOORDASHKFC 05/17 PURCHASE 855-973-1040 CA,DoorDash
DOORDASHKFC 09/26 PURCHASE 855-973-1040 CA,DoorDash
DOORDASHWENDYS 04/14 PURCHASE 855-973-1040 CA,DoorDash
DOORDASHWENDYS 08/13 PURCHASE 855-973-1040 CA,DoorDash
DORDSHFD135 10/08 #XXXXX765432 PURCHASE DOORDASH.COM CA,DoorDash
DORDSHFD135 10/20 #XXXXX765432 PURCHASE DOORDASH.COM CA,DoorDash
DORDSHFD135 11/03 #XXXXX765432 PURCHASE DOORDASH.COM CA,DoorDash
DROPBOX PRO 02/13 #XXXXX8901 PURCHASE SUBSCR SAN FRANCISCO CA,Dropbox
DROPBOX PRO 10/16 #XXXXX8901 PURCHASE SUBSCR SAN FRANCISCO CA,Dropbox
DROPBOX.COM/BILL 05/23 PURCHASE 415-986-7057 CA,Dropbox
DROPBOX.COM/BILL 12/10 PURCHASE 415-986-7057 CA,Dropbox
DS SERVICES STANDARD C2300 WINDY RIDGE PKW 800-4928377 30339-5665GA USA,DS SERVICES
DS SERVICES STANDARD C2300 WINDY RIDGE PKW ATLANTA 30339-5665GA USA,DS SERVICES
DUNKIN #307858 Q35 351 D MATAWAN RD MATAWAN 07747 NJ USA,Dunkin' Donuts
DUNKIN #337564 Q35 1076 RT 9 OLD BRIDGE 08857 NJ USA,Dunkin' Donuts
DUNKIN #337566 4 LAURENCE PARKWAY LAURENCE HARB08879 NJ USA,Dunkin' Donuts
DUNKIN #348586 Q35 80 H BETHANY RD HAZLET 07730 NJ USA,Dunkin' Donuts
DUNKIN #352022 Q35 107 ROUTE 35 KEYPORT 07735 NJ USA,Dunkin' Donuts
DUNKIN #353841 Q35 492 JOLINE AVE UNIT#12 LONG BRANCH 07740 NJ USA,Dunkin' Donuts
DUNKIN #356422 428 WOODBRIDGE CENTER DR WOODBRIDGE 07095 NJ USA,Dunkin' Donuts
DUNKIN 04/18 #XXXXX5678 PURCHASE FOOD NEW YORK NY,Dunkin' Donuts
DUNKIN 11/18 #XXXXX2345 PURCHASE FOOD CANTON MA,Dunkin' Donuts
DUNKIN123 03/24 PURCHASE CANTON MA,Dunkin' Donuts
DUNKIN123 12/18 PURCHASE CANTON MA,Dunkin' Donuts
DUNKIN567 05/11 PURCHASE CANTON MA,Dunkin' Donuts
DUNKIN789 02/04 PURCHASE CANTON MA,Dunkin' Donuts
DUNKIN901 06/28 PURCHASE CANTON MA,Dunkin' Donuts
DUNKIN_DNTS258 06/23 #XXXXX5678 PURCHASE COFFEE ATLANTA GA,Dunkin' Donuts
DUNKIN_DNTS369 09/19 #XXXXX7890 PURCHASE COFFEE PORTLAND OR,Dunkin' Donuts
DUNKIN_DONUTS321 07/30 #XXXXX3456 PURCHASE COFFEE CHICAGO IL,Dunkin' Donuts
DUNKIN_DONUTS321 10/13 #XXXXX3456 PURCHASE COFFEE SEATTLE WA,Dunkin' Donuts
DUNKIN_DONUTS321 12/27 #XXXXX3456 PURCHASE COFFEE ORLANDO FL,Dunkin' Donuts
DUNKIN_DONUTS654 08/24 #XXXXX3456 PURCHASE COFFEE LOS ANGELES CA,Dunkin' Donuts
DUNKIN_DONUTS654 11/07 #XXXXX3456 PURCHASE COFFEE PORTLAND OR,Dunkin' Donuts
DUNKIN_DONUTS987 07/05 #XXXXX3456 PURCHASE COFFEE BOSTON MA,Dunkin' Donuts
DUNKIN_DONUTS987 09/18 #XXXXX3456 PURCHASE COFFEE SAN FRANCISCO CA,Dunkin' Donuts
DUNKN_DNTS147 08/01 #XXXXX3456 PURCHASE COFFEE SEATTLE WA,Dunkin' Donuts
DUNKN_DNTS258 10/28 #XXXXX5678 PURCHASE COFFEE CHICAGO IL,Dunkin' Donuts
DUNKN_DNTS369 11/21 #XXXXX3456 PURCHASE COFFEE PORTLAND OR,Dunkin' Donuts
DUNKN_DNTS963 05/05 #XXXXX2345 PURCHASE COFFEE BOSTON MA,Dunkin' Donuts
DWAYNES PHOTO 415 S. 32ND STREET PARSONS 67357 KS USA,DWAYNES PHOTO
DWAYNES PHOTO 415 S. 32ND STREET PARSONS 67357 KS USA (RETURN),DWAYNES PHOTO
Daily Cash Adjustment, 
Daily Cash Adjustment - 43/00, 
Daily Cash Adjustment - 75/51, 
Daily Cash Adjustment - 93/63, 
EA.COM/BILL 11/24 PURCHASE 866-543-5435 CA,Electronic Arts
ECOSHIELD NEW JERSEY 888-7441284 NJ,ECOSHIELD
EDMENTUM,EDMENTUM
EL POLLO LOCO 03/24 #XXXXX0123 PURCHASE FOOD COSTA MESA CA,El Pollo Loco
EMIR HALAL PRODUCTS 69-80 75TH STREET MIDDLEVILLAGE11379 NY USA,EMIR HALAL
ESCAPOLOGY 101 CRAWFORDS CORNER RD HOLMDEL 07733 NJ USA,ESCAPOLOGY
ESCAPOLOGY HOLMDEL 101 CRAWFORDS CORNER ROAD HOLMDEL 07733 NJ USA,ESCAPOLOGY
ESPN+ 06/02 PURCHASE BRISTOL CT,ESPN
ETIHAD AI6072404214034KHALIFA CITY A ABU DHABI 35566 AREPAK,ETIHAD AIRWAYS
ETIHAD AI6072404214035KHALIFA CITY A ABU DHABI 35566 AREPAK,ETIHAD AIRWAYS
ETIHAD AI6072404214036KHALIFA CITY A ABU DHABI 35566 AREPAK,ETIHAD AIRWAYS
ETIHAD AI6074411756340KHALIFA CITY A ABU DHABI 35566 AREPAK,ETIHAD AIRWAYS
ETIHAD AI6074411756341KHALIFA CITY A ABU DHABI 35566 AREPAK,ETIHAD AIRWAYS
ETIHAD AI6074411756342KHALIFA CITY A ABU DHABI 35566 AREPAK,ETIHAD AIRWAYS
ETIHAD AI6074411756343KHALIFA CITY A ABU DHABI 35566 AREPAK,ETIHAD AIRWAYS
ETIHAD AI6074411756344KHALIFA CITY A ABU DHABI 35566 AREPAK,ETIHAD AIRWAYS
ETIHAD AI6074411756345KHALIFA CITY A ABU DHABI 35566 AREPAK,ETIHAD AIRWAYS
ETSY DES:PURCHASE ID:ETSY9012 INDN:SOPHIA LEE CO ID:ETSYPU3456 WEB,Etsy
ETSY.COM - HAUTEDEZIN 117 ADAMS STREET 844-6593879 11201 NY USA,Etsy
ETSY.COM - ISLOOU 117 ADAMS STREET 844-6593879 11201 NY USA,Etsy
ETSY.COM - MULTIPLE SH117 ADAMS STREET 844-6593879 11201 NY USA,Etsy
ETSY.COM - MYDREAMSOAP117 ADAMS ST BROOKLYN 11201 NY USA (RETURN),Etsy
ETSY.COM - MYDREAMSOAP117 PROSPECT ST BROOKLYN 11201 NY USA,Etsy
ETSY.COM - REDLEAFWHOL117 ADAMS STREET 844-6593879 11201 NY USA,Etsy
ETSY.COM - REDLEAFWHOL117 ADAMS STREET 844-6593879 11201 NY USA (RETURN),Etsy
EVERNOTE.COM/BILL 01/07 PURCHASE 888-387-6683 CA,Evernote
EVERNOTE.COM/BILL 06/24 PURCHASE 888-387-6683 CA,Evernote
EXL PREP,EXL PREP
EXPEDIA ****************** EXPEDIA GROUP WAY W EXPEDIA.COM ***** WA USA,EXPEDIA
EXPEDIA 722931240786951111 EXPEDIA GROUP WAY W EXPEDIA.COM 98119 WA USA (RETURN),EXPEDIA
EXPEDIA 722968242954891111 EXPEDIA GROUP WAY W EXPEDIA.COM 98119 WA USA (RETURN),EXPEDIA
EXPEDIA 723082923316271111 EXPEDIA GROUP WAY W EXPEDIA.COM 98119 WA USA (RETURN),EXPEDIA
EXPEDIA 728139608954521111 EXPEDIA GROUP WAY W EXPEDIA.COM 98119 WA USA,EXPEDIA
EXPEDIA 728229694444961111 EXPEDIA GROUP WAY W EXPEDIA.COM 98119 WA USA,EXPEDIA
EXPEDIA 728229756340141111 EXPEDIA GROUP WAY W EXPEDIA.COM 98119 WA USA,EXPEDIA
EXPEDIA 7486692096681 333 108TH AVE NE EXPEDIA.COM 98004 WA USA,EXPEDIA
EXPEDIA 7486692096681 333 108TH AVE NE EXPEDIA.COM 98004 WA USA (RETURN),EXPEDIA
EXPEDIA 7486693447215 333 108TH AVE NE EXPEDIA.COM 98004 WA USA,EXPEDIA
EXPEDIA 7486693447215 333 108TH AVE NE EXPEDIA.COM 98004 WA USA (RETURN),EXPEDIA
EXPEDIA 7486760136907 333 108TH AVE NE EXPEDIA.COM 98004 WA USA,EXPEDIA
EXPEDIA DES:TRAVEL ID:EXPEDIA5678 INDN:OLIVIA WILSON CO ID:EXPEDIARE90 WEB,EXPEDIA
EXPEDIA DES:TRAVEL ID:EXPEDIA9012 INDN:EMMA JOHNSON CO ID:EXPEDIARE34 WEB,EXPEDIA
EXPRESSVPN.COM/BILL 01/22 PURCHASE 624-555-8005 US,ExpressVPN
EXPRESSVPN.COM/BILL 01/27 PURCHASE +1 8772526768 US,ExpressVPN
EXPRESSVPN.COM/BILL 04/12 PURCHASE 404-555-4665 US,ExpressVPN
EXPRESSVPN.COM/BILL 07/22 PURCHASE 888-555-3456 UK,ExpressVPN
EXPRESSVPN.COM/BILL 10/26 PURCHASE 866-555-0789 US,ExpressVPN
EXXON EASTON GAS CORP 1830 EASTON AVE SOMERSET 08873 NJ USA,Exxon Mobil
EXXON G &amp; J OF NEW JER150 ROUTE 46 HACKETTSTOWN 07840 NJ USA,Exxon Mobil
EXXON MOBIL 01/11 PURCHASE IRVING TX,Exxon Mobil
EXXON MOBIL 04/17 PURCHASE IRVING TX,Exxon Mobil
EXXON MOBIL 04/17 PURCHASE WASHINGTON DC,Exxon Mobil
EXXON MOBIL 07/22 PURCHASE IRVING TX,Exxon Mobil
EXXON MOBIL 08/19 PURCHASE IRVING TX,Exxon Mobil
EXXON MOBIL 09/08 PURCHASE IRVING TX,Exxon Mobil
EXXON MOBIL 10/02 PURCHASE JACKSONVILLE FL,Exxon Mobil
EXXON MOBIL 10/19 PURCHASE JACKSONVILLE FL,Exxon Mobil
EXXONMOBIL 03/22 PURCHASE NEW YORK NY,Exxon Mobil
EXXONMOBIL 05/16 PURCHASE DALLAS TX,Exxon Mobil
EXXONMOBIL 07/01 PURCHASE HOUSTON TX,Exxon Mobil
EXXONMOBIL 07/10 PURCHASE MIAMI FL,Exxon Mobil
EXXON_GAS963 06/07 #XXXXX9012 PURCHASE FUEL SEATTLE WA,Exxon Mobil
FAMILY DOLLAR #9338 2303 WOODBRIDGE AVE EDISON 08817 NJ USA,FAMILY DOLLAR
FAMILY DOLLAR 10/27 PURCHASE CHESAPEAKE VA,FAMILY DOLLAR
FAMILY DOLLAR 2303 WOODBRIDGE AVE EDISON 08817 NJ USA,FAMILY DOLLAR
FAMILY ENTERTAINMENT 1 AMERICAN DREAM WAY EAST RUTHERFO07073 NJ USA,AMERICAN DREAM MALL
FBHS GLOBALPLUMBINGGRP25300 AL MOEN DR 800-BUYMOEN 44070 OH USA,GLOBAL PLUMBING
FEDEX394193574773 COLLIERVILLE TN,FEDEX
FENDI.987 02/11 #XXXXX7983 PURCHASE LUXURY_GOODS ROME IT,Fendi
FENDIS_934 05/01 #XXXXX4930 PURCHASE APPAREL ROME IT,Fendi
FERRARRI_STORE_934 06/18 #XXXXX3935 PURCHASE LUXURY_BRAND MARANELLO IT,Ferrari Store
FERRERO_ROCHER_765 03/18 #XXXXX5765 PURCHASE CHOCOLATES ALBA IT,Ferrero Rocher
FID BKG SVC LLC,FIDELITY
FIFTH THIRD DDA TO DDA 3CYX4AUB0B WEB ID: OIY15G14ZU, 
FIFTH THIRD DDA TO DDA 8ETQ0T033E WEB ID: LH7OHOBDT8, 
FIFTH THIRD DDA TO DDA EL1QJBM7NL WEB ID: Q52NWUJCPF, 
FIFTH THIRD DDA TO DDA RM1UHB8NZF WEB ID: 11QCIJ2BVZ, 
FIFTH THIRD DDA TO DDA SALR2XU0HJ WEB ID: 049KC3WON3, 
FIFTH THIRD DDA TO DDA VZG33Y8LOL WEB ID: 3TPXSG2GQK, 
FIFTH THIRD DDA TO DDA Z1G4JX2R02 WEB ID: E1IOEEL6AJ, 
FIFTH THIRD LOAN PMT, 
FIREHOUSE SUBS 02/10 #XXXXX4567 PURCHASE FOOD JACKSONVILLE FL,Firehouse Subs
FIT N FEET. 40 MAIN STREET SUITE A MATAWAN 07747 NJ USA,FIT N FEET
FIVE BELOW 306 CROSSPOINTE TOWN SQUARE 25 WOODBRIDGE CE WOODBRIDGE 07095 NJ USA,FIVE BELOW
FIVE GUYS 02/16 #XXXXX2345 PURCHASE FOOD LORTON VA,Five Guys
FIVE GUYS 04/22 #XXXXX9012 PURCHASE FOOD SEATTLE WA,Five Guys
FIVE GUYS 07/03 #XXXXX1234 PURCHASE FOOD VIRGINIA BEACH VA,Five Guys
FIVE GUYS 08/28 #XXXXX7890 PURCHASE FOOD EUGENE OR,Five Guys
FIVE GUYS 10/12 #XXXXX1234 PURCHASE FOOD EUGENE OR,Five Guys
FIVE GUYS 10/28 #XXXXX7890 PURCHASE FOOD EUGENE OR,Five Guys
FIVEGUYS321 06/24 #XXXXX0123 PURCHASE BURGER SEATTLE WA,Five Guys
FIVEGUYS_BGR147 06/02 #XXXXX2345 PURCHASE BURGER CHICAGO IL,Five Guys
FIVEGUYS_BGR258 08/29 #XXXXX3456 PURCHASE BURGER PHOENIX AZ,Five Guys
FLAME KABOB HOUSE 986 EASTON AVE SOMERSET 08873 NJ USA,FLAME KABOB
FLYNN &amp; O HARA - 09.HO10905 DUTTON RD HOLMDEL 07733 NJ USA,FLYNN & O HARA
FLYNN &amp; O HARA - 09.HO10905 DUTTON RD HOLMDEL 07733 NJ USA (RETURN),FLYNN & O HARA
FLYNN &amp; O HARA - 09.HO2145 ROUTE 35 HOLMDEL 07733 NJ USA,FLYNN & O HARA
FLYNNOHARA UNIFORMS 10905 DUTTON RD 215-6374600 19154 PA USA,FLYNN & O HARA
FOOD 4 LESS 12/25 PURCHASE LAS VEGAS NV,Food 4 Less
FOOD AT ROYAL CHICKEN 1310 N 78TH TERRANCE 128 7327053328 66112 KS USA,ROYAL CHICKEN
FOOD AT* ROYAL CHICKEN7700 EASTPORT PARKWAY 7327053328 66112 KS USA,ROYAL CHICKEN
FOOD GYRO 250 WOODBRIDGE CENTER DR WOODBRIDGE 07095 NJ USA,GYRO
FOOD LION 01/31 PURCHASE SALISBURY NC,Food Lion
FOOD LION 05/14 PURCHASE CHARLOTTE NC,Food Lion
FOOD LION 05/26 PURCHASE RICHMOND VA,Food Lion
FOOD LION 06/27 PURCHASE GREENSBORO NC,Food Lion
FOOD LION 07/25 PURCHASE RALEIGH NC,Food Lion
FOOD LION 08/10 PURCHASE GREENSBORO NC,Food Lion
FOOD LION 09/23 PURCHASE GREENSBORO NC,Food Lion
FOOD LION 09/29 PURCHASE RICHMOND VA,Food Lion
FOOD LION 11/08 PURCHASE SALISBURY NC,Food Lion
FOOD LION 11/19 PURCHASE CHARLOTTE NC,Food Lion
FOODORA DES:FOOD ID:FOOD9012 INDN:EMMA SCHMIDT CO ID:FOODFD3456 WEB,Foodora
FOODORA123 03/07 PURCHASE BERLIN DE,Foodora
FOODORA654 06/17 PURCHASE BERLIN DE,Foodora
FOODPANDA DES:FOOD ID:FPAN9012 INDN:RAJESH KUMAR CO ID:FPANFD3456 WEB,Foodpanda
FOODPANDA123 02/11 PURCHASE HOUSTON TX,Foodpanda
FOODPANDA321 07/29 PURCHASE BERLIN DE,Foodpanda
FOOTLCKR_SHO147 01/03 #XXXXX2345 PURCHASE SNEAKERS ATLANTA GA,Foot Locker
FOOTLCKR_SHO147 02/12 #XXXXX2345 PURCHASE SNEAKERS ATLANTA GA,Foot Locker
FOOTLCKR_SHO147 03/24 #XXXXX2345 PURCHASE SNEAKERS ATLANTA GA,Foot Locker
FOOTLCKR_SHO369 09/06 #XXXXX7890 PURCHASE SNEAKERS ATLANTA GA,Foot Locker
FOOTLCKR_SHO963 12/14 #XXXXX2345 PURCHASE SNEAKERS ATLANTA GA,Foot Locker
FOOTLOCKER5438 02/15 PURCHASE SNEAKERS MIAMI FL,Foot Locker
FOREIGN TRANSACTION FEE, 
FOREIGN TRANSACTION FEE - 00/08, 
FOREIGN TRANSACTION FEE - 03/05, 
FOREIGN TRANSACTION FEE - 03/63, 
FOREIGN TRANSACTION FEE - 12/01, 
FOREIGN TRANSACTION FEE - 13/16, 
FOREIGN TRANSACTION FEE - 16/17, 
FOREIGN TRANSACTION FEE - 19/70, 
FOREIGN TRANSACTION FEE - 22/03, 
FOREIGN TRANSACTION FEE - 24/70, 
FOREIGN TRANSACTION FEE - 25/77, 
FOREIGN TRANSACTION FEE - 59/33, 
FOREIGN TRANSACTION FEE - 61/89, 
FOREIGN TRANSACTION FEE - 62/34, 
FOREIGN TRANSACTION FEE - 63/18, 
FOREIGN TRANSACTION FEE - 65/42, 
FOREIGN TRANSACTION FEE - 66/05, 
FOREIGN TRANSACTION FEE - 71/39, 
FOREIGN TRANSACTION FEE - 76/45, 
FOREIGN TRANSACTION FEE - 77/96, 
FOREIGN TRANSACTION FEE - 85/09, 
FOREVER LIVING PRODUCT7501 E MCCORMICH PKWY 888-4402563 85258 AZ USA,FOREVER LIVING
FRIENDLY VENDING 460 MAIN AVE WALLINGTON 07057 NJ USA,FRIENDLY
FRONTIER AIR 2791234567 05/15 PURCHASE 801-401-9000 CO,Frontier Airlines
FRONTIER AIR 2791234567 09/02 PURCHASE 801-401-9000 CO,Frontier Airlines
FROZENYOG3435 01/24 #XXXXX9857 PURCHASE TREAT PHOENIX AZ,Frozen Yogurt
FUNIMATION 07/05 PURCHASE FLOWER MOUND TX,Funimation
Fifth Third Brokerage Moneylink, 
Fifth Third Loan Pmt, 
Foreign Transaction Fee, 
Foreign Transaction Fee - 02/47, 
Foreign Transaction Fee - 21/25, 
Foreign Transaction Fee - 97/77, 
G2D_CHIPTLE777 03/04 #XXXXX7776 PURCHASE FOOD NEWPORT BEACH CA,Chipotle
GAP_CLTHNG147 08/21 #XXXXX1234 PURCHASE APPAREL DENVER CO,Gap
GAP_CLTHNG258 11/17 #XXXXX2345 PURCHASE APPAREL NEW YORK NY,Gap
GAP_CLTHNG963 05/25 #XXXXX9012 PURCHASE APPAREL SAN FRANCISCO CA,Gap
GA_ME_STOP561 05/15 #XXXXX1562 PURCHASE VIDEO_GAMES GRAPEVINE TX,Gamestop
GEICO *AUTO ONE GEICO PLAZA 800-841-3000 20076 DC USA,GEICO
GEICO *RECURING PMTS ONE GEICO PLAZA 800-841-3000 20076 DC USA,GEICO
GELATERIA ARTIGIANALE 10/13 PURCHASE ROME IT,Gelateria Artigianale
GENERAL PAYMENT: BANK OF AMERICA, 
GENERAL PAYMENT: FIFTH THIRD, 
GENERAL PAYMENT: JPMORGAN CHASE, 
GENERAL PAYMENT: PNC BANK, 
GENERAL PAYMENT: TD BANK, 
GENERAL PAYMENT: US BANK, 
GENERAL PAYMENT: WELLS FARGO, 
GERMAN DONER KEBAB 1 AMERICAN DREAM WAY EAST RUTHERFO07073 NJ USA,GERMAN DONER KEBAB
GERTRUDE HAWK CHOCOLAT9 KEYSTONE INDUSTRIAL PA 5703427556 18512 PA USA,GERTRUDE HAWK CHOCOLATE
GETT DES:RIDE ID:GETT1234 INDN:NATALYA PETROVA CO ID:GETTRI5678 WEB,Gett
GHOSTPATH.COM/BILL 09/24 PURCHASE 888-555-8901 US,GhostPath
GHOSTVPN.COM/BILL 01/02 PURCHASE 679-555-6340 US,GhostVPN
GHOSTVPN.COM/BILL 03/23 PURCHASE 459-555-3000 US,GhostVPN
GIANT EAGLE 02/12 PURCHASE PITTSBURGH PA,Giant Eagle
GIANT EAGLE 03/07 PURCHASE CLEVELAND OH,Giant Eagle
GIANT EAGLE 04/08 PURCHASE CLEVELAND OH,Giant Eagle
GIANT EAGLE 06/07 PURCHASE PITTSBURGH PA,Giant Eagle
GIANT EAGLE 06/22 PURCHASE PITTSBURGH PA,Giant Eagle
GIANT EAGLE 07/21 PURCHASE PITTSBURGH PA,Giant Eagle
GIANT EAGLE 09/03 PURCHASE PITTSBURGH PA,Giant Eagle
GIANT EAGLE 11/14 PURCHASE PITTSBURGH PA,Giant Eagle
GIRL SCOUT COOKIES 7700 EASTPORT PARKWAY 8555304467 48122 MI USA,GIRL SCOUTS
GIRL SCOUT COOKIES 7700 EASTPORT PARKWAY 8555304467 48122 MI USA REF1,GIRL SCOUTS
GIRL SCOUT COOKIES 7700 EASTPORT PARKWAY 8555304467 48122 MI USA REF2,GIRL SCOUTS
GIRL SCOUT COOKIES 7700 EASTPORT PARKWAY 8555304467 48122 MI USA REF3,GIRL SCOUTS
GIRL SCOUTS OF THE JER242 ADELPHIA RD FARMINGDALE 07727 NJ USA,GIRL SCOUTS
GIRL SCOUTS OF THE USA420 FIFTH AVE. NEW YORK 10018 NY USA,GIRL SCOUTS
GITHUB.COM/BILL 06/08 PURCHASE 877-448-4820 CA,GitHub
GIV*ST. BENEDICT 165 BETHANY ROAD 732-2644712 07733 NJ USA,St. Benedict
GIV*ST. BENEDICT 165 BETHANY ROAD HOLMDEL 07733 NJ USA,St. Benedict
GLOVO DES:FOOD ID:GLOV1234 INDN:ELENA POPESCU CO ID:GLOVFD5678 WEB,Glovo
GLOVO DES:FOOD ID:GLOV5678 INDN:MARIO ROSSI CO ID:GLOVFD9012 WEB,Glovo
GLOW EXPRESS CAR WASH 92 ROUTE 34 MATAWAN 07747 NJ USA,GLOW EXPRESS CAR WASH
GME235 01/31 #XXXXX5624 PURCHASE VIDEO_GAME GRAPEVINE TX,Gamestop
GODADDY.COM/BILL 06/20 PURCHASE 480-505-8877 AZ,GoDaddy
GOJEK DES:RIDE ID:GOJK1234 INDN:LISA TAN CO ID:GOJKRI5678 WEB,Gojek
GOOD FOOD BY UZMA 2070 US 1 NORTH BRUNSWI08902 NJ USA,GOOD FOOD BY UZMA
GOOGFIBER 10/14 PURCHASE MOUNTAIN VIEW CA,Google
GOOGLE *DONATIONS NFG 1600 AMPHITHEATRE PKWY G.CO/HELPPAY#94043 CA USA,Google
GOOGLE *GOOGLE STORE 1600 AMPHITHEATRE PKWY 855-836-3987 94043 CA USA,Google
GOOGLE *YOUTUBE SUPER 1600 AMPHITHEATRE PKWY G.CO/HELPPAY#94043 CA USA,YouTube Premium
GOOGLE *YOUTUBE VIDEOS1600 AMPHITHEATRE PKWY G.CO/HELPPAY#94043 CA USA,YouTube Premium
GOOGLE *YOUTUBEPREMIUM1600 AMPHITHEATRE PKWY 650-253-0000 94043 CA USA,YouTube Premium
GOOGLE *YOUTUBEPREMIUM1600 AMPHITHEATRE PKWY G.CO/HELPPAY#94043 CA USA,YouTube Premium
GOOGLE GOOGLE ONE GCOHELPPAY CA,Google
GOOGLE ONE 12/09 #XXXXX0123 PURCHASE SUBSCR MOUNTAIN VIEW CA,Google
GOOGLE_EXPRESS_982 07/26 #XXXXX2982 PURCHASE GROCERIES MOUNTAIN_VIEW CA,Google
GRAB DES:RIDE ID:GRAB5678 INDN:MARIA SANTOS CO ID:GRABRI9012 WEB,Grab
GRAB DES:RIDE ID:GRAB5678 INDN:SARAH WONG CO ID:GRABRI9012 WEB,Grab
GRAMMARLY CODTHDYJD 548 MARKET ST 35410 8883186146 94104 CA USA,Grammarly
GRAMMARLY.COM/BILL 06/28 PURCHASE 855-397-2495 CA,Grammarly
GRAMMARLY.COM/BILL 12/14 PURCHASE 844-472-6627 CA,Grammarly
GRUBHB*DLVRY741 11/06 #XXXXX3456 PURCHASE FOOD SAN FRANCISCO CA,Grubhub
GRUBHB789 10/13 #XXXXX987654 PURCHASE GRUBHUB.COM IL,Grubhub
GRUBHBDLVRY258 05/14 #XXXXX1234 PURCHASE FOOD CHICAGO IL,Grubhub
GRUBHBDLVRY369 08/10 #XXXXX2345 PURCHASE FOOD PHOENIX AZ,Grubhub
GRUBHUB 08/14 #XXXXX3456 PURCHASE FOOD CHICAGO IL,Grubhub
GRUBHUB DES:FOOD DELIV ID:GRUBHUB1234 INDN:EMMA TAYLOR CO ID:GRUBHUBDE56 WEB,Grubhub
GRUBHUB DES:FOOD DELIV ID:GRUBHUB3456 INDN:EMILY TAYLOR CO ID:GRUBHUBDE78 WEB,Grubhub
GRUBHUB DES:FOOD DELIV ID:GRUBHUB5678 INDN:EMMA DAVIS CO ID:GRUBHUBDE90 WEB,Grubhub
GRUBHUB DES:FOOD ID:GRUB1234 INDN:KEVIN PATEL CO ID:GRUBFD5678 WEB,Grubhub
GRUBHUB*TACO PALACE 1065 AVENUE OF THE AMERI 8775851085 10018 NY USA,Grubhub
GRUBHUB.COM/BILL 04/20 PURCHASE 877-585-1085 IL,Grubhub
GRUBHUB.COM/BILL 08/24 PURCHASE 877-585-1085 IL,Grubhub
GRUBHUB012 03/16 #XXXXX6789 PURCHASE FOOD CHICAGO IL,Grubhub
GRUBHUB123 03/01 PURCHASE PHILADELPHIA PA,Grubhub
GRUBHUB123 03/30 PURCHASE MIAMI FL,Grubhub
GRUBHUB123 09/07 PURCHASE SAN FRANCISCO CA,Grubhub
GRUBHUB123 10/18 PURCHASE BOSTON MA,Grubhub
GRUBHUB123 10/21 PURCHASE NEW YORK NY,Grubhub
GRUBHUB123 11/30 PURCHASE BOSTON MA,Grubhub
GRUBHUB321 05/30 PURCHASE HOUSTON TX,Grubhub
GRUBHUB321 07/09 PURCHASE NEW ORLEANS LA,Grubhub
GRUBHUB321 10/17 PURCHASE HOUSTON TX,Grubhub
GRUBHUB321 12/06 PURCHASE DENVER CO,Grubhub
GRUBHUB456 05/03 #XXXXX5678 PURCHASE FOOD CHICAGO IL,Grubhub
GRUBHUB456 06/29 PURCHASE DALLAS TX,Grubhub
GRUBHUB456 11/14 PURCHASE PORTLAND OR,Grubhub
GRUBHUB654 01/11 PURCHASE NEW YORK NY,Grubhub
GRUBHUB654 01/15 PURCHASE PLANO TX,Grubhub
GRUBHUB654 02/14 PURCHASE SCOTTSDALE AZ,Grubhub
GRUBHUB654 04/30 PURCHASE NEW ORLEANS LA,Grubhub
GRUBHUB654 07/17 PURCHASE PHOENIX AZ,Grubhub
GRUBHUB654 08/03 PURCHASE MIAMI FL,Grubhub
GRUBHUB654 09/03 PURCHASE LAS VEGAS NV,Grubhub
GRUBHUB654 10/17 PURCHASE SAN DIEGO CA,Grubhub
GRUBHUB654 12/31 PURCHASE CHICAGO IL,Grubhub
GRUBHUB789 06/14 PURCHASE AUSTIN TX,Grubhub
GRUBHUB890 06/20 #XXXXX3456 PURCHASE FOOD CHICAGO IL,Grubhub
GRUBHUB987 01/30 PURCHASE BOSTON MA,Grubhub
GRUBHUB987 03/16 PURCHASE MONTGOMERY AL,Grubhub
GRUBHUB987 03/25 PURCHASE LOS ANGELES CA,Grubhub
GRUBHUB987 05/15 PURCHASE EUGENE OR,Grubhub
GRUBHUB987 07/17 PURCHASE ATLANTA GA,Grubhub
GRUBHUB987 09/27 PURCHASE LOS ANGELES CA,Grubhub
GRUBHUB987 11/11 PURCHASE DALLAS TX,Grubhub
GRUBHUB987 11/16 PURCHASE INDIANAPOLIS IN,Grubhub
GRUBHUBBURGERKING 10/07 PURCHASE 877-585-1085 IL,Grubhub
GRUBHUBGOODFOODBYUZMA 1065 AVENUE OF THE AMERI 8775851085 10018 NY USA,Grubhub GOOD FOOD BY UZMA
GRUBHUBGOODFOODBYUZMA 1065 AVENUE OF THE AMERI 8775851085 10018 NY USA REF1,Grubhub GOOD FOOD BY UZMA
GRUBHUBGOODFOODBYUZMA 1065 AVENUE OF THE AMERI 8775851085 10018 NY USA REF2,Grubhub GOOD FOOD BY UZMA
GRUBHUBGOODFOODBYUZMA 1065 AVENUE OF THE AMERI 8775851085 10018 NY USA REF3,Grubhub GOOD FOOD BY UZMA
GRUBHUBJERSEYMIKES 1065 AVENUE OF THE AMERI 8775851085 10018 NY USA,Grubhub JERSEY MIKES
GRUBHUBMCDONALDS 1065 AVENUE OF THE AMERI 8775851085 10018 NY USA,Grubhub McDonald's
GRUBHUBPIZZAHUT 07/11 PURCHASE 877-585-1085 IL,Grubhub
GRUBHUBROUNDPIEPIZZAC 1065 AVENUE OF THE AMERI 8775851085 10018 NY USA,Grubhub ROUND PIE PIZZA
GRUBHUBSUBWAY 05/28 PURCHASE 877-585-1085 IL,Grubhub
GRUBHUBTACOBELL 04/25 PURCHASE 877-585-1085 IL,Grubhub
GRUBHUBTACOBELL 08/24 PURCHASE 877-585-1085 IL,Grubhub
GS CTRL & SOUTHERN NJ 99 OAK AVE CHERRY HILL 08034 NJ USA,GIRL SCOUTS
GS CTRL &amp; SOUTHERN NJ 40 BRACE ROAD CHERRY HILL 08034 NJ USA,GIRL SCOUTS
GS CTRL &amp; SOUTHERN NJ 40 BRACE ROAD CHERRY HILL 08034 NJ USA REF1,GIRL SCOUTS
GS CTRL &amp; SOUTHERN NJ 40 BRACE ROAD CHERRY HILL 08034 NJ USA REF2,GIRL SCOUTS
GS CTRL &amp; SOUTHERN NJ 40 BRACE ROAD CHERRY HILL 08034 NJ USA REF3,GIRL SCOUTS
GS OF THE JERSEY SHORE242 ADELPHIA ROAD FARMINDALE 07727 NJ USA,GIRL SCOUTS
GS OF THE JERSEY SHORE242 ADELPHIA ROAD FARMINDALE 07727 NJ USA REF1,GIRL SCOUTS
GS OF THE JERSEY SHORE242 ADELPHIA ROAD FARMINDALE 07727 NJ USA REF2,GIRL SCOUTS
GS OF THE JERSEY SHORE242 ADELPHIA ROAD FARMINDALE 07727 NJ USA REF3,GIRL SCOUTS
GS OF THE JERSEY SHORE999 MAIN ST FARMINGDALE 07727 NJ USA,GIRL SCOUTS
GUARDIAN TECHNOLOGIES 26251 BLUESTONE BLVD 866-603-5900 44132 OH USA,Grubhub TECHNOLOGIES
GUCCI_STYLE_738 06/04 #XXXXX3735 PURCHASE LUXURY_BRAND FLORENCE IT,Gucci
GULFSTREAM_PARK_339 06/16 #XXXXX9335 PURCHASE ENTERTAINMENT HALLANDALE_BEACH FL,Gulfstream Park
GUM.CO/CC* KALID AZAD 225 VALENCIA ST SUITE A 6502043486 94103 CA USA,GUM.CO
General Payment: FIFTH THIRD, 
General Payment: PNC BANK, 
General Payment: US BANK, 
General Payment: WELLS FARGO, 
General Payment: Wells Fargo, 
H MART AMERICAN DREAM 1 AMERICAN DREAM WAY LOT EAST RUTHERFO07073 NJ USA,AMERICAN DREAM MALL
H&amp;M0044 WOODBRIDGE CNTR DRIVE WOODBRIDGE 07095 NJ USA,H & M
H&amp;M0044 WOODBRIDGE CNTR DRIVE WOODBRIDGE 07095 NJ USA (RETURN),H & M
H-E-B 02/27 PURCHASE AUSTIN TX,H-E-B
H-E-B 11/11 PURCHASE SAN ANTONIO TX,H-E-B
HALAL EATZ 250 WOODBRIDGE CENTER DR WOODBRIDGE 07095 NJ USA,HALAL EATZ
HAMPTON INNS 510 SAW MILL RD WEST HAVEN 06516-4044CT USA,HAMPTON INNS
HANDYTOOLS_986 04/03 #XXXXX6987 PURCHASE HOMEWARE BISMARCK ND,HandyTools
HANNAFORD 03/14 PURCHASE SCARBOROUGH ME,Hannaford
HARRIS TEETER 01/01 PURCHASE MATTHEWS NC,Harris Teeter
HARRIS TEETER 03/31 PURCHASE CHARLOTTE NC,Harris Teeter
HARRIS TEETER 06/15 PURCHASE CHARLOTTE NC,Harris Teeter
HARRIS TEETER 07/08 PURCHASE CHARLOTTE NC,Harris Teeter
HARRIS TEETER 09/15 PURCHASE CHARLOTTE NC,Harris Teeter
HARRIS TEETER 12/17 PURCHASE CHARLOTTE NC,Harris Teeter
HAWAIIAN AIR 1731234567 09/24 PURCHASE 800-367-5320 HI,Hawaiian Airlines
HBO MAX 01/20 #XXXXX6789 PURCHASE SUBSCR NEW YORK NY,HBO
HBO MAX 03/28 PURCHASE NEW YORK NY,HBO
HBO MAX 08/29 #XXXXX4567 PURCHASE SUBSCR NEW YORK NY,HBO
HBO MAX 10/25 PURCHASE NEW YORK NY,HBO
HBO MAX.COM/BILL 10/27 PURCHASE 855-942-6629 NY,HBO
HBOMAX.COM/BILL 05/25 PURCHASE 855-942-6629 NY,HBO
HDFC BANK LTD.,HDFC BANK LTD.
HEB 05/20 PURCHASE SAN ANTONIO TX,H-E-B
HEB 08/27 PURCHASE AUSTIN TX,H-E-B
HEB_201 04/15 #XXXXX1202 PURCHASE GROCERIES SAN ANTONIO TX,H-E-B
HERSHEY PARK FOODS HERSHEY PA,HERSHEY PARK
HERSHEYPARK FB VENDOR HERSHEY PA,HERSHEY PARK
HIDEMYASS.COM/BILL 02/15 PURCHASE 558-555-0003 US,HideMyAss
HIDEMYASS.COM/BILL 03/12 PURCHASE +44 2033184168 UK,HideMyAss
HIDEMYASS.COM/BILL 08/27 PURCHASE 888-555-0123 UK,HideMyAss
HIDEMYASS.COM/BILL 11/27 PURCHASE 778-555-3343 US,HideMyAss
HLLSTR_CLTH147 05/13 #XXXXX5678 PURCHASE APPAREL PORTLAND OR,Hollister
HLLSTR_CLTH258 08/09 #XXXXX7890 PURCHASE APPAREL HOUSTON TX,Hollister
HLLSTR_CLTH369 11/05 #XXXXX6789 PURCHASE APPAREL BOSTON MA,Hollister
"HM.COM 110 FIFTH AVENUE, 11TH FLOOR NEW YORK 10011 NY USA",H & M
"HM.COM 110 FIFTH AVENUE, 11TH FLOOR NEW YORK 10011 NY USA (RETURN)",H & M
HM5790 02/17 #XXXXX9574 PURCHASE FASHION STOCKHOLM SE,H & M
HMEDPT_DIY258 07/13 #XXXXX2345 PURCHASE TOOLS SEATTLE WA,Home Depot
HMEDPT_DIY369 10/09 #XXXXX3456 PURCHASE TOOLS CHICAGO IL,Home Depot
HMEDPT_DIY741 04/16 #XXXXX1234 PURCHASE TOOLS HOUSTON TX,Home Depot
HMEDPT_STR789 02/01 #XXXXX4567 PURCHASE DIY SEATTLE WA,Home Depot
HOBBYSTORE_247 03/26 #XXXXX4243 PURCHASE HOBBY_SUPPLIES AMARILLO TX,Hobby Store
HOLIDAY STATIONSTORES 09/19 PURCHASE MINNEAPOLIS MN,Holiday Station Stores
"HOLISTIC HEALTH LABS RM 907, SILVERCORD TOWER 2, 30 CANTON RD HK 7001 HKGHKG",HOLISTIC HEALTH LABS
"HOLISTIC LABS ROOM 907, SILVERCORD TOWE 3123240024 0000000000HKGHKG",HOLISTIC HEALTH LABS
"HOLISTICLAB ROOM 907, SILVERCORD TOWE 3123240024 0000000000HKGHKG",HOLISTIC HEALTH LABS
HOME DEPOT 12/06 PURCHASE ATLANTA GA,Home Depot
HOME DPOT #0165 10/04 #XXXXX735620 PURCHASE HOME DPOT #0165 AUSTIN TX,Home Depot
HOMEDEPOT.COM 2455 PACES FERRY ROAD 800-430-3376 303390000 GA USA,Home Depot
HOMEDPT456 08/22 PURCHASE ATLANTA GA,Home Depot
HOMEDPT_DIY147 06/15 #XXXXX2345 PURCHASE TOOLS HOUSTON TX,Home Depot
HOMEDPT_DIY258 09/11 #XXXXX3456 PURCHASE TOOLS BOSTON MA,Home Depot
HOMEDPT_DIY369 11/29 #XXXXX3456 PURCHASE TOOLS BOSTON MA,Home Depot
HOMEDPT_DIY741 12/19 #XXXXX9012 PURCHASE TOOLS BOSTON MA,Home Depot
HOMEDPT_DIY963 01/08 #XXXXX9012 PURCHASE TOOLS BOSTON MA,Home Depot
HOMEDPT_DIY963 01/28 #XXXXX9012 PURCHASE TOOLS BOSTON MA,Home Depot
HOMEDPT_STR654 05/14 #XXXXX0123 PURCHASE DIY ORLANDO FL,Home Depot
HOMEDPT_STR654 07/25 #XXXXX6789 PURCHASE DIY ORLANDO FL,Home Depot
HOMEDPT_STR789 03/09 #XXXXX2345 PURCHASE DIY SEATTLE WA,Home Depot
HOMEGOODS #293 43 WOODBRIDGE CENTER DR WOODBRIDGE 07095 NJ USA,HOMEGOODS
HOMEGOODS #293 43 WOODBRIDGE CENTER DR WOODBRIDGE 07095 NJ USA (RETURN),HOMEGOODS
HONDA PMT,HONDA
HOTSPOTSHIELD.COM/BILL 03/04 PURCHASE 800-409-1363 US,HotSpot Shield
HOTSPOTSHIELD.COM/BILL 09/04 PURCHASE 888-555-8901 US,HotSpot Shield
HOTSPOTSHIELD.COM/BILL 12/17 PURCHASE 723-555-5008 US,HotSpot Shield
HULU 01/02 #XXXXX2345 PURCHASE SUBSCR LOS ANGELES CA,Hulu
HULU.COM 10/07 PURCHASE LOS ANGELES CA,Hulu
HULU.COM 10/19 PURCHASE LOS ANGELES CA,Hulu
HULU.COM 10/26 PURCHASE LOS ANGELES CA,Hulu
HULU.COM 11/02 PURCHASE LOS ANGELES CA,Hulu
HULU.COM/BILL 02/16 PURCHASE 888-265-6650 CA,Hulu
HULU.COM/BILL 03/06 PURCHASE 888-265-6650 CA,Hulu
HULU.COM/BILL 06/22 PURCHASE 888-265-6650 CA,Hulu
HULU.COM/BILL 10/01 PURCHASE 888-265-6650 CA,Hulu
HULU.COM/BILL 10/07 PURCHASE 888-265-6650 CA,Hulu
HULU.COM/CHARGE 09/10 PURCHASE 877-265-5077 CA,Hulu
HULU123 09/06 #XXXXX5678 PURCHASE SUBSCR SANTA MONICA CA,Hulu
HULU234 02/26 #XXXXX1234 PURCHASE SUBSCR SANTA MONICA CA,Hulu
HULU234 05/09 #XXXXX3456 PURCHASE SUBSCR SANTA MONICA CA,Hulu
HULU246 08/11 #XXXXX9012 PURCHASE SUBSCR LOS ANGELES CA,Hulu
HULU456 01/15 #XXXXX1234 PURCHASE SUBSCR SANTA MONICA CA,Hulu
HULU567 06/17 #XXXXX9012 PURCHASE SUBSCR SANTA MONICA CA,Hulu
HULU678 04/09 #XXXXX1234 PURCHASE SUBSCR SANTA MONICA CA,Hulu
HUMA BEAUTY SALON 777 WASHINGTON RD PARLIN 08859 NJ USA,HUMA BEAUTY SALON
HUMA BEAUTY SALON LLC 777 WASHINGTON RD PARLIN 08859 NJ USA,HUMA BEAUTY SALON
HY-VEE 05/22 PURCHASE DES MOINES IA,Hy-Vee
HY-VEE 07/13 PURCHASE DES MOINES IA,Hy-Vee
HY-VEE 08/26 PURCHASE DES MOINES IA,Hy-Vee
HY-VEE 10/26 PURCHASE DES MOINES IA,Hy-Vee
HY-VEE INC 02/18 PURCHASE WEST DES MOINES IA,Hy-Vee
HY-VEE INC 11/26 PURCHASE WEST DES MOINES IA,Hy-Vee
HYUNDAI BLUE LINK RENE34115 W 12 MILE ROAD 8552258354 48331 MI USA,HYUNDAI BLUE LINK
HYUNDAI BLUE LINK RENE44201 NOBEL DR 8007470583 94538 CA USA,HYUNDAI BLUE LINK
HYUNDAI/GENESIS BLINK 10550 TALBERT AVE 8552258354 92708 CA USA,HYUNDAI BLUE LINK
HYUNDAI/GENESIS BLINK 10550 TALBERT AVE 8552258354 92708 CA USA (RETURN),HYUNDAI BLUE LINK
IBBY'S FALAFEL 303 GROVE STREET JERSEY CITY 07302 NJ USA,IBBY'S FALAFEL
ICE CREAM MONSTER 347 B MATAWAN ROAD MATAWAN 07747 NJ USA,ICE CREAM MONSTER
ICP*HEAD OVER HEELS 287 CHEESEQUAKE ROAD - UNIT C PARLIN 08859 NJ USA,HEAD OVER HEELS
ICY MELON (EDISON) 224 S MICHIGAN AVESUITE 400 CHICAGO 60604 IL USA,ICY MELON
IHOP Gift Card $25,IHOP
IKEA.469 02/15 #XXXXX9463 PURCHASE FURNITURE ALMHULT SE,IKEA
IKEA234 07/01 PURCHASE CONSHOHOCKEN PA,IKEA
IKEA456 12/21 PURCHASE CONSHOHOCKEN PA,IKEA
IKEA678 08/18 PURCHASE CONSHOHOCKEN PA,IKEA
IKEA890 05/14 PURCHASE CONSHOHOCKEN PA,IKEA
IKEA_FRNTR147 07/25 #XXXXX7890 PURCHASE FURNITURE ORLANDO FL,IKEA
IKEA_FRNTR258 10/21 #XXXXX6789 PURCHASE FURNITURE DALLAS TX,IKEA
IKEA_FRNTR321 07/01 #XXXXX4567 PURCHASE FURNITURE CHICAGO IL,IKEA
IKEA_FRNTR369 12/11 #XXXXX6789 PURCHASE FURNITURE DALLAS TX,IKEA
IKEA_FRNTR654 02/19 #XXXXX8901 PURCHASE FURNITURE BOSTON MA,IKEA
IKEA_FRNTR741 01/20 #XXXXX6789 PURCHASE FURNITURE DALLAS TX,IKEA
IKEA_FRNTR741 02/09 #XXXXX6789 PURCHASE FURNITURE DALLAS TX,IKEA
IKEA_FRNTR741 12/31 #XXXXX6789 PURCHASE FURNITURE DALLAS TX,IKEA
IKEA_FRNTR963 04/28 #XXXXX5678 PURCHASE FURNITURE CHICAGO IL,IKEA
IKEA_FRNTR987 04/26 #XXXXX6789 PURCHASE FURNITURE DALLAS TX,IKEA
IMAMIA MEDICS INTERNAT18 WYNWOOD DR PRINCETON JUN08550 NJ USA,IMAMIA MEDICS
IN *OXFORD CONTRACTING,OXFORD CONTRACTING
IN-N-OUT 01/17 #XXXXX2345 PURCHASE FOOD IRVINE CA,In-N-Out Burger
INGLES MARKET 01/07 PURCHASE BLACK MOUNTAIN NC,Ingles Market
INGLES MARKET 03/26 PURCHASE BLACK MOUNTAIN NC,Ingles Market
INNOUT654 03/26 #XXXXX0123 PURCHASE BURGER WASHINGTON DC,In-N-Out Burger
INSTACART 03/01 #XXXXX5678 PURCHASE FOOD SAN FRANCISCO CA,Instacart
INSTACART 06/05 #XXXXX2345 PURCHASE FOOD SAN FRANCISCO CA,Instacart
INSTACART 07/23 #XXXXX1234 PURCHASE FOOD SAN FRANCISCO CA,Instacart
INSTACART 09/09 #XXXXX9012 PURCHASE FOOD SAN FRANCISCO CA,Instacart
INSTACART 09/13 #XXXXX4567 PURCHASE FOOD SAN FRANCISCO CA,Instacart
INSTACART DES:GROC ID:INST9012 INDN:DAVID CHEN CO ID:INSTGR3456 WEB,Instacart
INSTACART DES:GROCERY ID:INSTACART1234 INDN:DANIEL BROWN CO ID:INSTCARTDE56 WEB,Instacart
INSTACART DES:GROCERY ID:INSTACART5678 INDN:DAVID WILSON CO ID:INSTCARTDE90 WEB,Instacart
INSTACART.COM/BILL 12/29 PURCHASE 888-246-7822 CA,Instacart
INSTACART123 01/05 PURCHASE CHICAGO IL,Instacart
INSTACART321 07/24 PURCHASE WASHINGTON DC,Instacart
INSTACART321 10/07 PURCHASE DENVER CO,Instacart
INSTACART321 12/21 PURCHASE SAN FRANCISCO CA,Instacart
INSTACART654 05/06 PURCHASE SEATTLE WA,Instacart
INSTACART654 06/04 PURCHASE NEW YORK NY,Instacart
INSTACART654 08/18 PURCHASE PHILADELPHIA PA,Instacart
INSTACART654 10/01 PURCHASE BOSTON MA,Instacart
INSTACART654 10/27 PURCHASE ATLANTA GA,Instacart
INSTACART654 10/27 PURCHASE PORTLAND OR,Instacart
INSTACART654 11/01 PURCHASE CHICAGO IL,Instacart
INSTACART789 01/24 PURCHASE LAS VEGAS NV,Instacart
INSTACART987 02/28 PURCHASE WASHINGTON DC,Instacart
INSTACART987 09/12 PURCHASE SEATTLE WA,Instacart
INTEREST PAYMENT, 
IPVANISH.COM/BILL 02/08 PURCHASE 800-591-5241 US,IPVanish
IPVANISH.COM/BILL 02/11 PURCHASE 569-555-9670 US,IPVanish
IPVANISH.COM/BILL 08/03 PURCHASE 888-555-6789 US,IPVanish
IXL FAMILY SUBSCRIPT 777 MARINERS ISLAND BLVD STE 6 650-372-4040 94404 CA USA,IXL
J &amp; G SALON SPA 165 WOOD AVE EDISON 08820 NJ USA,J & G SALON
J &amp; G SALON SPA 165 WOOD AVENUE EDISON 08820 NJ USA,J & G SALON
JACK IN THE BOX 02/04 #XXXXX6789 PURCHASE FOOD SAN DIEGO CA,Jack in the Box
JACK IN THE BOX 05/28 #XXXXX5678 PURCHASE FOOD FRESNO CA,Jack in the Box
JACKINTHEBOX321 03/02 #XXXXX8901 PURCHASE TACOS LAS VEGAS NV,Jack in the Box
JCKBOX147 12/22 #XXXXX9876 PURCHASE JUMPINJACK DENVER CA,Jack in the Box
JCKBOX369 12/22 #XXXXX9876 PURCHASE JUMPINJACK AUSTIN CA,Jack in the Box
JCKBOX654 01/22 #XXXXX9001 PURCHASE JUMPINJACK BAKERSFIELD CA,Jack in the Box
JCKBOX654 02/22 #XXXXX9002 PURCHASE JUMPINJACK BAKERSFIELD CA,Jack in the Box
JCKBOX654 03/22 #XXXXX9003 PURCHASE JUMPINJACK BAKERSFIELD CA,Jack in the Box
JCKBOX654 12/22 #XXXXX9876 PURCHASE JUMPINJACK BAKERSFIELD CA,Jack in the Box
JCKBOX654 12/22 #XXXXX9876 PURCHASE JUMPINJACK PHOENIX CA,Jack in the Box
JCKBOX741 12/22 #XXXXX9876 PURCHASE JUMPINJACK SEATTLE CA,Jack in the Box
JCKBOX963 12/22 #XXXXX9876 PURCHASE JUMPINJACK BOSTON CA,Jack in the Box
JCPENNEY_789 02/02 #XXXXX1879 PURCHASE APPAREL PLANO TX,JCPenney
JENKINSON'S AQUARIUM 265 BOARDWALK PT. PLEASANT 08742 NJ USA,JENKINSON'S AQUARIUM
JENKINSON'S CANDY 300 OCEAN AVENUE PT. PLEASANT 08742 NJ USA,JENKINSON'S CANDY
JENKINSON'S PAVILLION 300 BOARDWALK PT. PLEASANT 08742 NJ USA,JENKINSON'S PAVILLION
JERICOS_DAIRY_576 05/31 #XXXXX6574 PURCHASE DAIRY_STORE WILMINGTON DE,Jerico's Dairy
JERRY_PC_ENTERPRISE789 01/09 #XXXXX4789 PURCHASE HARDWARE DALLAS TX,Jerry's PC Enterprise
JERSEY MIKES 02/22 #XXXXX0123 PURCHASE FOOD MANASQUAN NJ,Jersey Mike's
JETBLUE 2793795868 08/11 PURCHASE 800-538-2583 NY,JetBlue
JEWEL-OSCO 01/06 PURCHASE CHICAGO IL,Jewel-Osco
JIMMY JOHNS 11/30 #XXXXX8901 PURCHASE FOOD CHAMPAIGN IL,Jimmy John's
JOSTENS INC. 148 E BROADWAY 800-854-7464 55060 MN USA,JOSTENS INC.
JOSTENS INC. 148 E BROADWAY 800-854-7464 55060 MN USA (RETURN),JOSTENS INC.
JPMORGAN CHASE DDA TO DDA I29VE52JX0 WEB ID: QT897DIALK, 
JPMORGAN CHASE DDA TO DDA I9MEOAJYGT WEB ID: CQ5VKJXQ97, 
JPMORGAN CHASE DDA TO DDA RP60GL334H WEB ID: HMFG73FS42, 
JUICE AND DESSERT BAR 55 PARSONAGE RD #1895 EDISON 08837 NJ USA,JUICE AND DESSERT
JUMIA FOOD DES:FOOD ID:JUMI1234 INDN:KWAME OSEI CO ID:JUMIFD5678 WEB,Jumia Food
JUSTEAT321 05/18 PURCHASE MANCHESTER UK,Just Eat
JUSTEAT789 07/23 PURCHASE MANCHESTER UK,Just Eat
JUSTEAT987 03/01 PURCHASE MANCHESTER UK,Just Eat
JUSTGIVING.COM 312 SUTTER STREET 4159825788 94108 CA USA,JUSTGIVING.COM
J_CREW_283 06/06 #XXXXX3381 PURCHASE APPAREL NEW_YORK NY,J.Crew
JetBrains Americas INC 165-05772345 CA,JetBrains
Jpmorgan Chase Loan Pmt, 
Jpmorgan Chase Payment, 
KABAB PARADISE 60 S MAIN ST SOUTH BOUND B08880 NJ USA,KABAB PARADISE
KAKAO T DES:RIDE ID:KAKA1234 INDN:PARK MIN-JUN CO ID:KAKARI5678 WEB,Kakao T
KAKAO T DES:RIDE ID:KAKA9012 INDN:KIM MIN-SOO CO ID:KAKARI3456 WEB,Kakao T
KANDAHAR &amp; LOVELY REST1380 OAK TREE RD ISELIN 08830 NJ USA,KANDAHAR
KENDALL HUNT PUBLISHIN4050 WESTMARK DR 800-3388309 52002 IA USA,KENDALL HUNT PUBLISHING
KFC 05/20 #XXXXX7890 PURCHASE FOOD LOUISVILLE KY,KFC
KFC 07/19 #XXXXX7890 PURCHASE FOOD BATON ROUGE LA,KFC
KFC 09/13 #XXXXX3456 PURCHASE FOOD SPOKANE WA,KFC
KFC 800-CALL-KFC 09/23 PURCHASE 800-CALL-KFC KY,KFC
"KFC G135301 RT 36, AIRPORT PLAZA HAZLET 07730 NJ USA",KFC
KFC123 04/06 #XXXXX2345 PURCHASE POPCORN HOUSTON TX,KFC
KFC456 02/25 #XXXXX3456 PURCHASE BUCKET DENVER CO,KFC
KFC654 05/16 #XXXXX4567 PURCHASE SANDWICH ATLANTA GA,KFC
KFC654 06/12 #XXXXX4567 PURCHASE CHICKEN HOUSTON TX,KFC
KFC654 07/02 #XXXXX3456 PURCHASE BOWL PHOENIX AZ,KFC
KFC789 01/13 #XXXXX5678 PURCHASE CHICKEN ATLANTA GA,KFC
KFC789 03/31 #XXXXX9012 PURCHASE CHICKEN BOSTON MA,KFC
KFC789 06/25 #XXXXX3456 PURCHASE BOWL PHOENIX AZ,KFC
KFC789 12/01 #XXXXX6789 PURCHASE CHICKEN PHILADELPHIA PA,KFC
KFC987 07/14 #XXXXX4567 PURCHASE SANDWICH ATLANTA GA,KFC
KHAN ACADEMY PO BOX 1630 MOUNTAIN VIEW94042 CA USA,Khan Academy
KIDS FOOT LOCKER - 55 PARSONAGE RD 358 EDISON 08837 NJ USA,KIDS FOOT LOCKER
KIDS FOOT LOCKER - 55 PARSONAGE RD 358 EDISON 08837 NJ USA (RETURN),KIDS FOOT LOCKER
KIDS FOOT LOCKER 330 WEST 34TH STREET 8009916684 10001 NY USA,KIDS FOOT LOCKER
KINDLE SVCS*567OL02D3 440 TERRY AVE N 866-321-8851 98109 WA USA,KINDLE
KINDLE SVCS*5H9BM0063 440 TERRY AVE N 866-321-8851 98109 WA USA,KINDLE
KINDLE SVCS*LZ5M527L3 440 TERRY AVE N 866-321-8851 98109 WA USA,KINDLE
KINDLE SVCS*MV16B5D50 440 TERRY AVE N 866-321-8851 98109 WA USA,KINDLE
KINDLE SVCS*TD0EQ1463 440 TERRY AVE N 866-321-8851 98109 WA USA,KINDLE
KING SWEETS LLC 1329 OAK TREE RD ISELIN 08830 NJ USA,KING SWEETS
KOHL'S #0388 2145 HWY 35 HOLMDEL 07733 NJ USA,Kohl's
KOHL'S #0388 2145 HWY 35 HOLMDEL 07733 NJ USA (RETURN),Kohl's
KOHL'S #1132 1043 ROUTE 9 N OLD BRIDGE 08857 NJ USA,Kohl's
KOHL'S_DPT147 10/27 PURCHASE HOMEGOODS PORTLAND OR,Kohl's
KOHL'S_DPT258 11/20 PURCHASE HOMEGOODS ORLANDO FL,Kohl's
KOHL'S_DPT741 05/04 PURCHASE HOMEGOODS MIAMI FL,Kohl's
KOHL'S_DPT963 07/31 PURCHASE HOMEGOODS ATLANTA GA,Kohl's
KRGER_SPRMRKT654 03/26 #XXXXX7890 PURCHASE GROCERIES PHOENIX AZ,Kroger
KRGER_SPRMRKT654 11/26 #XXXXX5678 PURCHASE GROCERIES HOUSTON TX,Kroger
KRGER_SPRMRKT987 09/27 #XXXXX3456 PURCHASE GROCERIES ATLANTA GA,Kroger
KRISPYKREME390 03/20 #XXXXX0390 PURCHASE DONUTS CHARLOTTE NC,Krispy Kreme
KROGER 01/31 PURCHASE DALLAS TX,Kroger
KROGER 02/06 PURCHASE CINCINNATI OH,Kroger
KROGER 02/07 PURCHASE ATLANTA GA,Kroger
KROGER 03/09 PURCHASE HOUSTON TX,Kroger
KROGER 04/08 PURCHASE ATLANTA GA,Kroger
KROGER 04/11 PURCHASE DALLAS TX,Kroger
KROGER 05/06 PURCHASE HOUSTON TX,Kroger
KROGER 06/16 PURCHASE CINCINNATI OH,Kroger
KROGER 06/20 PURCHASE DALLAS TX,Kroger
KROGER 07/01 PURCHASE LOUISVILLE KY,Kroger
KROGER 08/05 PURCHASE COLUMBUS OH,Kroger
KROGER 08/14 PURCHASE LOUISVILLE KY,Kroger
KROGER 08/29 PURCHASE DALLAS TX,Kroger
KROGER 09/27 PURCHASE LOUISVILLE KY,Kroger
KROGER 10/15 PURCHASE ATLANTA GA,Kroger
KROGER 10/22 PURCHASE DALLAS TX,Kroger
KROGER 11/15 PURCHASE ATLANTA GA,Kroger
KROGER 11/15 PURCHASE DALLAS TX,Kroger
KROGER123 09/15 PURCHASE CINCINNATI OH,Kroger
KROGER345 01/08 PURCHASE CINCINNATI OH,Kroger
KROGER345 07/19 PURCHASE CINCINNATI OH,Kroger
KROGER567 04/14 PURCHASE CINCINNATI OH,Kroger
KROGER789 09/05 PURCHASE CINCINNATI OH,Kroger
KROGER901 02/25 PURCHASE CINCINNATI OH,Kroger
KROGER901 06/01 PURCHASE CINCINNATI OH,Kroger
KUUQA Kids Art Apron with Two,KUUQA Kids Art
KWIK TRIP 01/04 PURCHASE LA CROSSE WI,Kwik Trip
KWIK TRIP 04/01 PURCHASE MADISON WI,Kwik Trip
KWIK TRIP 09/15 PURCHASE LA CROSSE WI,Kwik Trip
KWIKEMART 08/26 PURCHASE SPRINGFIELD IL,Kwik-E-Mart
LA BON BAKE SHOPPES ED2062 STATE RT 27 EDISON 08817 NJ USA,LA BON BAKE SHOPPES
LA FITNESS 3161 MICHELSON DR #600 9492558100 92612 CA USA,LA FITNESS
LAAM TECHNOLOGIES INC 17614 NORTHEAST 33RD PLACE REDMOND 98052 WA USA,LAAM TECHNOLOGIES
LAAM TECHNOLOGIES INC 17614 NORTHEAST 33RD PLACE REDMOND 98052 WA USA (RETURN),LAAM TECHNOLOGIES
LAAM TECHNOLOGIES INC LAAM.PK WA,LAAM TECHNOLOGIES
LAHORE RESTAURANT 1277 PATERSON PLANK ROAD SECAUCUS 07094 NJ USA,LAHORE RESTAURANT
LASTPASS.COM/BILL 07/02 PURCHASE 800-545-6608 MA,LastPass
LATE PAYMENT FEE, 
LATE PAYMENT FEE - 04/93, 
LATE PAYMENT FEE - 05/01, 
LATE PAYMENT FEE - 07/24, 
LATE PAYMENT FEE - 12/08, 
LATE PAYMENT FEE - 27/24, 
LATE PAYMENT FEE - 27/45, 
LATE PAYMENT FEE - 43/04, 
LATE PAYMENT FEE - 44/60, 
LATE PAYMENT FEE - 45/55, 
LATE PAYMENT FEE - 60/46, 
LATE PAYMENT FEE - 60/93, 
LATE PAYMENT FEE - 68/53, 
LATE PAYMENT FEE - 73/21, 
LATE PAYMENT FEE - 80/29, 
LATE PAYMENT FEE - 83/33, 
LATE PAYMENT FEE - 86/80, 
LATE PAYMENT FEE - 88/22, 
LATE PAYMENT FEE - 89/03, 
LATE PAYMENT FEE - 91/16, 
LATE PAYMENT FEE - 91/48, 
LATE PAYMENT FEE - 93/67, 
LATE PAYMENT FEE - 94/67, 
LATE PAYMENT FEE - 97/15, 
LCL CFFE BRWRY 09/29 PURCHASE AUSTIN TX,Local Coffee Brewery
LEARNER.COM,LEARNER.COM
LEETCODE.COM 953 INDUSTRIAL AVESUITE 102 PALO ALTO 94303 CA USA,LEETCODE.COM
LEGOLAND DISCOVERY CEN1 AMERICAN DREAM WAY EAST RUTHERFO07073 NY USA,LEGOLAND DISCOVERY
LEVELS 228 PARK AVE SPMB 63877 NEW YORK 10003 NY USA,LEVELS
LEVELS MEMBERSHIP 228 PARK AVE SPMB 63877 NEW YORK 10003 NY USA,LEVELS
LINKEDIN PRE 10/04 #XXXXX2345 PURCHASE SUBSCR SUNNYVALE CA,LinkedIn
LINKEDIN.COM/BILL 04/13 PURCHASE 650-687-3600 CA,LinkedIn
LINKEDIN.COM/BILL 08/17 PURCHASE 650-687-3600 CA,LinkedIn
LINKEDIN.COM/BILL 09/01 PURCHASE 650-687-3600 CA,LinkedIn
LITTLE CAESA 12/12 #XXXXX4567 PURCHASE FOOD DETROIT MI,Little Caesars
LMXAC 27 MAYFIELD AVE EDISON 08837 NJ USA,LMXAC
LOTTE PLAZA 1199 EMBOY AVE EDISON 08837 NJ USA,LOTTE PLAZA
LOVELY &amp; KANDAHAR SWEE1380 OAK TREE RD ISELIN 08830 NJ USA,LOVELY & KANDAHAR
LOVES 06/04 PURCHASE LITTLE ROCK AR,Love's Travel Stops
LOVES 07/22 PURCHASE LITTLE ROCK AR,Love's Travel Stops
LOVES 09/12 PURCHASE LITTLE ROCK AR,Love's Travel Stops
LOVES TRAVEL 01/22 PURCHASE OKLAHOMA CITY OK,Love's Travel Stops
LOVES TRAVEL STOPS 07/25 PURCHASE OKLAHOMA CITY OK,Love's Travel Stops
LOWES #00907* 1502 RIVER RD BLDG C 866-483-7521 28659 NC USA,Lowe's
LOWES #01035* 2194 STATE ROUTE 35 HOLMDEL 07733 NJ USA,Lowe's
LOWES #01658* 51 WOODBRIDGE CENTER DRIVE WOODBRIDGE 07095 NJ USA,Lowe's
LOWES123 01/14 PURCHASE MOORESVILLE NC,Lowe's
LOWES567 03/03 PURCHASE MOORESVILLE NC,Lowe's
LOWES748 01/05 #XXXXX7412 PURCHASE HOME_RENO LOWELL MA,Lowe's
LOWS_065 05/07 #XXXXX5063 PURCHASE HOME_IMPROVE MOORESVILLE NC,Lowe's
LOWS_HMIMP321 06/19 #XXXXX8901 PURCHASE HOME ORLANDO FL,Lowe's
LOWS_HMIMP789 04/14 #XXXXX0123 PURCHASE HOME SEATTLE WA,Lowe's
LP *ST.BENEDICTCHURCH BETHANY ROAD 732-2644712 07733 NJ USA,St. Benedict
LS SKATE PRO INC. 3080 ARTHUR KILL RD STATEN ISLA 10309 NY USA,LS SKATE PRO INC.
LULUCOM 627 DAVIS DRIVE MORRISVILLE 27560 NC USA,LULU.COM
LULULEMN258 07/20 #XXXXX9012 PURCHASE ATHLEISURE DALLAS TX,Lululemon
LULULEMN741 12/06 #XXXXX1234 PURCHASE ATHLEISURE MIAMI FL,Lululemon
LULULEMN963 01/15 #XXXXX1234 PURCHASE ATHLEISURE MIAMI FL,Lululemon
LULULEMN963 02/04 #XXXXX1234 PURCHASE ATHLEISURE MIAMI FL,Lululemon
LULULEMN963 12/26 #XXXXX1234 PURCHASE ATHLEISURE MIAMI FL,Lululemon
LYFT DES:RIDE ID:LYFT1234 INDN:DANIEL TAYLOR CO ID:LYFTRI5678 WEB,Lyft
LYFT DES:RIDE ID:LYFT1234 INDN:SOPHIA BROWN CO ID:LYFTRI5678 WEB,Lyft
LYFT DES:RIDE ID:LYFT5678 INDN:DANIEL DAVIS CO ID:LYFTRI9012 WEB,Lyft
LYFT RIDE 02/08 #XXXXX5678 PURCHASE RIDE SAN FRANCISCO CA,Lyft
LYFT RIDE 03/19 #XXXXX1234 PURCHASE RIDE SAN FRANCISCO CA,Lyft
LYFT RIDE 06/23 #XXXXX7890 PURCHASE RIDE SAN FRANCISCO CA,Lyft
LYFT RIDE 08/10 #XXXXX6789 PURCHASE RIDE SAN FRANCISCO CA,Lyft
LYFT RIDE 12/13 #XXXXX3456 PURCHASE RIDE SAN FRANCISCO CA,Lyft
LYFTRD234 10/20 #XXXXX543210 PURCHASE LYFT.COM CA,Lyft
LYFTRIDE147 05/06 #XXXXX6789 PURCHASE TRANSPORT LOS ANGELES CA,Lyft
LYFTRIDE258 08/02 #XXXXX9012 PURCHASE TRANSPORT DENVER CO,Lyft
LYFTRIDE258 10/01 #XXXXX1234 PURCHASE TRANSPORT DALLAS TX,Lyft
LYFTRIDERT456 10/01 #XXXXX234567 PURCHASE LYFT.COM CA,Lyft
Late Payment Fee, 
Late Payment Fee - 20/11, 
Late Payment Fee - 35/97, 
Late Payment Fee - 67/65, 
MACY'S_DPT258 05/21 #XXXXX6789 PURCHASE CLOTHING DENVER CO,Macy's
MACY'S_DPT369 08/17 #XXXXX9012 PURCHASE CLOTHING NEW YORK NY,Macy's
MACY'S_DPT741 11/13 #XXXXX1234 PURCHASE CLOTHING ORLANDO FL,Macy's
MACYS_DEPARTMENT_342 06/14 #XXXXX9345 PURCHASE DEPARTMENT_STORE NEW_YORK NY,Macy's
MANUAL DB-BKRG 20/50, 
MANUAL DB-BKRG 58/74, 
MARATHON 05/03 PURCHASE COLUMBUS OH,Marathon
MARATHON 07/06 PURCHASE CLEVELAND OH,Marathon
MARATHON 08/27 PURCHASE CLEVELAND OH,Marathon
MARATHON 10/27 PURCHASE CLEVELAND OH,Marathon
MARATHON PETROLEUM 07/09 PURCHASE ATLANTA GA,Marathon
MARRIOTT 02/16 PURCHASE BETHESDA MD,Marriott
MARRIOTT 04/05 PURCHASE BETHESDA MD,Marriott
MARRIOTT 05/23 PURCHASE BETHESDA MD,Marriott
MARRIOTT 07/10 PURCHASE BETHESDA MD,Marriott
MARRIOTT 08/27 PURCHASE BETHESDA MD,Marriott
MARRIOTT 12/30 PURCHASE BETHESDA MD,Marriott
MARS HALAL MARKET 2242 WOODBRIDGE AVE EDISON 08817 NJ USA,MARS HALAL
MARS HALAL MARKET INC 2242 WOODBRIDGE AVE 2 EDISON 08817 NJ USA,MARS HALAL
MARSHALLS #0459 2101HWY 35 SUITE 701 HOLMDEL 07733 NJ USA,Marshalls
MARSHALLS #0459 2101HWY 35 SUITE 701 HOLMDEL 07733 NJ USA (RETURN),Marshalls
MARSHALLS #0479 1004 US HIGHWAY 9 OLD BRIDGE 08857 NJ USA,Marshalls
MARSHALLS #0642 1 RONSON RD ISELIN 08830 NJ USA,Marshalls
MARSHLS_DPT258 06/03 #XXXXX6789 PURCHASE CLOTHING NEW YORK NY,Marshalls
MARSHLS_DPT369 08/30 #XXXXX9012 PURCHASE CLOTHING ORLANDO FL,Marshalls
MASSAGE ENVY 0128 2101 NJ35 HOLMDEL 07733 NJ USA,MASSAGE ENVY
MASSAGELUXE MIDDLETOWN1387 ROUTE 35 MIDDLETOWN 07748 NJ USA,MASSAGELUXE
MATTEL_147 03/10 #XXXXX4646 PURCHASE TOYS EL SEGUNDO CA,Mattel
MATTEL_369 03/10 #XXXXX4646 PURCHASE TOYS EL SEGUNDO CA,Mattel
MATTEL_46 03/10 #XXXXX4646 PURCHASE TOYS EL SEGUNDO CA,Mattel
MATTEL_46 03/10 #XXXXX4646 PURCHASE TOYS EL SEGUNDO CA REF1,Mattel
MATTEL_46 03/10 #XXXXX4646 PURCHASE TOYS EL SEGUNDO CA REF2,Mattel
MATTEL_46 03/10 #XXXXX4646 PURCHASE TOYS EL SEGUNDO CA REF3,Mattel
MATTEL_654 03/10 #XXXXX4646 PURCHASE TOYS EL SEGUNDO CA,Mattel
MATTEL_741 03/10 #XXXXX4646 PURCHASE TOYS EL SEGUNDO CA,Mattel
MATTEL_963 03/10 #XXXXX4646 PURCHASE TOYS EL SEGUNDO CA,Mattel
MAVERIK 09/23 PURCHASE SALT LAKE CITY UT,Maverik
MAZA RESTAURANTS LLC 20 CHERRY ST SOUTH BOUND B08880 NJ USA,MAZA RESTAURANTS
MCDNLDS456 11/02 #XXXXX8765 PURCHASE BURGERJNT PHILADELPHIA PA,McDonald's
MCDON789 01/11 #XXXXX9012 PURCHASE BURGER CHICAGO IL,McDonald's
MCDONALD'S F2548 RT 35 &amp; AMBOY CLIFFWOOD BEA07735 NJ USA,McDonald's
MCDONALD'S F3345 1207 E PUTNAM AVE RIVERSIDE 06878 CT USA,McDonald's
MCDONALD'S98 01/15 #XXXXX4786 PURCHASE MEAL CHICAGO IL,McDonald's
MCDONALDS 04/30 #XXXXX7890 PURCHASE FOOD ST LOUIS MO,McDonald's
MCDONALDS 06/25 #XXXXX3456 PURCHASE FOOD BOISE ID,McDonald's
MCDONALDS 08/20 #XXXXX9012 PURCHASE FOOD SPOKANE WA,McDonald's
MCDONALDS 10/07 #XXXXX6789 PURCHASE FOOD CHICAGO IL,McDonald's
MCDONALDS 800-244-6227 09/20 PURCHASE 800-244-6227 IL,McDonald's
MCDONALDS012 12/01 #XXXXX6789 PURCHASE FOOD CHICAGO IL,McDonald's
MCDONALDS123 09/28 #XXXXX9012 PURCHASE BURGER ORLANDO FL,McDonald's
MCDONALDS123 12/12 #XXXXX9012 PURCHASE BURGER SEATTLE WA,McDonald's
MCDONALDS321 08/09 #XXXXX9012 PURCHASE BURGER DALLAS TX,McDonald's
MCDONALDS321 10/04 #XXXXX4584 PURCHASE FOOD ATLANTA GA,McDonald's
MCDONALDS456 07/06 #XXXXX4569 PURCHASE FOOD LOS ANGELES CA,McDonald's
MCDONALDS456 10/23 #XXXXX9012 PURCHASE BURGER AUSTIN TX,McDonald's
MCDONALDS654 06/20 #XXXXX9012 PURCHASE BURGER LOS ANGELES CA,McDonald's
MCDONALDS654 08/29 #XXXXX4578 PURCHASE FOOD PORTLAND OR,McDonald's
MCDONALDS654 10/22 #XXXXX4587 PURCHASE FOOD BOSTON MA,McDonald's
MCDONALDS654 11/27 #XXXXX4593 PURCHASE FOOD ATLANTA GA,McDonald's
MCDONALDS789 07/24 #XXXXX4572 PURCHASE FOOD LAS VEGAS NV,McDonald's
MCDONALDS789 09/03 #XXXXX9012 PURCHASE BURGER MIAMI FL,McDonald's
MCDONALDS789 11/17 #XXXXX9012 PURCHASE BURGER LAS VEGAS NV,McDonald's
MCDONALDS987 09/16 #XXXXX4581 PURCHASE FOOD SAN DIEGO CA,McDonald's
MCDONLDS456 01/07 #XXXXX7890 PURCHASE BIGMAC CHICAGO IL,McDonald's
MCDONLDS654 02/05 #XXXXX5678 PURCHASE NUGGETS HOUSTON TX,McDonald's
MCDONLDS654 02/20 #XXXXX9876 PURCHASE GOLDENARCHES RICHMOND VA,McDonald's
MCDONLDS654 12/07 #XXXXX3456 PURCHASE BIGMAC AUSTIN TX,McDonald's
MCDONLDS789 09/08 #XXXXX3456 PURCHASE BURGER PHOENIX AZ,McDonald's
MCDONLDS987 01/11 #XXXXX5432 PURCHASE GOLDENARCHES HENDERSON NV,McDonald's
MCDONLDS987 03/22 #XXXXX9876 PURCHASE GOLDENARCHES LITTLE ROCK AR,McDonald's
MCDONLDS987 05/07 #XXXXX6789 PURCHASE BIGMAC PHOENIX AZ,McDonald's
MDC PEETS I 95 JFK MEMORIAL HI NORTH EAST 21901 MD USA,MDC PEETS
MDC WENDYS I 95 JFK MEMORIAL HI NORTH EAST 21901 MD USA,MDC WENDYS
MDM JERRYS I 95 JFK MEMORIAL HW ABERDEEN 21001 MD USA,MDM JERRYS
MED*BARNABAS HEALTH IN95 OLD SHORT HILLS RD 973-322-5000 07052 NJ USA,BARNABAS HEALTH
MED*BARNABAS HEALTH IN95 OLD SHORT HILLS RD 973-322-5000 07052 NJ USA (RETURN),BARNABAS HEALTH
MEIJER #2143 10/09 #XXXXX573718 PURCHASE MEIJER #2143 GRAND RAPIDS MI,Meijer
MEIJER 02/23 PURCHASE DETROIT MI,Meijer
MEIJER 06/03 PURCHASE GRAND RAPIDS MI,Meijer
MEIJER 07/25 PURCHASE GRAND RAPIDS MI,Meijer
MEIJER 09/07 PURCHASE GRAND RAPIDS MI,Meijer
MEIJER 11/07 PURCHASE DETROIT MI,Meijer
MEIJER INC 11/20 PURCHASE GRAND RAPIDS MI,Meijer
METUCHEN YMCA 65 HIGH STREET METUCHEN 08840 NJ USA,YMCA
MICHAELS STORES 1552LAS VEGAS NV,Michaels
MICROSOFT 365 12/15 #XXXXX8901 PURCHASE SUBSCR REDMOND WA,Microsoft
MICROSOFT.COM/BILL 05/15 PURCHASE 800-642-7676 WA,Microsoft
MICROSOFT.COM/BILL 11/20 PURCHASE 800-642-7676 WA,Microsoft
MIDDLESEX CC - ONLINE 2600 WOODBRIDGE AVE EDISON 08818 NJ USA,MIDDLESEX COUNTY COLLEGE
MIDDLESEX CC - ONLINE 2600 WOODBRIDGE AVE EDISON 08818 NJ USA (RETURN),MIDDLESEX COUNTY COLLEGE
MIDDLESEXCCBKSTORE 2600 WOODBRIDGE AVE 908-991-2629 08837 NJ USA,MIDDLESEX COUNTY COLLEGE
MIDDLESEXCCBKSTORE 2600 WOODBRIDGE AVE EDISON 08837 NJ USA,MIDDLESEX COUNTY COLLEGE
MIGHTY_PIZZA_459 06/22 #XXXXX9457 PURCHASE PIZZA SAN_FRANCISCO CA,Mighty Pizza
MINISO FREEHOLD 3710 US 9 FREEHOLD 07728 NJ USA,MINISO
MINUTECLINIC #21470 3391 HWY 35 HAZLET 07730 NJ USA,MINUTE CLINIC
MOE'S SOUTHWEST 03/18 #XXXXX2345 PURCHASE FOOD ATLANTA GA,Moe's Southwest Grill
MONMOUTH COUNTY PARK -805 NEWMAN SPRINGS RD 7328424000 07738 NJ USA,MONMOUTH COUNTY PARK
MONMOUTH COUNTY PARK S805 NEWMAN SPRINGS RD 732-8424000 07738 NJ USA,MONMOUTH COUNTY PARK
MONMOUTH COUNTY PARK S805 NEWMAN SPRINGS RD 7328424000 07738 NJ USA,MONMOUTH COUNTY PARK
MONMOUTH COUNTY PARK S805 NEWMAN SPRINGS RD 7328424000 07738 NJ USA (RETURN),MONMOUTH COUNTY PARK
MONTHLY INSTALLMENTS (1 OF 12), 
MONTHLY INSTALLMENTS (1 OF 24), 
MONTHLY INSTALLMENTS (1 OF 36), 
MONTHLY INSTALLMENTS (10 OF 12), 
MONTHLY INSTALLMENTS (10 OF 24), 
MONTHLY INSTALLMENTS (10 OF 36), 
MONTHLY INSTALLMENTS (11 OF 12), 
MONTHLY INSTALLMENTS (11 OF 24), 
MONTHLY INSTALLMENTS (11 OF 36), 
MONTHLY INSTALLMENTS (12 OF 12), 
MONTHLY INSTALLMENTS (12 OF 24), 
MONTHLY INSTALLMENTS (12 OF 36), 
MONTHLY INSTALLMENTS (2 OF 12), 
MONTHLY INSTALLMENTS (2 OF 24), 
MONTHLY INSTALLMENTS (2 OF 36), 
MONTHLY INSTALLMENTS (3 OF 12), 
MONTHLY INSTALLMENTS (3 OF 24), 
MONTHLY INSTALLMENTS (3 OF 36), 
MONTHLY INSTALLMENTS (4 OF 12), 
MONTHLY INSTALLMENTS (4 OF 24), 
MONTHLY INSTALLMENTS (4 OF 36), 
MONTHLY INSTALLMENTS (5 OF 12), 
MONTHLY INSTALLMENTS (5 OF 24), 
MONTHLY INSTALLMENTS (5 OF 36), 
MONTHLY INSTALLMENTS (6 OF 12), 
MONTHLY INSTALLMENTS (6 OF 24), 
MONTHLY INSTALLMENTS (6 OF 36), 
MONTHLY INSTALLMENTS (7 OF 12), 
MONTHLY INSTALLMENTS (7 OF 24), 
MONTHLY INSTALLMENTS (7 OF 36), 
MONTHLY INSTALLMENTS (8 OF 12), 
MONTHLY INSTALLMENTS (8 OF 24), 
MONTHLY INSTALLMENTS (8 OF 36), 
MONTHLY INSTALLMENTS (9 OF 12), 
MONTHLY INSTALLMENTS (9 OF 24), 
MONTHLY INSTALLMENTS (9 OF 36), 
MONTHLY SERVICE FEE, 
MONTHLY SERVICE FEE - 14/19, 
MONTHLY SERVICE FEE - 16/08, 
MONTHLY SERVICE FEE - 18/35, 
MONTHLY SERVICE FEE - 18/91, 
MONTHLY SERVICE FEE - 19/80, 
MONTHLY SERVICE FEE - 29/23, 
MONTHLY SERVICE FEE - 30/30, 
MONTHLY SERVICE FEE - 30/69, 
MONTHLY SERVICE FEE - 32/34, 
MONTHLY SERVICE FEE - 34/05, 
MONTHLY SERVICE FEE - 50/35, 
MONTHLY SERVICE FEE - 57/31, 
MONTHLY SERVICE FEE - 58/18, 
MONTHLY SERVICE FEE - 63/34, 
MONTHLY SERVICE FEE - 70/36, 
MONTHLY SERVICE FEE - 74/55, 
MONTHLY SERVICE FEE - 74/61, 
MONTHLY SERVICE FEE - 75/36, 
MONTHLY SERVICE FEE - 77/44, 
MONTHLY SERVICE FEE - 78/41, 
MONTHLY SERVICE FEE - 95/46, 
MONTHLY SERVICE FEE - 95/66, 
MONTHLY SERVICE FEE - 98/65, 
MUBI 07/16 PURCHASE LONDON UK,MUBI
MULLVAD.NET/BILL 02/07 PURCHASE 580-555-9337 US,Mullvad
MULLVAD.NET/BILL 08/11 PURCHASE 888-555-4567 SE,Mullvad
MYQ SUBSCRIPTION,MYQ
MYTAXI DES:RIDE ID:MYTA1234 INDN:HANS MUELLER CO ID:MYTARI5678 WEB,Mytaxi
Manual DB-Bkrg 65/72, 
Monthly Installments (1 Of 12), 
Monthly Installments (1 Of 24), 
Monthly Installments (1 Of 36), 
Monthly Installments (10 Of 24), 
Monthly Installments (2 Of 24), 
Monthly Installments (2 Of 36), 
Monthly Installments (3 Of 36), 
Monthly Installments (4 Of 12), 
Monthly Installments (4 Of 24), 
Monthly Installments (5 Of 24), 
Monthly Installments (6 Of 24), 
Monthly Installments (7 Of 24), 
Monthly Installments (7 Of 36), 
Monthly Installments (8 Of 12), 
Monthly Installments (9 Of 12), 
Monthly Service Fee, 
Monthly Service Fee - 18/21, 
Monthly Service Fee - 35/00, 
Monthly Service Fee - 92/57, 
N THAI PALACE 1020 ROUTE 18 SOUTH EAST BRUNSWIC08816 NJ USA,N THAI
N THAI PALACE 2 JFK BLVD SOMERSET 08873 NJ USA,N THAI
N THAI PALACE SOMERSET NJ,N THAI
NAYAX VENDING 46 11350 MCCORMICK RD HUNT VALLEY 21031 MD USA,NAYAX VENDING
NBPA - IPS NEW BRUNSWICKNJ,NBPA
NBPA - PARKMOBILE 106 SOMERSET ST 6TH FLOO 7325453118 08901 NJ USA,NBPA
"NETFLIX, INC. 100 WINCHESTER CIRCLE CA 95032 CA USA",Netflix
NETFLIX.COM 02/18 PURCHASE 866-579-7172 CA,Netflix
NETFLIX.COM 121 ALBRIGHT WAY LOS GATOS 95032 CA USA,Netflix
NETFLIX.COM 121 ALBRIGHT WAY NETFLIX.COM 95032 CA USA,Netflix
NETFLIX.COM/BILL 02/02 PURCHASE 866-579-7172 CA,Netflix
NETFLIX.COM/BILL 06/08 PURCHASE 866-579-7172 CA,Netflix
NETFLIX.COM/BILL 09/09 PURCHASE 866-579-7172 CA,Netflix
NETFLIX.COM/BILL 10/03 PURCHASE 866-579-7172 CA,Netflix
NETFLIX012 02/20 #XXXXX2345 PURCHASE SUBSCR LOS GATOS CA,Netflix
NETFLIX123 04/30 #XXXXX1234 PURCHASE SUBSCR LOS GATOS CA,Netflix
NETFLIX234 06/02 #XXXXX7890 PURCHASE SUBSCR LOS GATOS CA,Netflix
NETFLIX234 08/31 #XXXXX6789 PURCHASE SUBSCR LOS GATOS CA,Netflix
NETFLIX456 07/14 #XXXXX7890 PURCHASE SUBSCR LOS GATOS CA,Netflix
NETFLIX678 01/09 #XXXXX2345 PURCHASE SUBSCR LOS GATOS CA,Netflix
NETFLIX890 03/22 #XXXXX5678 PURCHASE SUBSCR LOS GATOS CA,Netflix
NETFLIX890 08/04 #XXXXX7890 PURCHASE SUBSCR LOS GATOS CA,Netflix
NEW JERSEY E-ZPASS 2 FL FIN DEPT 375 MCCARTE 888-288-6865 071140000 NJ USA,NJ E-ZPass
NEW JERSEY NATURAL GAS1415 WYCKOFF ROAD 8002210051 07719 NJ USA,NEW JERSEY NATURAL GAS
NEW JERSEY TITANS HOCK214 HARMONY ROAD MIDDLETOWN TO07748 NJ USA,NEW JERSEY TITANS HOCKEY
NIKE_STORE741 06/26 #XXXXX1234 PURCHASE SHOES DENVER CO,Nike
NINTENDO.COM/BILL 05/27 PURCHASE 855-548-4693 WA,Nintendo
NJ EZPASS 375 MCCARTER HIGHWAY 8882886865 07114 NJ USA,NJ E-ZPass
NJ EZPASS 375 MCCARTER HIGHWAY NEWARK 07114 NJ USA,NJ E-ZPass
NJ GOV SERVICES 15 W STATE ST 8562385388 08608 NJ USA,NJ GOV
NJ GOV SERVICES 15 W STATE ST TRENTON 08608 NJ USA,NJ GOV
NJ MOTOR VEHICLE PAY 15 WEST STATE ST. 2ND FL 6094225948 08608 NJ USA,NJ MOTOR VEHICLE
NJ MOTOR VEHICLE PAY 15 WEST STATE ST. 2ND FL TRENTON 08608 NJ USA,NJ MOTOR VEHICLE
NJT BUS 3002 300200021 PENN PLAZA EAST NEWARK 07105 NJ USA,NJ TRANSIT
NJT BUS MY-TIX 1 PENN PLAZA EAST 9733786339 07105 NJ USA,NJ TRANSIT
NJT BUS MY-TIX 1 PENN PLAZA EAST NEWARK 07105 NJ USA,NJ TRANSIT
NJT HBLR MY-TIX 1 PENN PLAZA EAST 9733786339 07105 NJ USA,NJ TRANSIT
NOMURA,NOMURA
NOMURA CAFE QPS309 WEST 49TH ST NEW YORK 10019 NY USA,NOMURA Cafe
NORDIC PURE 2500 N LOUISIANA 800-5900339 75009 TX USA,NORDIC PURE
NORDVPN.COM/BILL 01/14 PURCHASE 646-555-7339 US,NordVPN
NORDVPN.COM/BILL 01/19 PURCHASE +31 208082222 NL,NordVPN
NORDVPN.COM/BILL 04/04 PURCHASE 426-555-3999 US,NordVPN
NORDVPN.COM/BILL 07/10 PURCHASE 888-555-1234 PA,NordVPN
NORD_STROM_839 06/30 #XXXXX3839 PURCHASE DEPARTMENT_STORE SEATTLE WA,Nordstrom
NRDSTRM_DPT369 05/02 #XXXXX7890 PURCHASE CLOTHING SAN FRANCISCO CA,Nordstrom
NRDSTRM_DPT741 07/29 #XXXXX6789 PURCHASE CLOTHING NEW YORK NY,Nordstrom
NRDSTRM_DPT963 10/25 #XXXXX9012 PURCHASE CLOTHING ORLANDO FL,Nordstrom
NRS Tint Shop,NRS Tint Shop
NTFLX.COM 09/30 PURCHASE LOS GATOS CA,Netflix
NYC FILM LAB 203 HARRISON PL. BROOKLYN 11237 NY USA,NYC FILM LAB
OFFCDPT_SPL369 05/16 PURCHASE SUPPLIES NEW YORK NY,Office Depot
OFFCDPT_SPL741 08/12 PURCHASE SUPPLIES ORLANDO FL,Office Depot
OFFCDPT_SPL963 11/08 PURCHASE SUPPLIES DALLAS TX,Office Depot
OHAPPYDAY4321 02/10 PURCHASE GIFTS SEATTL WA,Oh Happy Day
OHAPPYDAY4321 02/10 PURCHASE GIFTS SEATTL WA REF1,Oh Happy Day
OHAPPYDAY4321 02/10 PURCHASE GIFTS SEATTL WA REF2,Oh Happy Day
OHAPPYDAY4321 02/10 PURCHASE GIFTS SEATTL WA REF3,Oh Happy Day
OLA DES:RIDE ID:OLA5678 INDN:PRIYA SHARMA CO ID:OLARI9012 WEB,Ola
OLD NAVY US 838 2130 STATE ROUTE 35 HOLMDEL 07733 NJ USA,Old Navy
OLD NAVY US 838 2130 STATE ROUTE 35 HOLMDEL 07733 NJ USA (RETURN),Old Navy
OLDNAVY4528 01/19 #XXXXX5412 PURCHASE CLOTHING LAS VEGAS NV,Old Navy
OLDNVY_CLTH258 06/17 PURCHASE APPAREL PHOENIX AZ,Old Navy
OLDNVY_CLTH369 09/13 PURCHASE APPAREL SAN FRANCISCO CA,Old Navy
OLIVEGARDEN_487 03/02 #XXXXX7486 PURCHASE DINING ORLANDO FL,Olive Garden
OPENAI CHATGPT SUBSSAN FRANCISCO,OPENAI
OPTIMUM 7875 1111 STEWART AVE 9732306046 11714 NY USA,OPTIMUM
OPTIMUM 7875 1111 STEWART AVENUE 973-230-6046 11714 NY USA,OPTIMUM
OPTIMUM.COM/MOBILE 1111 STEWART AVENUE 888-333-0643 11714 NY USA,OPTIMUM
ORAL SURGERY GROUP PA 109 LIVINGSTON AVE 732-2478083 08901-2410NJ USA,ORAL SURGERY GROUP
OTHER WORLD COMPUTING 8 GALAXY WAY 8002754576 60098 IL USA,OTHER WORLD COMPUTING
OURARING INC. 60 FRANCISCO STREET 8333630010 94133 CA USA,OURA RING INC.
OVERDRAFT FEE, 
OVERDRAFT FEE - 04/70, 
OVERDRAFT FEE - 05/70, 
OVERDRAFT FEE - 08/33, 
OVERDRAFT FEE - 11/43, 
OVERDRAFT FEE - 16/86, 
OVERDRAFT FEE - 19/78, 
OVERDRAFT FEE - 21/90, 
OVERDRAFT FEE - 28/02, 
OVERDRAFT FEE - 32/84, 
OVERDRAFT FEE - 35/87, 
OVERDRAFT FEE - 43/67, 
OVERDRAFT FEE - 50/18, 
OVERDRAFT FEE - 53/32, 
OVERDRAFT FEE - 55/07, 
OVERDRAFT FEE - 57/15, 
OVERDRAFT FEE - 58/27, 
OVERDRAFT FEE - 75/63, 
OVERDRAFT FEE - 81/64, 
OVERDRAFT FEE - 85/35, 
OVERDRAFT FEE - 86/86, 
Online Transfer 00868361898 to Savings #######7961 transaction #: 8911385, 
Online Transfer 21902206287 to Savings #######4528 transaction #: 5812535, 
Online Transfer 24628345173 to Brokerage #######8161 transaction #: 5492651, 
Online Transfer 29870291531 to Brokerage #######6731 transaction #: 9459485, 
Online Transfer 33766346942 to Savings #######4255 transaction #: 2420909, 
Online Transfer 38024298508 to Savings #######6042 transaction #: 0123447, 
Online Transfer 38359656720 to Savings #######1266 transaction #: 4790391, 
Online Transfer 43327713316 to Checking #######0237 transaction #: 3010079, 
Online Transfer 46052551028 to Checking #######1783 transaction #: 3919305, 
Online Transfer 47044761647 to Savings #######9685 transaction #: 4110011, 
Online Transfer 49716402127 to Checking #######8623 transaction #: 3316911, 
Online Transfer 50533021529 to Brokerage #######1806 transaction #: 7851119, 
Online Transfer 52255022007 to Checking #######7906 transaction #: 7742184, 
Online Transfer 55921946946 to Savings #######9971 transaction #: 9866902, 
Online Transfer 59929655686 to Checking #######3986 transaction #: 1403409, 
Online Transfer 62473678753 to Brokerage #######4510 transaction #: 6334990, 
Online Transfer 63364144379 to Brokerage #######7505 transaction #: 8390481, 
Online Transfer 63515103273 to Savings #######0013 transaction #: 0150369, 
Online Transfer 66385728570 to Savings #######2049 transaction #: 9358317, 
Online Transfer 67214325273 to Checking #######0465 transaction #: 9298837, 
Online Transfer 81470359217 to Brokerage #######5264 transaction #: 8619584, 
Online Transfer 84087099167 to Checking #######7486 transaction #: 8255968, 
Online Transfer 86066519519 to Savings #######1883 transaction #: 3448189, 
Online Transfer 87214961570 to Brokerage #######3842 transaction #: 6054388, 
Online Transfer 89719772087 to Checking #######0936 transaction #: 5826398, 
Online Transfer 92109863942 to Savings #######7195 transaction #: 1899645, 
Online Transfer 92498051277 to Checking #######6330 transaction #: 1175590, 
Online Transfer 94440891020 to Brokerage #######8444 transaction #: 0553859, 
Online Transfer 97191828288 to Savings #######4859 transaction #: 2004981, 
Online Transfer 97614812563 to Brokerage #######1132 transaction #: 9212134, 
Online Transfer 98196645350 to Checking #######3998 transaction #: 8866626, 
Overdraft Fee, 
Overdraft Fee - 31/84, 
Overdraft Fee - 73/75, 
P324156 09/29 #XXXXX8829 WITHDRWL 7158 BROAD STREET FEE, 
P472836 09/20 #XXXXX7163 WITHDRWL 484 BLUEBIRD LANE FEE, 
P651287 10/02 #XXXXX5467 WITHDRWL 1ST NATL AVE FEE, 
P718394 09/22 #XXXXX6398 WITHDRWL 6789 ROOSEVELT BLVD FEE, 
P876293 09/18 #XXXXX1330 WITHDRWL 82912 LEXINGTON DR FEE, 
P985472 09/24 #XXXXX9912 WITHDRWL 3410 HEDGES AVE FEE, 
PANDAEXPRESS654 03/14 #XXXXX4567 PURCHASE ORANGE AUSTIN TX,Panda Express
PANDAEXPRESS987 06/30 #XXXXX8901 PURCHASE ORANGE SAN FRANCISCO CA,Panda Express
PANDA_EXPRS258 09/05 PURCHASE CHINESE NEW YORK NY,Panda Express
PANDA_EXPRS369 11/23 PURCHASE CHINESE NEW YORK NY,Panda Express
PANDA_EXPRS741 12/13 PURCHASE CHINESE NEW YORK NY,Panda Express
PANDA_EXPRS963 01/02 PURCHASE CHINESE NEW YORK NY,Panda Express
PANDA_EXPRS963 01/22 PURCHASE CHINESE NEW YORK NY,Panda Express
PANDA_EXPRS963 02/11 PURCHASE CHINESE NEW YORK NY,Panda Express
PANDA_EXPRS963 03/23 PURCHASE CHINESE NEW YORK NY,Panda Express
PANDORA 11/09 #XXXXX0123 PURCHASE SUBSCR OAKLAND CA,Pandora
PANDORA 800-555-0199 09/11 PURCHASE 800-555-0199 NY,Pandora
PANDORA.COM/BILL 03/30 PURCHASE 877-335-8261 CA,Pandora
PANDORA.COM/BILL 11/24 PURCHASE 877-335-8261 CA,Pandora
PANERA 800-555-0199 09/25 PURCHASE 800-555-0199 MO,Panera Bread
PANERA BREAD 04/14 #XXXXX1234 PURCHASE FOOD BOSTON MA,Panera Bread
PANERA BREAD 06/21 #XXXXX9012 PURCHASE FOOD HARTFORD CT,Panera Bread
PANERA BREAD 08/16 #XXXXX5678 PURCHASE FOOD TACOMA WA,Panera Bread
PANERA BREAD 09/07 #XXXXX6789 PURCHASE FOOD ST LOUIS MO,Panera Bread
PANERA123 02/01 PURCHASE ST LOUIS MO,Panera Bread
PANERA345 06/25 PURCHASE ST LOUIS MO,Panera Bread
PANERA567 03/21 PURCHASE ST LOUIS MO,Panera Bread
PANERA789 08/12 PURCHASE ST LOUIS MO,Panera Bread
PANERA901 05/08 PURCHASE ST LOUIS MO,Panera Bread
PANERA9876 01/17 #XXXXX8423 PURCHASE LUNCH BALTIMORE MD,Panera Bread
PANERA_453 07/28 #XXXXX9453 PURCHASE CAFE_SANDWICHES SUNSET_HILLS MO,Panera Bread
PANERA_BREAD258 06/30 #XXXXX2345 PURCHASE SANDWICH SAN FRANCISCO CA,Panera Bread
PANERA_BREAD321 06/30 #XXXXX5678 PURCHASE SANDWICH MIAMI FL,Panera Bread
PANERA_BREAD321 09/13 #XXXXX5678 PURCHASE SANDWICH PHOENIX AZ,Panera Bread
PANERA_BREAD321 11/27 #XXXXX5678 PURCHASE SANDWICH ORLANDO FL,Panera Bread
PANERA_BREAD369 09/26 #XXXXX3456 PURCHASE SANDWICH DENVER CO,Panera Bread
PANERA_BREAD654 07/25 #XXXXX5678 PURCHASE SANDWICH LOS ANGELES CA,Panera Bread
PANERA_BREAD654 12/22 #XXXXX5678 PURCHASE SANDWICH AUSTIN TX,Panera Bread
PANERA_BREAD987 11/02 #XXXXX5678 PURCHASE SANDWICH HOUSTON TX,Panera Bread
PAPA JOHN'S #3840 1008 NJ-34 732-441-7272 07747 NJ USA,Papa John's
PAPA JOHN'S #3840 1008 NJ-34 MATAWAN 07747 NJ USA,Papa John's
PAPAJOHNZ_925 07/24 #XXXXX5923 PURCHASE PIZZA LOUISVILLE KY,Papa John's
PAPAJOHN_.894 04/07 #XXXXX4892 PURCHASE PIZZA LOUISVILLE KY,Papa John's
PARAMOUNT+ 02/07 #XXXXX0123 PURCHASE SUBSCR NEW YORK NY,Paramount+
PARAMOUNT+ 04/19 PURCHASE NEW YORK NY,Paramount+
PARAMOUNT+ 09/22 #XXXXX6789 PURCHASE SUBSCR NEW YORK NY,Paramount+
PARTY CITY 1024 477 ROUTE 10 E RANDOLPH 07869 NJ USA,Party City
PARTYCITY_274 04/13 #XXXXX2278 PURCHASE PARTY_SUPPLY ROCKAWAY NJ,Party City
PATEL BROTHERS 1555 OAK TREE RD ISELIN 08830 NJ USA,PATEL BROTHERS
PATEL BROTHERS 989 U.S. 9 PARLIN 08859 NJ USA,PATEL BROTHERS
PATEL BROTHERS PARLIN 989 U.S. 9 PARLIN 08859 NJ USA,PATEL BROTHERS
PATISSERIE CHOCOLATERIE DELICE 10/25 PURCHASE BRUSSELS BE,Patisserie Chocolaterie Delice
PATISSERIE CHOUQUETTE 04/11 PURCHASE LYON FR,Patisserie Chouquette
PATISSERIE ECLAIR 02/22 PURCHASE NIMES FR,Patisserie Eclair
PATISSERIE FINANCIER 03/26 PURCHASE STRASBOURG FR,Patisserie Financier
PATISSERIE FINANCIER 12/28 PURCHASE GRENOBLE FR,Patisserie Financier
PATISSERIE GATEAUX DIVINS 11/02 PURCHASE GENEVA CH,Patisserie Gateaux Divins
PATISSERIE MACARON 01/05 PURCHASE NANCY FR,Patisserie Macaron
PATISSERIE MACARON 04/03 PURCHASE NICE FR,Patisserie Macaron
PATISSERIE MADELEINE 01/13 PURCHASE BREST FR,Patisserie Madeleine
PATISSERIE MILLE-FEUILLE 03/02 PURCHASE LE MANS FR,Patisserie Mille-Feuille
PATISSERIE OPERA CAKE 04/19 PURCHASE REIMS FR,Patisserie Opera Cake
PATISSERIE OPERA CAKE 12/04 PURCHASE DIJON FR,Patisserie Opera Cake
PATISSERIE PALMIER 01/29 PURCHASE ROUEN FR,Patisserie Palmier
PATISSERIE PARIS-BREST 02/14 PURCHASE ORLEANS FR,Patisserie Paris-Brest
PATISSERIE PARIS-BREST 12/12 PURCHASE MONTPELLIER FR,Patisserie Paris-Brest
PATISSERIE RELIGIEUSE 02/06 PURCHASE AMIENS FR,Patisserie Religieuse
PATISSERIE SAINT HONORE 12/20 PURCHASE REIMS FR,Patisserie Saint Honore
PAYMENT TO FIFTH THIRD CARD ENDING IN 8951, 
PAYMENT TO PNC BANK CARD ENDING IN 1183, 
PAYMENT TO TD BANK CARD ENDING IN 2229, 
PAYMENT TO TD BANK CARD ENDING IN 4495, 
PAYMENT TO TD BANK CARD ENDING IN 6865, 
PAYMENT TO TD BANK CARD ENDING IN 7334, 
PAYMENT TO WELLS FARGO CARD ENDING IN 1166, 
PAYMENT TO WELLS FARGO CARD ENDING IN 8595, 
PAYPAL *JAFARIASCHO 7700 EASTPORT PARKWAY 4029357733 95131 CA USA,PAYPAL JAFARIA SCHOOOL
PAYPAL DES:INST XFER ID:ABERCROMBIE INDN:ALEX RIVERA CO ID:PAYPAL58 WEB,Abercrombie & Fitch
PAYPAL DES:INST XFER ID:ABERCROMBIE INDN:JESSICA CHEN CO ID:PAYPALXY78 WEB,Abercrombie & Fitch
PAYPAL DES:INST XFER ID:ABERCROMBIE INDN:JORDAN SMITH CO ID:PAYPAL92 WEB,Abercrombie & Fitch
PAYPAL DES:INST XFER ID:AIRBNBUSAI INDN:ROBERT MILLER CO ID:PAYPALSI56 WEB,Airbnb
PAYPAL DES:INST XFER ID:ALIEXPRESS INDN:JENNIFER BROWN CO ID:PAYPALSI55 WEB,Ali Express
PAYPAL DES:INST XFER ID:ALIEXPRESS INDN:MICHAEL JOHNSON CO ID:PAYPALSI55 WEB,Ali Express
PAYPAL DES:INST XFER ID:ALIEXPRESS INDN:SOPHIA DAVIS CO ID:PAYPALSI55 WEB,Ali Express
PAYPAL DES:INST XFER ID:ALIEXPRESS INDN:SOPHIA WILSON CO ID:PAYPALSI44 WEB,Ali Express
PAYPAL DES:INST XFER ID:AMAZON INDN:ANGELA RODRIGUEZ CO ID:PAYPALSI90 WEB,Amazon
PAYPAL DES:INST XFER ID:AMERICANEAGLE INDN:ALEX RIVERA CO ID:PAYPAL36 WEB,American Eagle
PAYPAL DES:INST XFER ID:AMERICANEAGLE INDN:DAVID PARK CO ID:PAYPALMN56 WEB,American Eagle
PAYPAL DES:INST XFER ID:AMERICANEAGLE INDN:JORDAN SMITH CO ID:PAYPAL43 WEB,American Eagle
PAYPAL DES:INST XFER ID:ANTHROPOLOGIE INDN:EMILY CHEN CO ID:PAYPALZX90 WEB,Anthropologie
PAYPAL DES:INST XFER ID:ASOS INDN:MICHELLE LEE CO ID:PAYPALRS78 WEB,Asos
PAYPAL DES:INST XFER ID:BANANAREPUBLIC INDN:ALEX RIVERA CO ID:PAYPAL80 WEB,Banana Republic
PAYPAL DES:INST XFER ID:BANANAREPUBLIC INDN:JORDAN SMITH CO ID:PAYPAL90 WEB,Banana Republic
PAYPAL DES:INST XFER ID:BESTBUY INDN:ERIC TAYLOR CO ID:PAYPALSI34 WEB,Best Buy
PAYPAL DES:INST XFER ID:BESTBUY INDN:JESSICA WILSON CO ID:PAYPALSI23 WEB,Best Buy
PAYPAL DES:INST XFER ID:BESTBUY INDN:SARAH LEE CO ID:PAYPALSI12 WEB,Best Buy
PAYPAL DES:INST XFER ID:BESTBUYCOM INDN:MICHELLE RODRIGUEZ CO ID:PAYPALSI12 WEB,Best Buy
PAYPAL DES:INST XFER ID:CHEESECAKEFACTORY INDN:DANIEL BROWN CO ID:PAYPALSI45 WEB,The Cheesecake Factory
PAYPAL DES:INST XFER ID:CHEESECAKEFACTORY INDN:LAURA BROWN CO ID:PAYPALSI67 WEB,The Cheesecake Factory
PAYPAL DES:INST XFER ID:CHEWY INDN:JENNIFER WILSON CO ID:PAYPALSI11 WEB,Chewy
PAYPAL DES:INST XFER ID:CHEWY INDN:SARAH TAYLOR CO ID:PAYPALSI11 WEB,Chewy
PAYPAL DES:INST XFER ID:CHEWY INDN:THOMAS BROWN CO ID:PAYPALSI11 WEB,Chewy
PAYPAL DES:INST XFER ID:CHEWY INDN:THOMAS MILLER CO ID:PAYPALSI01 WEB,Chewy
PAYPAL DES:INST XFER ID:CHEWY INDN:WILLIAM BROWN CO ID:PAYPALSI11 WEB,Chewy
PAYPAL DES:INST XFER ID:CHEWYCOM INDN:RICHARD TAYLOR CO ID:PAYPALSI12 WEB,Chewy
PAYPAL DES:INST XFER ID:DICKSSPORTINGGOODS INDN:AMANDA DAVIS CO ID:PAYPALSI56 WEB,Dick's Sporting Goods
PAYPAL DES:INST XFER ID:DICKSSPORTINGGOODS INDN:PATRICK BROWN CO ID:PAYPALSI90 WEB,Dick's Sporting Goods
PAYPAL DES:INST XFER ID:DOORDASHUS INDN:MICHAEL BROWN CO ID:PAYPALSI78 WEB,DoorDash
PAYPAL DES:INST XFER ID:EBAY INDN:OLIVIA JOHNSON CO ID:PAYPALSI66 WEB,eBay
PAYPAL DES:INST XFER ID:EBAY INDN:SARAH DAVIS CO ID:PAYPALSI66 WEB,eBay
PAYPAL DES:INST XFER ID:EBAY INDN:THOMAS WILSON CO ID:PAYPALSI66 WEB,eBay
PAYPAL DES:INST XFER ID:EBAY INDN:WILLIAM TAYLOR CO ID:PAYPALSI66 WEB,eBay
PAYPAL DES:INST XFER ID:EBAYUSAI INDN:THOMAS MOORE CO ID:PAYPALSI78 WEB,eBay
PAYPAL DES:INST XFER ID:ETSY INDN:DANIEL MILLER CO ID:PAYPALSI33 WEB,Etsy
PAYPAL DES:INST XFER ID:ETSY INDN:ELIZABETH CLARK CO ID:PAYPALSI90 WEB,Etsy
PAYPAL DES:INST XFER ID:ETSY INDN:EMILY WILSON CO ID:PAYPALSI33 WEB,Etsy
PAYPAL DES:INST XFER ID:ETSY INDN:EMMA JOHNSON CO ID:PAYPALSI34 WEB,Etsy
PAYPAL DES:INST XFER ID:ETSY INDN:JOHN SMITH CO ID:PAYPALSI22 WEB,Etsy
PAYPAL DES:INST XFER ID:ETSY INDN:LISA MILLER CO ID:PAYPALSI33 WEB,Etsy
PAYPAL DES:INST XFER ID:FOOTLOCKER INDN:BRIAN MILLER CO ID:PAYPALSI01 WEB,Foot Locker
PAYPAL DES:INST XFER ID:FOOTLOCKER INDN:CHRISTINE LEE CO ID:PAYPALSI56 WEB,Foot Locker
PAYPAL DES:INST XFER ID:FOOTLOCKER INDN:CHRISTINE LEE CO ID:PAYPALSI78 WEB,Foot Locker
PAYPAL DES:INST XFER ID:FOOTLOCKER INDN:JASON LEE CO ID:PAYPALSI23 WEB,Foot Locker
PAYPAL DES:INST XFER ID:FOOTLOCKER INDN:JONATHAN BROWN CO ID:PAYPALSI34 WEB,Foot Locker
PAYPAL DES:INST XFER ID:FOOTLOCKER INDN:MICHAEL JOHNSON CO ID:PAYPALSI67 WEB,Foot Locker
PAYPAL DES:INST XFER ID:FOREVER21 INDN:JENNIFER PARK CO ID:PAYPALWQ56 WEB,Forever 21
PAYPAL DES:INST XFER ID:GAMESTOP INDN:ANDREW WILSON CO ID:PAYPALSI45 WEB,Gamestop
PAYPAL DES:INST XFER ID:GAMESTOP INDN:KEVIN BROWN CO ID:PAYPALSI34 WEB,Gamestop
PAYPAL DES:INST XFER ID:GAMESTOP INDN:KEVIN MILLER CO ID:PAYPALSI78 WEB,Gamestop
PAYPAL DES:INST XFER ID:GAMESTOP INDN:SAMANTHA WILSON CO ID:PAYPALSI90 WEB,Gamestop
PAYPAL DES:INST XFER ID:GAP INDN:ALEX RIVERA CO ID:PAYPAL29 WEB,Gap
PAYPAL DES:INST XFER ID:GAP INDN:JORDAN SMITH CO ID:PAYPAL60 WEB,Gap
PAYPAL DES:INST XFER ID:GAP INDN:MICHAEL CHEN CO ID:PAYPALXY56 WEB,Gap
PAYPAL DES:INST XFER ID:GROUPON INDN:DANIEL DAVIS CO ID:PAYPALSI88 WEB,Groupon
PAYPAL DES:INST XFER ID:GROUPON INDN:EMMA BROWN CO ID:PAYPALSI88 WEB,Groupon
PAYPAL DES:INST XFER ID:GROUPON INDN:JAMES LEE CO ID:PAYPALSI88 WEB,Groupon
PAYPAL DES:INST XFER ID:GROUPON INDN:LISA JOHNSON CO ID:PAYPALSI88 WEB,Groupon
PAYPAL DES:INST XFER ID:GROUPON INDN:ROBERT JOHNSON CO ID:PAYPALSI88 WEB,Groupon
PAYPAL DES:INST XFER ID:GROUPONCOM INDN:KAREN HALL CO ID:PAYPALSI78 WEB,Groupon
PAYPAL DES:INST XFER ID:GRUBHUBUSA INDN:EMILY WILSON CO ID:PAYPALSI90 WEB,Grubhub
PAYPAL DES:INST XFER ID:H&M INDN:ALEX RIVERA CO ID:PAYPAL44 WEB,H & M
PAYPAL DES:INST XFER ID:H&M INDN:CASEY MARTIN CO ID:PAYPAL87 WEB,H & M
PAYPAL DES:INST XFER ID:H&M INDN:DANIEL KIM CO ID:PAYPALVN12 WEB,H & M
PAYPAL DES:INST XFER ID:H&M INDN:JORDAN SMITH CO ID:PAYPAL66 WEB,H & M
PAYPAL DES:INST XFER ID:H&M INDN:MORGAN LEE CO ID:PAYPAL54 WEB,H & M
PAYPAL DES:INST XFER ID:H&M INDN:RILEY JOHNSON CO ID:PAYPAL34 WEB,H & M
PAYPAL DES:INST XFER ID:H&M INDN:TAYLOR NGUYEN CO ID:PAYPAL99 WEB,H & M
PAYPAL DES:INST XFER ID:H&M INDN:USER1 CO ID:PAYPALVN01 WEB,H & M
PAYPAL DES:INST XFER ID:H&M INDN:USER2 CO ID:PAYPALVN02 WEB,H & M
PAYPAL DES:INST XFER ID:H&M INDN:USER3 CO ID:PAYPALVN03 WEB,H & M
PAYPAL DES:INST XFER ID:HMUS INDN:ALEX RIVERA CO ID:PAYPAL27 WEB,H & M
PAYPAL DES:INST XFER ID:HMUS INDN:CASEY MARTIN CO ID:PAYPAL94 WEB,H & M
PAYPAL DES:INST XFER ID:HMUS INDN:JORDAN SMITH CO ID:PAYPAL65 WEB,H & M
PAYPAL DES:INST XFER ID:HMUS INDN:MORGAN LEE CO ID:PAYPAL74 WEB,H & M
PAYPAL DES:INST XFER ID:HMUS INDN:RILEY JOHNSON CO ID:PAYPAL27 WEB,H & M
PAYPAL DES:INST XFER ID:HMUS INDN:TAYLOR NGUYEN CO ID:PAYPAL13 WEB,H & M
PAYPAL DES:INST XFER ID:HOLLISTER INDN:ALEX RIVERA CO ID:PAYPAL42 WEB,Hollister
PAYPAL DES:INST XFER ID:HOLLISTER INDN:ANDREW LEE CO ID:PAYPALKI34 WEB,Hollister
PAYPAL DES:INST XFER ID:HOLLISTER INDN:CASEY MARTIN CO ID:PAYPAL26 WEB,Hollister
PAYPAL DES:INST XFER ID:HOLLISTER INDN:JORDAN SMITH CO ID:PAYPAL70 WEB,Hollister
PAYPAL DES:INST XFER ID:HOLLISTER INDN:MORGAN LEE CO ID:PAYPAL21 WEB,Hollister
PAYPAL DES:INST XFER ID:HOLLISTER INDN:PAYER1 CO ID:PAYPALKI01 WEB,Hollister
PAYPAL DES:INST XFER ID:HOLLISTER INDN:PAYER2 CO ID:PAYPALKI02 WEB,Hollister
PAYPAL DES:INST XFER ID:HOLLISTER INDN:PAYER3 CO ID:PAYPALKI03 WEB,Hollister
PAYPAL DES:INST XFER ID:HOLLISTER INDN:RILEY JOHNSON CO ID:PAYPAL87 WEB,Hollister
PAYPAL DES:INST XFER ID:HOLLISTER INDN:TAYLOR NGUYEN CO ID:PAYPAL59 WEB,Hollister
PAYPAL DES:INST XFER ID:HOLLISTERCO INDN:ALEX RIVERA CO ID:PAYPAL62 WEB,Hollister
PAYPAL DES:INST XFER ID:HOLLISTERCO INDN:CASEY MARTIN CO ID:PAYPAL82 WEB,Hollister
PAYPAL DES:INST XFER ID:HOLLISTERCO INDN:JORDAN SMITH CO ID:PAYPAL53 WEB,Hollister
PAYPAL DES:INST XFER ID:HOLLISTERCO INDN:MORGAN LEE CO ID:PAYPAL90 WEB,Hollister
PAYPAL DES:INST XFER ID:HOLLISTERCO INDN:RILEY JOHNSON CO ID:PAYPAL81 WEB,Hollister
PAYPAL DES:INST XFER ID:HOLLISTERCO INDN:TAYLOR NGUYEN CO ID:PAYPAL18 WEB,Hollister
PAYPAL DES:INST XFER ID:HOMEDEPOT INDN:CHRISTOPHER LEE CO ID:PAYPALSI89 WEB,Home Depot
PAYPAL DES:INST XFER ID:HOMEDEPOT INDN:DAVID WILSON CO ID:PAYPALSI45 WEB,Home Depot
PAYPAL DES:INST XFER ID:HOMEDEPOT INDN:ERIC TAYLOR CO ID:PAYPALSI12 WEB,Home Depot
PAYPAL DES:INST XFER ID:HOMEDEPOT INDN:JENNIFER DAVIS CO ID:PAYPALSI34 WEB,Home Depot
PAYPAL DES:INST XFER ID:HOMEDEPOT INDN:LAURA JOHNSON CO ID:PAYPALSI78 WEB,Home Depot
PAYPAL DES:INST XFER ID:HOMEDEPOT INDN:LISA JOHNSON CO ID:PAYPALRT12 WEB,Home Depot
PAYPAL DES:INST XFER ID:HOMEDEPOT INDN:SARAH MILLER CO ID:PAYPALSI56 WEB,Home Depot
PAYPAL DES:INST XFER ID:HULULIVEUSA INDN:MARY ANDERSON CO ID:PAYPALSI12 WEB,Hulu
PAYPAL DES:INST XFER ID:IKEA INDN:JENNIFER DAVIS CO ID:PAYPALSI78 WEB,IKEA
PAYPAL DES:INST XFER ID:IKEA INDN:LISA TAYLOR CO ID:PAYPALSI67 WEB,IKEA
PAYPAL DES:INST XFER ID:IKEA INDN:MICHELLE DAVIS CO ID:PAYPALSI12 WEB,IKEA
PAYPAL DES:INST XFER ID:IKEA INDN:MICHELLE DAVIS CO ID:PAYPALSI78 WEB,IKEA
PAYPAL DES:INST XFER ID:IKEA INDN:RYAN MILLER CO ID:PAYPALSI56 WEB,IKEA
PAYPAL DES:INST XFER ID:JCPENNEY INDN:LAURA THOMPSON CO ID:PAYPALSI90 WEB,JCPenney
PAYPAL DES:INST XFER ID:JCPENNEY INDN:SCOTT CLARK CO ID:PAYPALSI34 WEB,JCPenney
PAYPAL DES:INST XFER ID:JCPENNEY INDN:STEPHANIE WILSON CO ID:PAYPALSI56 WEB,JCPenney
PAYPAL DES:INST XFER ID:JCREW INDN:ALEX RIVERA CO ID:PAYPAL85 WEB,J.Crew
PAYPAL DES:INST XFER ID:JCREW INDN:JORDAN SMITH CO ID:PAYPAL28 WEB,J.Crew
PAYPAL DES:INST XFER ID:JCREW INDN:MICHAEL LEE CO ID:PAYPALBC90 WEB,J.Crew
PAYPAL DES:INST XFER ID:KOHLS INDN:DAVID LEE CO ID:PAYPALVB56 WEB,Kohl's
PAYPAL DES:INST XFER ID:KOHLS INDN:GREGORY MARTIN CO ID:PAYPALSI90 WEB,Kohl's
PAYPAL DES:INST XFER ID:KOHLS INDN:JEFFREY MARTIN CO ID:PAYPALSI34 WEB,Kohl's
PAYPAL DES:INST XFER ID:KOHLS INDN:MICHELLE THOMPSON CO ID:PAYPALSI12 WEB,Kohl's
PAYPAL DES:INST XFER ID:LOWES INDN:BRIAN WILSON CO ID:PAYPALSI90 WEB,Lowe's
PAYPAL DES:INST XFER ID:LOWES INDN:DANIEL TAYLOR CO ID:PAYPALSI23 WEB,Lowe's
PAYPAL DES:INST XFER ID:LOWES INDN:JENNIFER BROWN CO ID:PAYPALSI89 WEB,Lowe's
PAYPAL DES:INST XFER ID:LOWES INDN:NICOLE ANDERSON CO ID:PAYPALSI34 WEB,Lowe's
PAYPAL DES:INST XFER ID:LOWES INDN:ROBERT TAYLOR CO ID:PAYPALSI56 WEB,Lowe's
PAYPAL DES:INST XFER ID:LOWES INDN:RYAN TAYLOR CO ID:PAYPALSI45 WEB,Lowe's
PAYPAL DES:INST XFER ID:LOWES INDN:TOM WILSON CO ID:PAYPALKL90 WEB,Lowe's
PAYPAL DES:INST XFER ID:LYFTRIDEUS INDN:JENNIFER DAVIS CO ID:PAYPALSI78 WEB,Lyft
PAYPAL DES:INST XFER ID:MACYS INDN:ALEX RIVERA CO ID:PAYPAL15 WEB,Macy's
PAYPAL DES:INST XFER ID:MACYS INDN:ANGELA RODRIGUEZ CO ID:PAYPALSI12 WEB,Macy's
PAYPAL DES:INST XFER ID:MACYS INDN:CHRISTOPHER LEE CO ID:PAYPALSI34 WEB,Macy's
PAYPAL DES:INST XFER ID:MACYS INDN:JORDAN SMITH CO ID:PAYPAL65 WEB,Macy's
PAYPAL DES:INST XFER ID:MACYSCOM INDN:STEPHANIE ADAMS CO ID:PAYPALSI56 WEB,Macy's
PAYPAL DES:INST XFER ID:NETFLIXUSAI INDN:JOHN DOE CO ID:PAYPALSI34 WEB,Netflix
PAYPAL DES:INST XFER ID:NIKE INDN:JENNIFER KIM CO ID:PAYPALVN34 WEB,Nike
PAYPAL DES:INST XFER ID:NORDSTROM INDN:ALEX RIVERA CO ID:PAYPAL91 WEB,Nordstrom
PAYPAL DES:INST XFER ID:NORDSTROM INDN:EMMA TAYLOR CO ID:PAYPALSI12 WEB,Nordstrom
PAYPAL DES:INST XFER ID:NORDSTROM INDN:ERIC DAVIS CO ID:PAYPALSI45 WEB,Nordstrom
PAYPAL DES:INST XFER ID:NORDSTROM INDN:JORDAN SMITH CO ID:PAYPAL72 WEB,Nordstrom
PAYPAL DES:INST XFER ID:NORDSTROM INDN:KEVIN LEE CO ID:PAYPALSI23 WEB,Nordstrom
PAYPAL DES:INST XFER ID:NORDSTROM INDN:KEVIN WANG CO ID:PAYPALQW12 WEB,Nordstrom
PAYPAL DES:INST XFER ID:OLDNAVY INDN:ALEX RIVERA CO ID:PAYPAL96 WEB,Old Navy
PAYPAL DES:INST XFER ID:OLDNAVY INDN:JORDAN SMITH CO ID:PAYPAL64 WEB,Old Navy
PAYPAL DES:INST XFER ID:OVERSTOCK INDN:DANIEL GREEN CO ID:PAYPALSI56 WEB,Overstock
PAYPAL DES:INST XFER ID:OVERSTOCK INDN:DAVID TAYLOR CO ID:PAYPALSI77 WEB,Overstock
PAYPAL DES:INST XFER ID:OVERSTOCK INDN:JAMES WILSON CO ID:PAYPALSI77 WEB,Overstock
PAYPAL DES:INST XFER ID:OVERSTOCK INDN:LISA TAYLOR CO ID:PAYPALSI77 WEB,Overstock
PAYPAL DES:INST XFER ID:OVERSTOCK INDN:OLIVIA BROWN CO ID:PAYPALSI77 WEB,Overstock
PAYPAL DES:INST XFER ID:OVERSTOCK INDN:ROBERT JONES CO ID:PAYPALSI23 WEB,Overstock
PAYPAL DES:INST XFER ID:PETCO INDN:AMANDA WILSON CO ID:PAYPALSI12 WEB,Petco
PAYPAL DES:INST XFER ID:PETCO INDN:BRANDON THOMAS CO ID:PAYPALSI56 WEB,Petco
PAYPAL DES:INST XFER ID:PETCO INDN:ELIZABETH MARTIN CO ID:PAYPALSI78 WEB,Petco
PAYPAL DES:INST XFER ID:PETCO INDN:EMILY DAVIS CO ID:PAYPALSI56 WEB,Petco
PAYPAL DES:INST XFER ID:PETCO INDN:SARAH LEE CO ID:PAYPALSI67 WEB,Petco
PAYPAL DES:INST XFER ID:PETCO INDN:SARAH LEE CO ID:PAYPALSI90 WEB,Petco
PAYPAL DES:INST XFER ID:PETCO INDN:STEPHANIE TAYLOR CO ID:PAYPALSI78 WEB,Petco
PAYPAL DES:INST XFER ID:POSTMATESUS INDN:LISA TAYLOR CO ID:PAYPALSI34 WEB,Postmates
PAYPAL DES:INST XFER ID:SEPHORA INDN:ALEX RIVERA CO ID:PAYPAL72 WEB,Sephora
PAYPAL DES:INST XFER ID:SEPHORA INDN:JORDAN SMITH CO ID:PAYPAL95 WEB,Sephora
PAYPAL DES:INST XFER ID:SEPHORA INDN:OLIVIA BROWN CO ID:PAYPALSI78 WEB,Sephora
PAYPAL DES:INST XFER ID:SEPHORA INDN:RACHEL WILSON CO ID:PAYPALSI56 WEB,Sephora
PAYPAL DES:INST XFER ID:SEPHORA INDN:REBECCA JOHNSON CO ID:PAYPALSI12 WEB,Sephora
PAYPAL DES:INST XFER ID:STAPLES INDN:MELISSA HARRIS CO ID:PAYPALSI78 WEB,Staples
PAYPAL DES:INST XFER ID:STAPLES INDN:WILLIAM ANDERSON CO ID:PAYPALSI90 WEB,Staples
PAYPAL DES:INST XFER ID:TARGET INDN:SARAH BROWN CO ID:PAYPALGH78 WEB,Staples
PAYPAL DES:INST XFER ID:TARGETCOM INDN:PATRICIA BROWN CO ID:PAYPALSI56 WEB,Target
PAYPAL DES:INST XFER ID:UBEREATUSAI INDN:SARAH JOHNSON CO ID:PAYPALSI56 WEB,Uber Eats
PAYPAL DES:INST XFER ID:ULTA INDN:ALEX RIVERA CO ID:PAYPAL93 WEB,Ulta Beauty
PAYPAL DES:INST XFER ID:ULTA INDN:DANIEL JOHNSON CO ID:PAYPALSI12 WEB,Ulta Beauty
PAYPAL DES:INST XFER ID:ULTA INDN:EMILY JOHNSON CO ID:PAYPALSI67 WEB,Ulta Beauty
PAYPAL DES:INST XFER ID:ULTA INDN:JENNIFER BROWN CO ID:PAYPALSI89 WEB,Ulta Beauty
PAYPAL DES:INST XFER ID:ULTA INDN:JESSICA LEE CO ID:PAYPALMN78 WEB,Ulta Beauty
PAYPAL DES:INST XFER ID:ULTA INDN:JORDAN SMITH CO ID:PAYPAL48 WEB,Ulta Beauty
PAYPAL DES:INST XFER ID:ULTA INDN:RACHEL JOHNSON CO ID:PAYPALSI12 WEB,Ulta Beauty
PAYPAL DES:INST XFER ID:ULTA INDN:RACHEL WILSON CO ID:PAYPALSI90 WEB,Ulta Beauty
PAYPAL DES:INST XFER ID:ULTA INDN:SOPHIA LEE CO ID:PAYPALSI90 WEB,Ulta Beauty
PAYPAL DES:INST XFER ID:UNIQLO INDN:ALEX RIVERA CO ID:PAYPAL78 WEB,Uniqlo
PAYPAL DES:INST XFER ID:UNIQLO INDN:JORDAN SMITH CO ID:PAYPAL90 WEB,Uniqlo
PAYPAL DES:INST XFER ID:UNIQLO INDN:RACHEL KIM CO ID:PAYPALTU90 WEB,Uniqlo
PAYPAL DES:INST XFER ID:WALMARTCOM INDN:JAMES WILSON CO ID:PAYPALSI34 WEB,Walmart
PAYPAL DES:INST XFER ID:WAYFAIR INDN:AMANDA DAVIS CO ID:PAYPALSI01 WEB,Wayfair
PAYPAL DES:INST XFER ID:WAYFAIR INDN:DANIEL JOHNSON CO ID:PAYPALSI34 WEB,Wayfair
PAYPAL DES:INST XFER ID:WAYFAIR INDN:DAVID JOHNSON CO ID:PAYPALSI22 WEB,Wayfair
PAYPAL DES:INST XFER ID:WAYFAIR INDN:EMILY DAVIS CO ID:PAYPALSI22 WEB,Wayfair
PAYPAL DES:INST XFER ID:WAYFAIR INDN:JANE DOE CO ID:PAYPALSD78 WEB,Wayfair
PAYPAL DES:INST XFER ID:WAYFAIR INDN:JASON BROWN CO ID:PAYPALSI90 WEB,Wayfair
PAYPAL DES:INST XFER ID:WAYFAIR INDN:MICHAEL BROWN CO ID:PAYPALSI90 WEB,Wayfair
PAYPAL DES:INST XFER ID:WAYFAIR INDN:OLIVIA WILSON CO ID:PAYPALSI22 WEB,Wayfair
PAYPAL DES:INST XFER ID:WAYFAIR INDN:SARAH JOHNSON CO ID:PAYPALSI22 WEB,Wayfair
PAYPAL DES:INST XFER ID:WAYFAIR INDN:THOMAS MILLER CO ID:PAYPALSI22 WEB,Wayfair
PAYPAL DES:INST XFER ID:WAYFAIRCOM INDN:SUSAN WHITE CO ID:PAYPALSI34 WEB,Wayfair
PAYPAL DES:INST XFER ID:WISH INDN:DANIEL JOHNSON CO ID:PAYPALSI44 WEB,Wish
PAYPAL DES:INST XFER ID:WISH INDN:DAVID LEE CO ID:PAYPALSI66 WEB,Wish
PAYPAL DES:INST XFER ID:WISH INDN:EMMA LEE CO ID:PAYPALSI44 WEB,Wish
PAYPAL DES:INST XFER ID:WISH INDN:SOPHIA LEE CO ID:PAYPALSI44 WEB,Wish
PAYPAL DES:INST XFER ID:ZAPPOS INDN:EMMA MILLER CO ID:PAYPALSI99 WEB,Zappos
PAYPAL DES:INST XFER ID:ZAPPOS INDN:JENNIFER WILSON CO ID:PAYPALSI99 WEB,Zappos
PAYPAL DES:INST XFER ID:ZAPPOS INDN:SOPHIA TAYLOR CO ID:PAYPALSI99 WEB,Zappos
PAYPAL DES:INST XFER ID:ZAPPOSCOM INDN:CHRISTOPHER LEE CO ID:PAYPALSI90 WEB,Zappos
PAYPAL DES:INST XFER ID:ZARA INDN:ALEX RIVERA CO ID:PAYPAL80 WEB,Zara
PAYPAL DES:INST XFER ID:ZARA INDN:JORDAN SMITH CO ID:PAYPAL89 WEB,Zara
PAYPAL DES:INST XFER ID:ZARA INDN:SOPHIA WONG CO ID:PAYPALBC34 WEB,Zara
PAYPAL INST XFER AMEX AUTOPAY WEB ID: PAYPALSI12, 
PAYPAL INST XFER AMEX AUTOPAY WEB ID: PAYPALSI16, 
PAYPAL INST XFER AMEX AUTOPAY WEB ID: PAYPALSI26, 
PAYPAL INST XFER AMEX AUTOPAY WEB ID: PAYPALSI30, 
PAYPAL INST XFER AMEX AUTOPAY WEB ID: PAYPALSI49, 
PAYPAL INST XFER APPLECARD GSBANK PAYMENT WEB ID: PAYPALSI96, 
PAYPAL INST XFER BARCLAYCARD WEB ID: PAYPALSI80, 
PAYPAL INST XFER BARCLAYCARD WEB ID: PAYPALSI83, 
PAYPAL INST XFER BARCLAYCARD WEB ID: PAYPALSI86, 
PAYPAL INST XFER CAPITAL ONE AUTOPAY WEB ID: PAYPALSI00, 
PAYPAL INST XFER CAPITAL ONE AUTOPAY WEB ID: PAYPALSI04, 
PAYPAL INST XFER CAPITAL ONE AUTOPAY WEB ID: PAYPALSI08, 
PAYPAL INST XFER CAPITAL ONE AUTOPAY WEB ID: PAYPALSI22, 
PAYPAL INST XFER CAPITAL ONE AUTOPAY WEB ID: PAYPALSI26, 
PAYPAL INST XFER CAPITAL ONE AUTOPAY WEB ID: PAYPALSI53, 
PAYPAL INST XFER CHASE CREDIT CRD AUTOPAY WEB ID: PAYPALSI21, 
PAYPAL INST XFER CHASE CREDIT CRD AUTOPAY WEB ID: PAYPALSI55, 
PAYPAL INST XFER CHASE CREDIT CRD AUTOPAY WEB ID: PAYPALSI58, 
PAYPAL INST XFER CHASE CREDIT CRD AUTOPAY WEB ID: PAYPALSI83, 
PAYPAL INST XFER CITI AUTOPAY WEB ID: PAYPALSI44, 
PAYPAL INST XFER CITI AUTOPAY WEB ID: PAYPALSI87, 
PAYPAL INST XFER DISCOVER AUTOPAY WEB ID: PAYPALSI00, 
PAYPAL INST XFER DISCOVER AUTOPAY WEB ID: PAYPALSI41, 
PAYPAL INST XFER DISCOVER AUTOPAY WEB ID: PAYPALSI45, 
PAYPAL INST XFER DISCOVER AUTOPAY WEB ID: PAYPALSI47, 
PAYPAL INST XFER DISCOVER AUTOPAY WEB ID: PAYPALSI50, 
PAYPAL INST XFER DISCOVER AUTOPAY WEB ID: PAYPALSI77, 
PAYPAL INST XFER SYNCHRONY WEB ID: PAYPALSI36, 
PAYPAL INST XFER SYNCHRONY WEB ID: PAYPALSI37, 
PAYPAL INST XFER SYNCHRONY WEB ID: PAYPALSI48, 
PAYPAL INST XFER SYNCHRONY WEB ID: PAYPALSI53, 
PAYPAL INST XFER WEB ID: PAYPALSI01, 
PAYPAL INST XFER WEB ID: PAYPALSI07, 
PAYPAL INST XFER WEB ID: PAYPALSI12, 
PAYPAL INST XFER WEB ID: PAYPALSI17, 
PAYPAL INST XFER WEB ID: PAYPALSI18, 
PAYPAL INST XFER WEB ID: PAYPALSI20, 
PAYPAL INST XFER WEB ID: PAYPALSI25, 
PAYPAL INST XFER WEB ID: PAYPALSI30, 
PAYPAL INST XFER WEB ID: PAYPALSI32, 
PAYPAL INST XFER WEB ID: PAYPALSI36, 
PAYPAL INST XFER WEB ID: PAYPALSI39, 
PAYPAL INST XFER WEB ID: PAYPALSI43, 
PAYPAL INST XFER WEB ID: PAYPALSI45, 
PAYPAL INST XFER WEB ID: PAYPALSI47, 
PAYPAL INST XFER WEB ID: PAYPALSI56, 
PAYPAL INST XFER WEB ID: PAYPALSI63, 
PAYPAL INST XFER WEB ID: PAYPALSI66, 
PAYPAL INST XFER WEB ID: PAYPALSI69, 
PAYPAL INST XFER WEB ID: PAYPALSI70, 
PAYPAL INST XFER WEB ID: PAYPALSI77, 
PAYPAL INST XFER WEB ID: PAYPALSI78, 
PAYPAL INST XFER WEB ID: PAYPALSI79, 
PAYPAL INST XFER WEB ID: PAYPALSI81, 
PAYPAL INST XFER WEB ID: PAYPALSI83, 
PAYPAL INST XFER WEB ID: PAYPALSI85, 
PAYPAL INST XFER WEB ID: PAYPALSI95, 
PAYPAL INST XFER WEB ID: PAYPALSI96, 
PAYPAL INST XFER WEB ID: PAYPALSI97, 
PAYPAL PAYMENT TO ANDREW TAYLOR, 
PAYPAL PAYMENT TO ASHLEY DAVIS, 
PAYPAL PAYMENT TO ASHLEY NGUYEN, 
PAYPAL PAYMENT TO BETTY THOMAS, 
PAYPAL PAYMENT TO BETTY WONG, 
PAYPAL PAYMENT TO CHARLES LI, 
PAYPAL PAYMENT TO CHARLES RODRIGUEZ, 
PAYPAL PAYMENT TO DANIEL DAVIS, 
PAYPAL PAYMENT TO DANIEL PARK, 
PAYPAL PAYMENT TO DANIEL WILLIAMS, 
PAYPAL PAYMENT TO DONALD GONZALEZ, 
PAYPAL PAYMENT TO DONALD KIM, 
PAYPAL PAYMENT TO DONALD WHITE, 
PAYPAL PAYMENT TO DONALD WILSON, 
PAYPAL PAYMENT TO JAMES DAVIS, 
PAYPAL PAYMENT TO JENNIFER JACKSON, 
PAYPAL PAYMENT TO JENNIFER RODRIGUEZ, 
PAYPAL PAYMENT TO JESSICA LEE, 
PAYPAL PAYMENT TO JOSEPH PATEL, 
PAYPAL PAYMENT TO LINDA ANDERSON, 
PAYPAL PAYMENT TO LINDA HERNANDEZ, 
PAYPAL PAYMENT TO LISA ANDERSON, 
PAYPAL PAYMENT TO MARGARET HERNANDEZ, 
PAYPAL PAYMENT TO MARGARET RAMIREZ, 
PAYPAL PAYMENT TO MATTHEW TAYLOR, 
PAYPAL PAYMENT TO MATTHEW WANG, 
PAYPAL PAYMENT TO MICHAEL BROWN, 
PAYPAL PAYMENT TO MICHAEL CHEN, 
PAYPAL PAYMENT TO MICHAEL LEWIS, 
PAYPAL PAYMENT TO MICHELLE PEREZ, 
PAYPAL PAYMENT TO NANCY PARK, 
PAYPAL PAYMENT TO PAUL LEWIS, 
PAYPAL PAYMENT TO PAUL WHITE, 
PAYPAL PAYMENT TO RICHARD MARTINEZ, 
PAYPAL PAYMENT TO RICHARD WILLIAMS, 
PAYPAL PAYMENT TO ROBERT MILLER, 
PAYPAL PAYMENT TO ROBERT RAMIREZ, 
PAYPAL PAYMENT TO SANDRA DAVIS, 
PAYPAL PAYMENT TO SANDRA GARCIA, 
PAYPAL PAYMENT TO SANDRA THOMPSON, 
PAYPAL PAYMENT TO SARAH MOORE, 
PAYPAL PAYMENT TO SARAH WALKER, 
PAYPAL PAYMENT TO STEVEN ROBINSON, 
PAYPAL PAYMENT TO SUSAN ROBINSON, 
PAYPAL WALMART COM 4029357733 CA,PAYPAL WALMART
PAYPAL WALMART COM 8009256278 CA,PAYPAL WALMART
PEACOCK TV 03/09 #XXXXX0123 PURCHASE SUBSCR NEW YORK NY,Peacock
PEACOCK TV 04/30 PURCHASE NEW YORK NY,Peacock
PEACOCK TV 10/22 #XXXXX6789 PURCHASE SUBSCR NEW YORK NY,Peacock
PEACOCK.COM/BILL 11/12 PURCHASE 855-597-1827 NY,Peacock
PEETSCOFFE8754 01/31 PURCHASE SAINT PAUL MN,Peet's Coffee
PEP BOYS ONLINE 3111 W ALLEGHENY AVE 800-PEPBOYS 19132 PA USA,PEP BOYS
PEPBOYS STORE 55 72 HAZLET AVE HAZLET 07730 NJ USA,PEP BOYS
PETSMART3089 02/13 #XXXXX2339 PURCHASE PETSUPPLIES DENVER CO,PetSmart
PETSMART_PET369 06/05 PURCHASE SUPPLIES ATLANTA GA,PetSmart
PHILLIPS 66 - K &amp; K GA36-03 RTE 22 E WHITEHOUSE 08888 NJ USA,Phillips 66
PHILLIPS 66 05/31 PURCHASE HONOLULU HI,Phillips 66
PHILLIPS 66 07/26 PURCHASE HONOLULU HI,Phillips 66
PHILLIPS 66 09/16 PURCHASE HONOLULU HI,Phillips 66
PICTURE PEOPLE 0189 1101 SUMMIT AVE WOODBRIDGE 07095 NJ USA,PICTURE PEOPLE
PICTURE PEOPLE 0189 458 WOODBRIDGE CENTER DR WOODBRIDGE 07095 NJ USA,PICTURE PEOPLE
PILOT TRAVEL 02/03 PURCHASE KNOXVILLE TN,Pilot Travel
PIZZA HUT 07/31 #XXXXX9012 PURCHASE FOOD MADISON WI,Pizza Hut
PIZZA HUT 09/25 #XXXXX5678 PURCHASE FOOD FORT WAYNE IN,Pizza Hut
PIZZA HUT 10/25 #XXXXX0123 PURCHASE FOOD PLANO TX,Pizza Hut
PIZZAHUB_305 07/20 #XXXXX9302 PURCHASE PIZZA ANN_ARBOR MI,Pizza Hut
PIZZAHUT123 04/12 #XXXXX3456 PURCHASE PIZZA DALLAS TX,Pizza Hut
PIZZAHUT123 05/31 #XXXXX4567 PURCHASE SUPREME CHICAGO IL,Pizza Hut
PIZZAHUT123 12/13 #XXXXX1234 PURCHASE PIZZA ATLANTA GA,Pizza Hut
PIZZAHUT2045 01/06 PURCHASE PHILADELPHIA PA,Pizza Hut
PIZZAHUT321 01/19 #XXXXX2345 PURCHASE PEPPERONI PHOENIX AZ,Pizza Hut
PIZZAHUT321 11/17 #XXXXX7654 PURCHASE PANPIZZA SAN ANTONIO TX,Pizza Hut
PIZZAHUT456 04/21 #XXXXX2345 PURCHASE STUFFED PHOENIX AZ,Pizza Hut
PIZZAHUT567 01/21 #XXXXX2345 PURCHASE CHEESE DENVER CO,Pizza Hut
PIZZAHUT654 05/19 #XXXXX2345 PURCHASE PIZZA DENVER CO,Pizza Hut
PIZZAHUT654 07/30 #XXXXX8901 PURCHASE PIZZA DENVER CO,Pizza Hut
PIZZAHUT789 02/11 #XXXXX2345 PURCHASE PIZZA BOSTON MA,Pizza Hut
PIZZAHUT987 03/12 #XXXXX3456 PURCHASE PEPPERONI HOUSTON TX,Pizza Hut
PNC BANK DDA TO DDA A7M0DUGBM8 WEB ID: 5YWWVCOE7Q, 
PNC BANK LOAN PMT, 
PNC BANK PAYMENT, 
PNDR_EXPRESS_147 07/06 #XXXXX0234 PURCHASE FAST_FOOD DENVER CA,Panda Express
PNDR_EXPRESS_234 07/06 #XXXXX0234 PURCHASE FAST_FOOD ROSEMEAD CA,Panda Express
PNDR_EXPRESS_234 07/06 #XXXXX0234 PURCHASE FAST_FOOD ROSEMEAD CA REF1,Panda Express
PNDR_EXPRESS_234 07/06 #XXXXX0234 PURCHASE FAST_FOOD ROSEMEAD CA REF2,Panda Express
PNDR_EXPRESS_234 07/06 #XXXXX0234 PURCHASE FAST_FOOD ROSEMEAD CA REF3,Panda Express
PNDR_EXPRESS_369 07/06 #XXXXX0234 PURCHASE FAST_FOOD AUSTIN CA,Panda Express
PNDR_EXPRESS_654 07/06 #XXXXX0234 PURCHASE FAST_FOOD PHOENIX CA,Panda Express
PNDR_EXPRESS_741 07/06 #XXXXX0234 PURCHASE FAST_FOOD SEATTLE CA,Panda Express
PNDR_EXPRESS_963 07/06 #XXXXX0234 PURCHASE FAST_FOOD BOSTON CA,Panda Express
PNERA654 12/07 #XXXXX9876 PURCHASE BREADCO CLEVELAND OH,Panera Bread
PNERA963 10/27 PURCHASE ST LOUIS MO,Panera Bread
PNERA_BRD321 11/25 #XXXXX9012 PURCHASE SOUP SEATTLE WA,Panera Bread
PNERA_BRD369 07/28 #XXXXX2345 PURCHASE SANDWICH CHICAGO IL,Panera Bread
PNERA_BRD654 09/26 #XXXXX7890 PURCHASE SALAD SAN DIEGO CA,Panera Bread
PNERA_BRD741 10/24 #XXXXX3456 PURCHASE SANDWICH PHOENIX AZ,Panera Bread
POPEYES 06/01 #XXXXX9012 PURCHASE FOOD NEW ORLEANS LA,Popeyes
POPEYES456 02/24 #XXXXX0123 PURCHASE CHICKEN PHOENIX AZ,Popeyes
POSITIVE_BAKERY_847 06/08 #XXXXX4849 PURCHASE BAKERY BOSTON MA,Positive Bakery
POSTMATES 08/26 #XXXXX0123 PURCHASE FOOD SAN FRANCISCO CA,Postmates
POSTMATES DES:FOOD DELIV ID:POSTMATES1234 INDN:DANIEL TAYLOR CO ID:POSTMATESDE56 WEB,Postmates
POSTMATES DES:FOOD DELIV ID:POSTMATES9012 INDN:JAMES WILSON CO ID:POSTMATESDE34 WEB,Postmates
POSTMATES.COM/BILL 01/26 PURCHASE 888-815-7726 CA,Postmates
POSTMATES.COM/BILL 06/01 PURCHASE 888-815-7726 CA,Postmates
POSTMATES123 03/16 PURCHASE NEW YORK NY,Postmates
POSTMATES123 06/09 PURCHASE PHILADELPHIA PA,Postmates
POSTMATES123 07/13 PURCHASE NEW YORK NY,Postmates
POSTMATES123 11/08 PURCHASE SAN FRANCISCO CA,Postmates
POSTMATES321 02/04 PURCHASE WASHINGTON DC,Postmates
POSTMATES321 06/11 PURCHASE PHOENIX AZ,Postmates
POSTMATES321 08/23 PURCHASE AUSTIN TX,Postmates
POSTMATES321 11/06 PURCHASE DENVER CO,Postmates
POSTMATES456 01/15 PURCHASE SAN FRANCISCO CA,Postmates
POSTMATES456 01/18 PURCHASE WASHINGTON DC,Postmates
POSTMATES654 01/30 PURCHASE LUBBOCK TX,Postmates
POSTMATES654 03/01 PURCHASE SANTA ANA CA,Postmates
POSTMATES654 04/15 PURCHASE MIAMI FL,Postmates
POSTMATES654 07/04 PURCHASE PORTLAND OR,Postmates
POSTMATES654 07/11 PURCHASE SAN FRANCISCO CA,Postmates
POSTMATES654 09/17 PURCHASE ATLANTA GA,Postmates
POSTMATES654 09/21 PURCHASE DALLAS TX,Postmates
POSTMATES654 12/01 PURCHASE CHICAGO IL,Postmates
POSTMATES654 12/31 PURCHASE RIVERSIDE CA,Postmates
POSTMATES789 02/14 PURCHASE MIAMI FL,Postmates
POSTMATES789 06/14 PURCHASE PHILADELPHIA PA,Postmates
POSTMATES789 10/15 PURCHASE DETROIT MI,Postmates
POSTMATES789 12/01 PURCHASE RALEIGH NC,Postmates
POSTMATES789 12/12 PURCHASE WASHINGTON DC,Postmates
POSTMATES987 04/30 PURCHASE CAPE CORAL FL,Postmates
POSTMATES987 07/29 PURCHASE DETROIT MI,Postmates
POSTMATES987 08/04 PURCHASE MIAMI FL,Postmates
POSTMATES987 10/22 PURCHASE SEATTLE WA,Postmates
POSTMATES987 10/31 PURCHASE NEW YORK NY,Postmates
POSTMATES987 12/26 PURCHASE LOS ANGELES CA,Postmates
POSTMATESARBYS 10/18 PURCHASE 888-815-7726 CA,Arby's
POSTMATESCHICKFILA 09/04 PURCHASE 888-815-7726 CA,Chick-fil-A
POSTMATESCHIPOTLE 04/03 PURCHASE 888-815-7726 CA,Chipotle
POSTMATESDENNYS 06/08 PURCHASE 888-815-7726 CA,Postmates
POSTMATESMCDONALDS 07/22 PURCHASE 888-815-7726 CA,McDonald's
PP*BAKED BY MELISSA LL133 W 19TH ST NEW YORK 10011 NY USA,BAKED BY MELISSA
PPL*TEAM BEACHBODY 3301 EXPOSITION BLVD 800-979-5091 90404 CA USA,TEAM BEACHBODY
PPL*TM BEACHBODY BODI 3301 EXPOSITION BLVD 800-979-5091 90404 CA USA,TEAM BEACHBODY
PRADA_654 03/14 #XXXXX4658 PURCHASE LUX_BRAND MILANO IT,Prada
PRESCHOOL SMILES 11000 VIKING DRIVE 18773818276 55344 MN USA,PRESCHOOL SMILES
PRICE CHOPPER 01/13 PURCHASE SCHENECTADY NY,Price Chopper
PRICE CHOPPER 04/04 PURCHASE ALBANY NY,Price Chopper
PRICE CHOPPER 12/21 PURCHASE KANSAS CITY MO,Price Chopper
PRIME VIDEO 08/23 #XXXXX6789 PURCHASE SUBSCR SEATTLE WA,Amazon
PRIME VIDEO*288LO6131 440 TERRY AVE N 888-802-3080 98109 WA USA,Prime Video
PRIME VIDEO*502SF57G3 440 TERRY AVE N 888-802-3080 98109 WA USA,Prime Video
PRIME VIDEO*5241X7563 440 TERRY AVE N 888-802-3080 98109 WA USA,Prime Video
PRIME VIDEO*5R1Q75043 440 TERRY AVE N 888-802-3080 98109 WA USA,Prime Video
PRIME VIDEO*6E0DS6WA3 440 TERRY AVE N 888-802-3080 98109 WA USA,Prime Video
PRIME VIDEO*7E1VM7MV3 440 TERRY AVE N 888-802-3080 98109 WA USA,Prime Video
PRIME VIDEO*8D3HH9XZ3 440 TERRY AVE N 888-802-3080 98109 WA USA,Prime Video
PRIME VIDEO*CL3RG49E3 440 TERRY AVE N 888-802-3080 98109 WA USA,Prime Video
PRIME VIDEO*DR0OK4X53 440 TERRY AVE N 888-802-3080 98109 WA USA,Prime Video
PRIME VIDEO*J17339NL3 440 TERRY AVE N 888-802-3080 98109 WA USA,Prime Video
PRIME VIDEO*JJ4FL26I3 440 TERRY AVE N 888-802-3080 98109 WA USA,Prime Video
PRIME VIDEO*LU26I8LS3 440 TERRY AVE N 888-802-3080 98109 WA USA,Prime Video
PRIME VIDEO*LW12I42M3 440 TERRY AVE N 888-802-3080 98109 WA USA,Prime Video
PRIME VIDEO*M18J31041 440 TERRY AVE N 888-802-3080 98109 WA USA,Prime Video
PRIME VIDEO*M74O59IY2 440 TERRY AVE N 888-802-3080 98109 WA USA,Prime Video
PRIME VIDEO*M764J3132 440 TERRY AVE N 888-802-3080 98109 WA USA,Prime Video
PRIME VIDEO*MF4FO3CU2 440 TERRY AVE N 888-802-3080 98109 WA USA,Prime Video
PRIME VIDEO*MJ4EU9O60 440 TERRY AVE N 888-802-3080 98109 WA USA,Prime Video
PRIME VIDEO*MK3FZ34L2 440 TERRY AVE N 888-802-3080 98109 WA USA,Prime Video
PRIME VIDEO*MS4YT6GY2 440 TERRY AVE N 888-802-3080 98109 WA USA,Prime Video
PRIME VIDEO*MU0ON0NN2 440 TERRY AVE N 888-802-3080 98109 WA USA,Prime Video
PRIME VIDEO*NT43Y0I43 440 TERRY AVE N 888-802-3080 98109 WA USA,Prime Video
PRIME VIDEO*TV5XV7M23 440 TERRY AVE N 888-802-3080 98109 WA USA,Prime Video
PRIME VIDEO*UA84P80E3 440 TERRY AVE N 888-802-3080 98109 WA USA,Prime Video
PRIME VIDEO*UQ3Y27Y23 440 TERRY AVE N 888-802-3080 98109 WA USA,Prime Video
PRIME VIDEO*VG48B2XX3 440 TERRY AVE N 888-802-3080 98109 WA USA,Prime Video
PRIME VIDEO*WV1OB0LQ3 440 TERRY AVE N 888-802-3080 98109 WA USA,Prime Video
PRIME VIDEO*X94EH4KY3 440 TERRY AVE N 888-802-3080 98109 WA USA,Prime Video
PRIME VIDEO*Z376593K3 440 TERRY AVE N 888-802-3080 98109 WA USA,Prime Video
PRIME VIDEO.COM/BILL 03/23 PURCHASE 888-802-3080 WA,Amazon
PRIME VIDEO.COM/BILL 07/27 PURCHASE 888-802-3080 WA,Amazon
PRIME VIDEO.COM/BILL 09/22 PURCHASE 888-802-3080 WA,Amazon
PRIME VIDEO.COM/BILL 10/27 PURCHASE 888-802-3080 WA,Amazon
PRIME VIDEO.COM/BILL 11/17 PURCHASE 888-802-3080 WA,Amazon
PRIMO BRANDS/WATERSERV 800-274-5282 CA,PRIMO WATER
PRIMO WATER 1150 ASSEMBLY DR STE 800-7285508 33607-4894FL USA,PRIMO WATER
PRIMO WATER 1150 ASSEMBLY DR STE TAMPA 33607-4894FL USA,PRIMO WATER
PRIVATEINTERNETACCESS.COM/BILL 01/10 PURCHASE 657-555-7006 US,Private Internet Access
PRIVATEINTERNETACCESS.COM/BILL 02/12 PURCHASE 855-720-0465 US,Private Internet Access
PRIVATEINTERNETACCESS.COM/BILL 03/31 PURCHASE 437-555-3666 US,Private Internet Access
PRIVATEINTERNETACCESS.COM/BILL 11/07 PURCHASE 833-555-1678 US,Private Internet Access
PRIVATEVPN.COM/BILL 03/08 PURCHASE +46 850513774 SE,PrivateVPN
PRIVATEVPN.COM/BILL 04/09 PURCHASE +46 850513774 SE,PrivateVPN
PRIVATEVPN.COM/BILL 04/20 PURCHASE 382-555-5331 US,PrivateVPN
PRIVATEVPN.COM/BILL 12/05 PURCHASE 756-555-4009 US,PrivateVPN
PROTONMAIL.COM/BILL 01/15 PURCHASE +41 435082800 CH,ProtonMail
PROTONMAIL.COM/BILL 07/18 PURCHASE 888-555-9012 CH,ProtonMail
PROTONVPN.COM/BILL 01/30 PURCHASE 602-555-8671 US,ProtonVPN
PROTONVPN.COM/BILL 11/11 PURCHASE 822-555-2011 US,ProtonVPN
PSTMTS890 10/26 #XXXXX321098 PURCHASE POSTMATES.COM CA,Postmates
PTP*OLD BRIDGE NJ PARK1 OLD BRIDGE PLAZA 914-7471797 08857 NJ USA,OLD BRIDGE PARK
PTRYBRN_HME741 05/17 #XXXXX7890 PURCHASE DECOR ATLANTA GA,Pottery Barn
PTRYBRN_HME963 08/13 #XXXXX6789 PURCHASE DECOR PORTLAND OR,Pottery Barn
PUBLIX 01/25 PURCHASE LAKELAND FL,Publix
PUBLIX 02/07 PURCHASE MIAMI FL,Publix
PUBLIX 02/11 PURCHASE MIAMI FL,Publix
PUBLIX 04/18 PURCHASE MIAMI FL,Publix
PUBLIX 06/27 PURCHASE MIAMI FL,Publix
PUBLIX 07/30 PURCHASE TAMPA FL,Publix
PUBLIX 09/12 PURCHASE JACKSONVILLE FL,Publix
PUBLIX 10/30 PURCHASE ORLANDO FL,Publix
PUBLIX 11/05 PURCHASE TAMPA FL,Publix
PUBLIX 11/21 PURCHASE MIAMI FL,Publix
PUBLIX 11/22 PURCHASE MIAMI FL,Publix
PUBLIX SUPER 04/04 PURCHASE TAMPA FL,Publix
PUBLIX SUPER 06/11 PURCHASE ORLANDO FL,Publix
PUBLIX SUPER MARKETS 05/26 PURCHASE ATLANTA GA,Publix
PUBLIX789 09/27 PURCHASE LAKELAND FL,Publix
PUBLIX_SPRMRKT123 10/09 #XXXXX7890 PURCHASE GROCERIES MIAMI FL,Publix
PUBLIX_SPRMRKT654 01/01 #XXXXX7890 PURCHASE GROCERIES ATLANTA GA,Publix
PUBLIX_SPRMRKT654 03/02 #XXXXX9012 PURCHASE GROCERIES PHOENIX AZ,Publix
PUB_L_X_132 07/30 #XXXXX2131 PURCHASE GROCERIES LAKELAND FL,Publix
PUREVPN.COM/BILL 03/16 PURCHASE 888-988-7387 HK,PureVPN
PUREVPN.COM/BILL 04/17 PURCHASE 888-988-7387 HK,PureVPN
PUREVPN.COM/BILL 12/25 PURCHASE 701-555-5674 US,PureVPN
PZZHUT321 01/01 #XXXXX1234 PURCHASE PANPIZZA STOCKTON CA,Pizza Hut
PZZHUT321 02/15 #XXXXX1234 PURCHASE PANPIZZA NORTH LAS VEGAS NV,Pizza Hut
PZZHUT654 03/17 #XXXXX1234 PURCHASE PANPIZZA GRAND RAPIDS MI,Pizza Hut
PZZHUT987 04/21 #XXXXX9876 PURCHASE PANPIZZA SANTA ROSA CA,Pizza Hut
Payment Thank You - 2nd A, 
Payment Thank You - Web, 
Payment To Fifth Third Card Ending In 9397, 
Payment To Regions Bank Card Ending In 7345, 
Payment To Td Bank Card Ending In 3285, 
Payment to BANK OF AMERICA card ending in 2344, 
Payment to FIFTH THIRD card ending in 0931, 
Payment to FIFTH THIRD card ending in 6897, 
Payment to REGIONS BANK card ending in 0031, 
Payment to REGIONS BANK card ending in 4250, 
Paypal Inst Xfer Amex Autopay Web Id: Paypalsi48, 
Paypal Inst Xfer Applecard Gsbank Payment Web Id: Paypalsi05, 
Paypal Inst Xfer Citi Autopay Web Id: Paypalsi10, 
Paypal Inst Xfer Citi Autopay Web Id: Paypalsi22, 
Paypal Inst Xfer Web Id: Paypalsi01, 
Paypal Inst Xfer Web Id: Paypalsi12, 
Paypal Inst Xfer Web Id: Paypalsi18, 
Paypal Inst Xfer Web Id: Paypalsi29, 
Paypal Inst Xfer Web Id: Paypalsi31, 
Paypal Inst Xfer Web Id: Paypalsi43, 
Paypal Inst Xfer Web Id: Paypalsi57, 
Paypal Inst Xfer Web Id: Paypalsi59, 
Paypal Inst Xfer Web Id: Paypalsi74, 
Paypal Inst Xfer Web Id: Paypalsi79, 
Paypal Inst Xfer Web Id: Paypalsi86, 
Paypal Inst Xfer Web Id: Paypalsi87, 
Paypal Inst Xfer Web Id: Paypalsi91, 
Paypal Payment To Charles Chen, 
Paypal Payment To Jennifer Jackson, 
Paypal Payment To Kimberly White, 
Paypal Payment To Mary Clark, 
Paypal Payment To Michael Sanchez, 
Paypal Payment To Sandra Li, 
QATAR AIR 1430 K STREET NW WASHINGTON 20005 DC USA,QATAR AIRWAYS
QATAR AIR0009999999999QATAR AIRWAYS TOWER 1 DOHA 0000000 QATQAT,QATAR AIRWAYS
QDF CENTRAL CONCOURSE HAMAD INTL AIRPORT DOHA 22550 QAT,QATAR AIRWAYS
QUICK CHEK CORP #79 1 CLIFFWOOD ROAD OLD BRIDGE 08857 NJ USA,QUICK CHEK
QUICK CHEK CORP #79 OLD BRIDGE NJ,QUICK CHEK
QUICK CHEK CORPORATI 1850 EASTON AVE SOMERSET 08873 NJ USA,QUICK CHEK
QUIKTRIP 01/10 PURCHASE TULSA OK,QuikTrip
QUIKTRIP 06/12 PURCHASE TULSA OK,QuikTrip
QUIKTRIP 08/03 PURCHASE TULSA OK,QuikTrip
QUIKTRIP 08/18 PURCHASE TULSA OK,QuikTrip
QUIKTRIP 09/24 PURCHASE TULSA OK,QuikTrip
RAAVI FOODS LLC 1297 ROUTE 9 NORTH OLD BRIDGE 08857 NJ USA,RAAVI NAAN KABAB
RAAVI FOODS LLC OLD BRIDGE NJ,RAAVI NAAN KABAB
RAAVI FOODS LLC OLD BRIDGE NJ REF1,RAAVI NAAN KABAB
RAAVI FOODS LLC OLD BRIDGE NJ REF2,RAAVI NAAN KABAB
RAAVI FOODS LLC OLD BRIDGE NJ REF3,RAAVI NAAN KABAB
RAAVI NAAN KABAB 1297 ROUTE 9 N OLD BRIDGE 08857 NJ USA,RAAVI NAAN KABAB
RAAVI NAAN KABAB 1297 US HIGHWAY 9 OLD BRIDGE 08857 NJ USA,RAAVI NAAN KABAB
RACE REGISTER DONATIO5 E RIVER RD RUMSON 07760 NJ USA,RACE REGISTER DONATIONS
RACETRAC 01/16 PURCHASE ATLANTA GA,RaceTrac
RACETRAC 06/08 PURCHASE ATLANTA GA,RaceTrac
RACETRAC 07/30 PURCHASE ATLANTA GA,RaceTrac
RACETRAC 08/02 PURCHASE ATLANTA GA,RaceTrac
RACETRAC 09/20 PURCHASE ATLANTA GA,RaceTrac
RACETRAC 11/05 PURCHASE ATLANTA GA,RaceTrac
RAISING CANES 01/23 #XXXXX0123 PURCHASE FOOD BATON ROUGE LA,Raising Canes
RALPHS 12/29 PURCHASE LOS ANGELES CA,Ralphs
RAPPI DES:FOOD ID:RAPP5678 INDN:ALEJANDRO TORRES CO ID:RAPPFD9012 WEB,Rappi
RAVE 1098 2821 HIGHWAY 35 HAZLET 07730 NJ USA,RAVE
RAZ*SPARDHA LEARNINGS OFFICE NO 502 DERON HILLS BANER S.N PUNE 411045 MH IND,RAZ SPARDHA LEARNINGS
RAZ*SPARDHA LEARNINGS RAZ*SPARDHA LEARNINGS PUNE 411045 INDIND,RAZ SPARDHA LEARNINGS
RAZ*TERRAFIN SOLUTIONS,RAZ SPARDHA LEARNINGS
RCMH FOOD &amp; MERCH 1260 6TH AVE NEW YORK 10020 NY USA,RCMH FOOD & MERCH
REAL FRUIT BUBBLE TEA 250 WOODBRIDGE CENTER DR WOODBRIDGE 07095 NJ USA,REAL FRUIT BUBBLE
REAL FRUIT BUBBLE TEA 250 WOODBRIDGE CENTER DRIVE WOODBRIDGE 07095 NJ USA,REAL FRUIT BUBBLE
REFRESH TEA 250 WOODBRIDGE CENTE WOODBRIDGE TO07095 NJ USA,REFRESH TEA
REGIONS BANK BROKERAGE MONEYLINK, 
REGIONS BANK DDA TO DDA E9S0ML3PEM WEB ID: 2W3BMR6IUC, 
REGIONS BANK DDA TO DDA HKIGB55DPT WEB ID: 9NX3BHCLIO, 
REGIONS BANK DDA TO DDA IQ6MZTQB9Q WEB ID: JJNY3OFTKC, 
REGIONS BANK DDA TO DDA QFEPPH4UHZ WEB ID: KT1PPT9NRL, 
REGIONS BANK DDA TO DDA RVI4U4JMNH WEB ID: ITZN2VY3CF, 
REGIONS BANK LOAN PMT, 
REGIONS BANK PAYMENT, 
REMOTE ONLINE DEPOSIT # 1, 
REMOTE ONLINE DEPOSIT # 2, 
REMOTE ONLINE DEPOSIT # 3, 
REMOTE ONLINE DEPOSIT # 4, 
REMOTE ONLINE DEPOSIT # 5, 
RETURNED ITEM FEE, 
RETURNED ITEM FEE - 05/01, 
RETURNED ITEM FEE - 15/18, 
RETURNED ITEM FEE - 22/39, 
RETURNED ITEM FEE - 40/64, 
RETURNED ITEM FEE - 41/05, 
RETURNED ITEM FEE - 47/55, 
RETURNED ITEM FEE - 50/77, 
RETURNED ITEM FEE - 54/64, 
RETURNED ITEM FEE - 56/35, 
RETURNED ITEM FEE - 65/32, 
RETURNED ITEM FEE - 72/53, 
RETURNED ITEM FEE - 73/94, 
RETURNED ITEM FEE - 85/82, 
RETURNED ITEM FEE - 90/36, 
RETURNED ITEM FEE - 97/02, 
RETURNED ITEM FEE - 99/57, 
RETURNED ITEM FEE - 99/86, 
RETURNED PAYMENT, 
REYDEL VOLKSWAGEN 2034 LINCOLN HWY EDISON 08818 NJ USA,REYDEL VOLKSWAGEN
REYDEL VOLKSWAGEN 2034 STATE ROUTE 27 EDISON 08817 NJ USA,REYDEL VOLKSWAGEN
REYDEL VOLKSWAGEN INC 2034 LINCOLN HWY EDISON 08818 NJ USA,REYDEL VOLKSWAGEN
RFC MENLO PARK REST 520 MENLO PARK DR EDISON 08837 NJ USA,RFC MENLO PARK
RIFFYS KITCHEN 777 WASHINGTON ROAD PARLIN 08859 NJ USA,RIFFYS KITCHEN
RITE AID 05/18 PURCHASE PHILADELPHIA PA,Rite Aid
RITE AID STORE 04/06 PURCHASE PHILADELPHIA PA,Rite Aid
ROCK N AIR ADVENTURE P581 ROUTE 18 S EAST BRUNSWIC08816 NJ USA,ROCK N AIR ADVENTURE
ROSETTA BAKERY 1633 BR1633 BROADWAY NEW YORK 10019 NY USA,ROSETTA BAKERY
ROSS_DSCNT258 09/18 #XXXXX1234 PURCHASE CLOTHING ORLANDO FL,Ross
RT. 1 HYUNDAI SERVICE 90-100 ROUTE 1 N AVENEL 07001 NJ USA,HYUNDAI SERVICE
RVLTN_CLTH741 06/06 #XXXXX3456 PURCHASE APPAREL ONLINE,Revolution Clothing
RVLTN_CLTH741 06/06 #XXXXX3456 PURCHASE APPAREL ONLINE REF1,Revolution Clothing
RVLTN_CLTH741 06/06 #XXXXX3456 PURCHASE APPAREL ONLINE REF2,Revolution Clothing
RVLTN_CLTH741 06/06 #XXXXX3456 PURCHASE APPAREL ONLINE REF3,Revolution Clothing
RVLTN_CLTH963 09/02 #XXXXX5678 PURCHASE APPAREL ONLINE,Revolution Clothing
RVT*MEAL MAGIC 165 BETHANY ROAD HOLMDEL 07733 NJ USA,MEAL MAGIC
R_BAILEY9871 02/16 #XXXXX4928 PURCHASE FURNITURE KANSAS CITY MO,R Bailey
Returned Item Fee, 
Returned Item Fee - 59/24, 
Returned Item Fee - 59/46, 
Returned Payment, 
SAFERVPN.COM/BILL 09/16 PURCHASE 888-555-0123 US,SaferVPN
SAFEWAY 02/14 PURCHASE SEATTLE WA,Safeway
SAFEWAY 02/15 PURCHASE SEATTLE WA,Safeway
SAFEWAY 04/24 PURCHASE PORTLAND OR,Safeway
SAFEWAY 05/14 PURCHASE DENVER CO,Safeway
SAFEWAY 05/22 PURCHASE PORTLAND OR,Safeway
SAFEWAY 07/03 PURCHASE SAN FRANCISCO CA,Safeway
SAFEWAY 07/04 PURCHASE SEATTLE WA,Safeway
SAFEWAY 07/09 PURCHASE SEATTLE WA,Safeway
SAFEWAY 08/22 PURCHASE SEATTLE WA,Safeway
SAFEWAY 10/05 PURCHASE SEATTLE WA,Safeway
SAFEWAY 10/10 PURCHASE PORTLAND OR,Safeway
SAFEWAY 10/26 PURCHASE SAN FRANCISCO CA,Safeway
SAFEWAY 11/29 PURCHASE SAN FRANCISCO CA,Safeway
SAFEWAY456 10/03 PURCHASE PLEASANTON CA,Safeway
SAFWY_SPRMRKT321 04/07 #XXXXX2345 PURCHASE GROCERIES CHICAGO IL,Safeway
SAFWY_SPRMRKT321 10/21 #XXXXX2345 PURCHASE GROCERIES PORTLAND OR,Safeway
SAFWY_SPRMRKT987 02/06 #XXXXX1234 PURCHASE GROCERIES PHOENIX AZ,Safeway
SAFWY_SPRMRKT987 12/08 #XXXXX9012 PURCHASE GROCERIES PORTLAND OR,Safeway
SAHARA 34 1008 RT 34 MATAWAN 07747 NJ USA,SAHARA
SALTYCREW8462 01/02 #XXXXX4321 PURCHASE BEACHWEAR SAN DIEGO CA,Salty Crew
SAMAHA S FARM 704 LLOYD ROAD MATAWAN 07747 NJ USA,SAMAHA`S FARM
SAMAHA`S FARM 704 LLOYD RD ABERDEEN 07747 NJ USA,SAMAHA`S FARM
SAMS CLUB 04/17 PURCHASE HOUSTON TX,Sam's Club
SAMS CLUB 06/07 PURCHASE PHOENIX AZ,Sam's Club
SAMSCLB_903 07/02 #XXXXX3904 PURCHASE WHOLESALE BENTONVILLE AR,Sam's Club
SAVE A LOT 01/18 PURCHASE CLEVELAND OH,Save A Lot
SBARRO 771 310 WOODBRIDGE CTR. DR. WOODBRIDGE 07095 NJ USA,SBARRO
SBUX456 09/02 #XXXXX7890 PURCHASE COFFEE SEATTLE WA,Starbucks
SBWAYY654 11/12 #XXXXX3210 PURCHASE EATFRESH CHARLOTTE NC,Subway
SBWY_SNDWCH147 01/18 PURCHASE FOOTLONG BOSTON MA,Subway
SBWY_SNDWCH147 02/07 PURCHASE FOOTLONG BOSTON MA,Subway
SBWY_SNDWCH147 12/09 PURCHASE FOOTLONG BOSTON MA,Subway
SBWY_SNDWCH147 12/29 PURCHASE FOOTLONG BOSTON MA,Subway
SBWY_SNDWCH369 04/26 PURCHASE FOOTLONG NEW YORK NY,Subway
SBWY_SNDWCH741 07/23 PURCHASE FOOTLONG HOUSTON TX,Subway
SBWY_SNDWCH963 10/19 PURCHASE FOOTLONG BOSTON MA,Subway
SCHNUCKS 01/10 PURCHASE ST. LOUIS MO,Schnucks
SCHOLASTIC BOOK FAIRS 1080 GREENWOOD BLVD LAKE MARY 32746 FL USA,SCHOLASTIC BOOK FAIRS
"SCHOLASTIC, INC. 2931 E MCCARTY ST JEFFERSONCITY65101 MO USA",SCHOLASTIC BOOK FAIRS
SCHOLASTIC5002 02/11 #XXXXX7567 PURCHASE BOOKFAIR ORLANDO FL,Scholastic
SCHWAB BROKERAGE TRANSFER, 
SEAMLESS 09/01 #XXXXX8901 PURCHASE FOOD NEW YORK NY,Seamless
SEAMLESS123 01/20 PURCHASE PHILADELPHIA PA,Seamless
SEAMLESS123 01/30 PURCHASE CHICAGO IL,Seamless
SEAMLESS123 02/10 PURCHASE MIAMI FL,Seamless
SEAMLESS123 04/20 PURCHASE CHICAGO IL,Seamless
SEAMLESS321 02/09 PURCHASE BATON ROUGE LA,Seamless
SEAMLESS321 05/20 PURCHASE SAN FRANCISCO CA,Seamless
SEAMLESS321 09/25 PURCHASE NEW YORK NY,Seamless
SEAMLESS456 03/31 PURCHASE CHICAGO IL,Seamless
SEAMLESS654 02/19 PURCHASE CHICAGO IL,Seamless
SEAMLESS654 03/11 PURCHASE AURORA IL,Seamless
SEAMLESS654 04/10 PURCHASE OVERLAND PARK KS,Seamless
SEAMLESS654 11/12 PURCHASE SAN FRANCISCO CA,Seamless
SEAMLESS789 11/06 PURCHASE DETROIT MI,Seamless
SEAMLESS987 03/21 PURCHASE BOSTON MA,Seamless
SEAMLESS987 03/24 PURCHASE WASHINGTON DC,Seamless
SEAMLESS987 06/05 PURCHASE LOS ANGELES CA,Seamless
SEAMLESS987 06/19 PURCHASE LOS ANGELES CA,Seamless
SEAMLESS987 12/30 PURCHASE MIAMI FL,Seamless
"SEPHORA.COM 350 MISSION STREET, 7TH FLOOR 877-SEPHORA 94105 CA USA",Sephora
SEPHORA123 03/09 PURCHASE PARIS,Sephora
SEPHORA567 04/26 PURCHASE PARIS,Sephora
SEPHORA789 01/20 PURCHASE PARIS,Sephora
SEPHORA901 06/13 PURCHASE PARIS,Sephora
SHAAN GRILL LLC 343 STATE ROUTE 34 MATAWAN 07747 NJ USA,SHAAN GRILL
SHAHNAWAZ HALAL MEAT. 490 LINCOLN HIGHWAY ISELIN 08830 NJ USA,SHAHNAWAZ HALAL MEAT
SHAKE SHACK 03/12 #XXXXX4567 PURCHASE FOOD NEW YORK NY,Shake Shack
SHAKE SHACK 08/15 #XXXXX4567 PURCHASE FOOD NEW YORK NY,Shake Shack
SHAKESHACK789 03/20 #XXXXX2345 PURCHASE SHACK ATLANTA GA,Shake Shack
SHALIMAR HALAL MEAT &amp; 41 MIDDLESEX AVE ISELIN 08830 NJ USA,SHALIMAR HALAL MEAT
SHALIMAR HALAL MEAT &amp; 41 MIDDLESEX AVENUE ISELIN 08830 NJ USA,SHALIMAR HALAL MEAT
SHALIMAR HALAL MEAT AN41 MIDDLESEX AVE ISELIN 08830 NJ USA,SHALIMAR HALAL MEAT
SHALIMAR SWEETS 1329 OAK TREE RD ISELIN 08830 NJ USA,SHALIMAR SWEETS
SHEETZ 08/15 PURCHASE AUSTIN PA,Sheetz
SHEETZ 08/15 PURCHASE BOSTON PA,Sheetz
SHEETZ 08/15 PURCHASE DENVER PA,Sheetz
SHEETZ 08/15 PURCHASE PHOENIX PA,Sheetz
SHEETZ 08/15 PURCHASE SEATTLE PA,Sheetz
SHEETZ 08/22 PURCHASE ALTOONA PA,Sheetz
SHEETZ 08/22 PURCHASE ALTOONA PA REF1,Sheetz
SHEETZ 08/22 PURCHASE ALTOONA PA REF2,Sheetz
SHEETZ 08/22 PURCHASE ALTOONA PA REF3,Sheetz
SHEETZ INC 11/17 PURCHASE ALTOONA PA,Sheetz
SHELL OIL 04/05 PURCHASE HOUSTON TX,Shell
SHELL OIL 05/02 PURCHASE HOUSTON TX,Shell
SHELL OIL 05/05 PURCHASE CHICAGO IL,Shell
SHELL OIL 05/15 PURCHASE OMAHA NE,Shell
SHELL OIL 06/23 PURCHASE MIAMI FL,Shell
SHELL OIL 06/29 PURCHASE HOUSTON TX,Shell
SHELL OIL 08/06 PURCHASE HOUSTON TX,Shell
SHELL OIL 08/13 PURCHASE HOUSTON TX,Shell
SHELL OIL 08/23 PURCHASE KANSAS CITY MO,Shell
SHELL OIL 10/06 PURCHASE MIAMI FL,Shell
SHELL OIL 10/23 PURCHASE KANSAS CITY MO,Shell
SHELL OIL 10047522015 601 FIRST AVE &amp; RTE 202 RARITAN 08869 NJ USA,Shell
SHELL OIL 12/16 #XXXXX7890 PURCHASE GAS HOUSTON TX,Shell
SHELL OIL 57442740802 03/11 PURCHASE DALLAS TX,Shell
SHELL_GAS369 05/22 #XXXXX3456 PURCHASE FUEL MIAMI FL,Shell
SHELL_GAS369 07/01 #XXXXX6789 PURCHASE FUEL DALLAS TX,Shell
SHELL_GAS741 09/27 #XXXXX9012 PURCHASE FUEL MIAMI FL,Shell
SHELL_GAS963 11/14 #XXXXX7890 PURCHASE FUEL PORTLAND OR,Shell
SHILLEH 520 ERNSTON RD PARLIN 08859 NJ USA,SHILLEH HALAL
SHILLEH HALAL MEAT 520 ERNSTON RD PARLIN 08859 NJ USA,SHILLEH HALAL
SHOPRITE 02/24 PURCHASE KEASBEY NJ,ShopRite
SHOPRITE 03/23 PURCHASE NEWARK NJ,ShopRite
SHOPRITE 05/31 PURCHASE NEWARK NJ,ShopRite
SHOPRITE 08/16 PURCHASE PHILADELPHIA PA,ShopRite
SHOPRITE 12/02 PURCHASE KEASBEY NJ,ShopRite
SHOPRITE 12/09 PURCHASE PHILADELPHIA PA,ShopRite
SHOPRITE ABERDEEN S1 318 LLOYD RD ABERDEEN 07747 NJ USA,ShopRite
SHOPRITE ABERDEEN S1 ABERDEEN NJ,ShopRite
SHOPRITE HAZLET S1 3150 STATE HIGHWAY 35 HAZLET 07735 NJ USA,ShopRite
SHOPRITE HAZLET S1 3150 STATE HIGHWAY 35 HAZLET 07735 NJ USA (RETURN),ShopRite
SHOPRITE HAZLET S1 HAZLET NJ,ShopRite
SHOPRITE KINGS COMMON 1500 STATE HWY 35 SOUTH MIDDLETOWN 07748 NJ USA,ShopRite
SHOPRITE OF OLD BRIDGE2239 US HWY 9 OLD BRIDGE 08857 NJ USA,ShopRite
SHOWCASE (343) 55 PARSONAGE RD #2550A EDISON 08817 NJ USA,SHOWCASE
SHUDDER 07/27 PURCHASE NEW YORK NY,Shudder
SLACK.COM/BILL 05/31 PURCHASE 855-603-4427 CA,Slack
SLACK.COM/BILL 12/26 PURCHASE 855-603-4427 CA,Slack
SLICE*JaansPizza Old Bridge NJ,Jaans Pizza
SLICE*SALERNOSPIZZERIA902 BROADWAY19TH FLOOR NEW YORK CITY10010 NY USA,SALERNOS PIZZERIA
SLINGTV.COM 09/05 PURCHASE 888-795-4622 CO,Sling TV
SMASHVILLE HOT CHICKEN377 A GEORGE ST NEW BRUNSWICK08901 NJ USA,SMASHVILLE HOT CHICKEN
SNACK* JOYCE CREAMERY 2021 FILLMORE STSTE 185 SAN FRANCISCO94115 CA USA,JOYCE CREAMERY
SNAPOLOGY 16 POLO CLUB DRIVE 7329657627 07724 NJ USA,SNAPOLOGY
SOFI LENDING,SoFi Lending
SONIC 05/24 #XXXXX1234 PURCHASE FOOD OKLAHOMA CITY OK,Sonic Drive In
SONIC 09/17 #XXXXX7890 PURCHASE FOOD RENO NV,Sonic Drive In
SONIC DRIVE 11/24 #XXXXX0123 PURCHASE FOOD OKLAHOMA CITY OK,Sonic Drive In
SOUTH AMBOY YMCA 200 JOHN T O'LEARY BLVD SOUTH AMBOY 08879 NJ USA,YMCA
SOUTHWEST 02/05 #XXXXX1234 PURCHASE TRAVEL DALLAS TX,Southwest Airlines
SOUTHWEST 03/25 #XXXXX9012 PURCHASE TRAVEL DALLAS TX,Southwest Airlines
SOUTHWEST 05/12 #XXXXX7890 PURCHASE TRAVEL DALLAS TX,Southwest Airlines
SOUTHWEST 06/29 #XXXXX6789 PURCHASE TRAVEL DALLAS TX,Southwest Airlines
SOUTHWEST 08/16 #XXXXX5678 PURCHASE TRAVEL DALLAS TX,Southwest Airlines
SOUTHWEST 12/19 #XXXXX2345 PURCHASE TRAVEL DALLAS TX,Southwest Airlines
SOUTHWEST AIR 526XXXXXXXX 03/21 PURCHASE 800-435-9792 TX,Southwest Airlines
SOUTHWEST AIR 526XXXXXXXX 10/16 PURCHASE 800-435-9792 TX,Southwest Airlines
SP * LA CONTESSA BY MA1207 ROUNDHILL RD 4102153087 21218 MD USA,LA CONTESSA
SP * LA CONTESSA BY MA1207 ROUNDHILL RD BALTIMORE 21218 MD USA,LA CONTESSA
SP EUVEXIA 4 S 2600 W HURRICANE 84737 UT USA,EUVEXIA
SP LA BONBONNIERE 2062 STATE ROUTE 27 EDISON 08817 NJ USA,LA BON BAKE SHOPPES
"SP LULU PRESS 627 DAVIS DR., SUITE 300 MORRISVILLE 27560 NC USA",LULU.COM
"SP MISEN 68 THIRD STREET, #212 BROOKLYN 11231 NY USA",MISEN
SPACENEEDLE478 02/21 PURCHASE ENTRY SEATTLE WA,Space Needle
SPEEDWAY 02/09 PURCHASE ENON OH,Speedway
SPEEDWAY 03434 1030 US HIGHWAY 9 N WOODBRIDGE 07095 NJ USA,Speedway
SPEEDWAY 07644 2451 NESCONSET HWY STONY BROOK 11790 NY USA,Speedway
SPEEDWAY 12/29 PURCHASE ENON OH,Speedway
SPEEDWAY LLC 10/18 PURCHASE ENON OH,Speedway
SPICY RAMEN_984 04/01 #XXXXX4988 PURCHASE FOOD NEW YORK NY,Spicy Ramen
SPIRIT AIR 1234567890 05/26 PURCHASE 801-401-2222 FL,Spirit Airlines
SPIRIT AIR 1234567890 09/13 PURCHASE 801-401-2222 FL,Spirit Airlines
SPOTHERO 844-356-8054,SPOTHERO
SPOTHERO 844-356-8054 125 S. CLARK ST.; #1300 CHICAGO 60603 IL USA,SPOTHERO
SPOTIFY 01/14 #XXXXX8901 PURCHASE SUBSCR STOCKHOLM SE,Spotify
SPOTIFY USA 09/23 PURCHASE NEW YORK NY,Spotify
SPOTIFY.COM 09/23 PURCHASE 877-778-7113 CA,Spotify
SPOTIFY.COM 10/13 PURCHASE STOCKHOLM SE,Spotify
SPOTIFY.COM/BILL 02/09 PURCHASE 844-728-7687 NY,Spotify
SPOTIFY.COM/BILL 04/25 PURCHASE 877-778-1161 SE,Spotify
SPOTIFY.COM/BILL 06/15 PURCHASE 844-728-7687 NY,Spotify
SPOTIFY.COM/BILL 10/05 PURCHASE 844-728-7687 NY,Spotify
SPOTIFY.COM/BILL 10/11 PURCHASE 844-994-2143 NY,Spotify
SPOTIFY456 01/03 #XXXXX3456 PURCHASE SUBSCR STOCKHOLM,Spotify
SPOTIFY456 02/02 #XXXXX6789 PURCHASE SUBSCR STOCKHOLM,Spotify
SPOTIFY456 08/13 #XXXXX1234 PURCHASE SUBSCR STOCKHOLM,Spotify
SPOTIFY678 06/26 #XXXXX2345 PURCHASE SUBSCR STOCKHOLM,Spotify
SPOTIFY789 03/13 #XXXXX2345 PURCHASE SUBSCR STOCKHOLM,Spotify
SPRING LAKE COMMUNITY 300 MADISON AVE 732-449-4530 07762 NJ USA,SPRING LAKE COMMUNITY
SPROUTS 06/19 PURCHASE PHOENIX AZ,Sprouts
SPROUTS 07/29 PURCHASE PHOENIX AZ,Sprouts
SPROUTS 09/11 PURCHASE PHOENIX AZ,Sprouts
SPROUTS FARMERS MARK 327 HIGHWAY 35 CLIFFWOOD 07721 NJ USA,Sprouts
SPROUTS_MKT369 06/18 #XXXXX6789 PURCHASE GROCERIES ORLANDO FL,Sprouts
SPROUTS_MKT741 09/14 #XXXXX9012 PURCHASE GROCERIES DALLAS TX,Sprouts
SPRTS_AUTHRTY369 05/09 #XXXXX3456 PURCHASE EQUIPMENT HOUSTON TX,Sports Authority
SPRTS_AUTHRTY369 05/09 #XXXXX3456 PURCHASE EQUIPMENT HOUSTON TX REF1,Sports Authority
SPRTS_AUTHRTY369 05/09 #XXXXX3456 PURCHASE EQUIPMENT HOUSTON TX REF2,Sports Authority
SPRTS_AUTHRTY369 05/09 #XXXXX3456 PURCHASE EQUIPMENT HOUSTON TX REF3,Sports Authority
SPRTS_AUTHRTY963 11/01 #XXXXX7890 PURCHASE EQUIPMENT SEATTLE WA,Sports Authority
SPRTS_AUTHRTY963 11/01 #XXXXX7890 PURCHASE EQUIPMENT SEATTLE WA REF1,Sports Authority
SPRTS_AUTHRTY963 11/01 #XXXXX7890 PURCHASE EQUIPMENT SEATTLE WA REF2,Sports Authority
SPRTS_AUTHRTY963 11/01 #XXXXX7890 PURCHASE EQUIPMENT SEATTLE WA REF3,Sports Authority
SPRTS_STORE456 01/07 #XXXXX5678 PURCHASE APPAREL SAN DIEGO CA,Sports Store
SQ *A-Z DOLLAR PLUS 201 NEW BRUNSWICK AVENUE WOODBRIDGE TO08861 NJ USA,A-Z DOLLAR
SQ *COLD STONE CREAMER444 WOODBRIDGE CENTER DRIVE WOODBRIDGE TO07095 NJ USA,COLD STONE
SQ *D'BELLA SALON 349 F MATAWAN ROAD MATAWAN 07747 NJ USA,D'BELLA SALON
SQ *FANTASY RIDE LLC 243 WOODBRIDGE CENTER DRIVE WOODBRIDGE TO07095 NJ USA,FANTASY RIDE
SQ *FANTASY RIDE LLC 250 WOODBRIDGE CENTER DRIVE WOODBRIDGE TO07095 NJ USA,FANTASY RIDE
SQ *FUN KIDS TRAIN 243 WOODBRIDGE CENTER DRIVE WOODBRIDGE TO07095 NJ USA,FUN KIDS TRAIN
SQ *HERITAGE AMUSEMENT3710 US-9 FREEHOLD TOWN07728 NJ USA,HERITAGE AMUSEMENT
SQ *ICECREAM TRUCK 324 WEST 47TH STREET NEW YORK 10036 NY USA,ICECREAM TRUCK
SQ *M CITY DOLLAR 250 WOODBRIDGE CENTER DRIVE WOODBRIDGE TO07095 NJ USA,M CITY DOLLAR
SQ *MAZUMDER ENTERTAIN243 WOODBRIDGE CENTER DRIVE WOODBRIDGE TO07095 NJ USA,MAZUMDER ENTERTAINMENT
SQ *MAZUMDER ENTERTAIN250 WOODBRIDGE CENTER DRIVE WOODBRIDGE TO07095 NJ USA,MAZUMDER ENTERTAINMENT
SQ *MAZUMDER ENTERTAIN336 NEW BRUNSWICK AVENUE WOODBRIDGE TO08863 NJ USA,MAZUMDER ENTERTAINMENT
SQ *PLAYLAND WOODBRIDG250 WOODBRIDGE CENTER DRIVE WOODBRIDGE TO07095 NJ USA,PLAYLAND
SQ *POTATO PALOOZA 250 WOODBRIDGE CENTER DRIVE WOODBRIDGE TO07095 NJ USA,POTATO PALOOZA
SQ *POTATO PALOOZA 463 GREEN STREET WOODBRIDGE TO07095 NJ USA,POTATO PALOOZA
SQ *POTATO PALOOZA WOODBRIDGE CENTER MALL WOODBRIDGE 07095 NJ USA,POTATO PALOOZA
SQ *ROBAAZ 1826 ROUTE-35 SOUTH AMBOY 08879 NJ USA,ROBAAZ
SQ *ROYAL CHICKEN 121 RARITAN STREET KEYPORT 07735 NJ USA,ROYAL CHICKEN
SQ *ROYAL CHICKEN 460 COUNTY ROAD CLIFFWOOD 07721 NJ USA,ROYAL CHICKEN
SQ *ROYAL CHICKEN 943 GROVE AVE LAURENCE HARB08879 NJ USA,ROYAL CHICKEN
SQ *ROYAL CHICKEN RARITAN ROAD KEYPORT 07735 NJ USA,ROYAL CHICKEN
SQ *THE ANCHOR FISH &amp; 469-695 GREENWOOD AVENUE SOUTH AMBOY 08879 NJ USA,THE ANCHOR FISH
SQ *TOYS STOP 243 WOODBRIDGE CENTER DRIVE WOODBRIDGE TO07095 NJ USA,TOYS STOP
SQ *ZARA SALON &amp; SPA 101 LINCOLN HIGHWAY EDISON 08820 NJ USA,ZARA SALON
SQ FOOD TRUCK 10/04 PURCHASE AUSTIN TX,Food Truck
SQ GRAND HYATT 05/01 PURCHASE SEOUL KOR,Grand Hyatt
SQ GRAND HYATT 07/17 PURCHASE TOKYO JPN,Grand Hyatt
SQ HILTON 08/19 PURCHASE BERLIN DEU,Hilton
SQ HILTON HOTEL 05/12 PURCHASE VIENNA AUT,Hilton
SQ HYATT REGENCY 03/07 PURCHASE PARIS FRA,Hyatt Regency
SQ MANDARIN ORIENTAL 10/02 PURCHASE PARIS FRA,Mandarin Oriental
SQ MARRIOTT HOTEL 02/11 PURCHASE DUBAI UAE,Marriott
SQ PARK HYATT 09/10 PURCHASE VIENNA AUT,Park Hyatt
SQ RITZ-CARLTON 03/18 PURCHASE CANCUN MEX,Ritz-Carlton
SQ RITZ-CARLTON 07/28 PURCHASE PARIS FRA,Ritz-Carlton
SQ RITZ-CARLTON 09/21 PURCHASE TOKYO JPN,Ritz-Carlton
SQ RITZ-CARLTON 11/03 PURCHASE PARIS FRA,Ritz-Carlton
SQ SHERATON HOTEL 02/24 PURCHASE TOKYO JPN,Sheraton
SQ SOFITEL 06/25 PURCHASE SYDNEY AUS,Sofitel
SQ SOFITEL 08/30 PURCHASE DUBAI UAE,Sofitel
SQ SOFITEL HOTEL 04/09 PURCHASE BERLIN DEU,Sofitel
SQ ST REGIS 07/06 PURCHASE MOSCOW RUS,St. Regis
SQ W HOTEL 06/14 PURCHASE AMSTERDAM NLD,W Hotel
SQ W HOTEL 08/08 PURCHASE BARCELONA ESP,W Hotel
SQUARESPACE.COM/BILL 06/16 PURCHASE 855-564-4353 NY,Squarespace
SQUARESPACE.COM/BILL 12/22 PURCHASE 646-576-3100 NY,Squarespace
ST JOHN VIANNEY HS 540A LINE RD 732-7390800 07733 NJ USA,St. John Vianney High School
ST JOHN VIANNEY HS 540A LINE RD 732-7390800 07733 NJ USA REF1,St. John Vianney High School
ST JOHN VIANNEY HS 540A LINE RD 732-7390800 07733 NJ USA REF2,St. John Vianney High School
ST JOHN VIANNEY HS 540A LINE RD 732-7390800 07733 NJ USA REF3,St. John Vianney High School
ST JOHN'S NURSERY SCHO2000 FLORENCE AVE 7328887886 07730 NJ USA,St. John's Nursery School
ST JOHN'S NURSERY SCHO2000 FLORENCE AVE HAZLET 07730 NJ USA,St. John's Nursery School
STAPLES 001023433140 ROUTE 35 HAZLET 07730 NJ USA,Staples
STAPLES 001023433140 ROUTE 35 HAZLET 07730 NJ USA (RETURN),Staples
STAR BAZAAR SOMERSET 1760 EASTON AVE SOMERSET 08873 NJ USA,STAR BAZAAR
STARBCKS_209 07/04 #XXXXX4902 PURCHASE COFFEE SEATTLE WA,Starbucks
STARBKS789 10/14 #XXXXX9012 PURCHASE LATTE DENVER CO,Starbucks
STARBUCKS 08/02 #XXXXX2345 PURCHASE FOOD CHICAGO IL,Starbucks
STARBUCKS 66554 EAST RUTHERFORD SYOSSET 11773 NY USA,Starbucks
STARBUCKS STORE 07438 265 MAIN STREET MATAWAN 07747 NJ USA,Starbucks
STARBUCKS STORE 12345 02/17 PURCHASE CHICAGO IL,Starbucks
STARBUCKS STORE 47413 1109 ROUTE 34 MATAWAN 07747 NJ USA,Starbucks
STARBUCKS123 09/28 #XXXXX4583 PURCHASE CAFE CHICAGO IL,Starbucks
STARBUCKS321 08/23 #XXXXX4577 PURCHASE CAFE SAN FRANCISCO CA,Starbucks
STARBUCKS321 11/21 #XXXXX4592 PURCHASE CAFE DETROIT MI,Starbucks
STARBUCKS3211 01/07 #XXXXX7654 PURCHASE COFFEE LOS ANGELES CA,Starbucks
STARBUCKS456 10/16 #XXXXX4586 PURCHASE CAFE SEATTLE WA,Starbucks
STARBUCKS654 07/18 #XXXXX4571 PURCHASE CAFE PORTLAND OR,Starbucks
STARBUCKS654 09/10 #XXXXX4580 PURCHASE CAFE MIAMI FL,Starbucks
STARBUCKS789 11/03 #XXXXX4589 PURCHASE CAFE LOS ANGELES CA,Starbucks
STARBUCKS987 08/05 #XXXXX4574 PURCHASE CAFE NEW YORK NY,Starbucks
STARBUX456 01/06 #XXXXX6789 PURCHASE COFFEE SEATTLE WA,Starbucks
STATEMENT CREDIT, 
STEWART'S SHOPS 09/27 PURCHASE ALBANY NY,Stewart's Shops
STOP & SHOP 03/15 PURCHASE HARTFORD CT,Stop & Shop
STOP & SHOP 03/20 PURCHASE QUINCY MA,Stop & Shop
STOP & SHOP 04/16 PURCHASE HARTFORD CT,Stop & Shop
STOP & SHOP 06/05 PURCHASE BOSTON MA,Stop & Shop
STOP & SHOP 09/01 PURCHASE HARTFORD CT,Stop & Shop
STOP & SHOP 11/27 PURCHASE BOSTON MA,Stop & Shop
STOP & SHOP 12/26 PURCHASE QUINCY MA,Stop & Shop
STOP &amp; SHOP 0801 100 RTE 36 KEYPORT 07735 NJ USA,Stop & Shop
STOP &amp; SHOP 0801 100 RTE 36 KEYPORT 07735 NJ USA (RETURN),Stop & Shop
STOP &amp; SHOP 0803 1049 US RTE 1 SOUTH EDISON 08820 NJ USA,Stop & Shop
STORE*N THAI PALACE 303 2ND STREETSUITE 800 SAN FRANCISCO94107 CA USA,N THAI
STORE*ROUND PIE PIZZA 303 2ND STREETSUITE 800 SAN FRANCISCO94107 CA USA,ROUND PIE PIZZA
STRBKS753 10/18 #XXXXX135792 PURCHASE SEATTLE WA,Starbucks
STRBKS789 10/13 #XXXXX9876 PURCHASE COFFEE&CO CHICAGO IL,Starbucks
STRBKS_COFE369 10/03 PURCHASE LATTE HOUSTON TX,Starbucks
STRONGVPN.COM/BILL 02/27 PURCHASE 525-555-1002 US,StrongVPN
STRONGVPN.COM/BILL 03/24 PURCHASE 800-755-8001 US,StrongVPN
STRONGVPN.COM/BILL 09/20 PURCHASE 888-555-4567 US,StrongVPN
STRONGVPN.COM/BILL 12/09 PURCHASE 745-555-4342 US,StrongVPN
STUBHUB DES:TIX PURCH ID:STUBHUB1234 INDN:JAMES BROWN CO ID:STUBHUBDE56 WEB,StubHub
STUBHUB DES:TIX PURCH ID:STUBHUB5678 INDN:JAMES TAYLOR CO ID:STUBHUBDE90 WEB,StubHub
STUBHUB DES:TIX PURCH ID:STUBHUB5678 INDN:MICHAEL BROWN CO ID:STUBHUBDE90 WEB,StubHub
STUBHUB DES:TIX PURCH ID:STUBHUB5678 INDN:OLIVIA BROWN CO ID:STUBHUBDE90 WEB,StubHub
STUBHUB DES:TIX PURCH ID:STUBHUB9012 INDN:OLIVIA TAYLOR CO ID:STUBHUBDE34 WEB,StubHub
"SUBMITTABLE - STRIPE 101 E FRONT ST, SUITE 500 MISSOULA 59802 MT USA",SUBMITTABLE
SUBMITTABLE - STRIPE 111 N HIGGINS AVE #300 MISSOULA 59802 MT USA,SUBMITTABLE
SUBWAY 04/10 #XXXXX6789 PURCHASE FOOD MIAMI FL,Subway
SUBWAY 06/09 #XXXXX7890 PURCHASE FOOD SPOKANE WA,Subway
SUBWAY 08/04 #XXXXX3456 PURCHASE FOOD GREENSBORO NC,Subway
SUBWAY 09/29 #XXXXX9012 PURCHASE FOOD DURHAM NC,Subway
SUBWAY123 01/01 #XXXXX1234 PURCHASE EATFRESH HOUSTON TX,Subway
SUBWAY123 01/02 PURCHASE MILFORD CT,Subway
SUBWAY123 08/17 #XXXXX4576 PURCHASE FOOD WASHINGTON DC,Subway
SUBWAY123 10/18 #XXXXX1234 PURCHASE EATFRESH LAS VEGAS NV,Subway
SUBWAY234 01/26 #XXXXX3456 PURCHASE FOOTLONG MIAMI FL,Subway
SUBWAY321 03/07 #XXXXX9876 PURCHASE EATFRESH MORENO VALLEY CA,Subway
SUBWAY321 04/11 #XXXXX3456 PURCHASE ITALIAN SAN DIEGO CA,Subway
SUBWAY321 04/11 #XXXXX5432 PURCHASE EATFRESH PROVIDENCE RI,Subway
SUBWAY321 06/15 #XXXXX2345 PURCHASE EATFRESH SAN FRANCISCO CA,Subway
SUBWAY321 07/12 #XXXXX4570 PURCHASE FOOD WASHINGTON DC,Subway
SUBWAY321 09/14 #XXXXX5678 PURCHASE SANDWICH AUSTIN TX,Subway
SUBWAY321 10/10 #XXXXX4585 PURCHASE FOOD LAS VEGAS NV,Subway
SUBWAY345 04/08 PURCHASE MILFORD CT,Subway
SUBWAY456 03/19 #XXXXX5678 PURCHASE FOOTLONG DALLAS TX,Subway
SUBWAY456 09/04 #XXXXX4579 PURCHASE FOOD ORLANDO FL,Subway
SUBWAY456 11/12 #XXXXX1234 PURCHASE EATFRESH SEATTLE WA,Subway
SUBWAY456 11/19 #XXXXX2345 PURCHASE FOOTLONG MIAMI FL,Subway
SUBWAY567 08/30 PURCHASE MILFORD CT,Subway
SUBWAY654 01/06 #XXXXX9876 PURCHASE EATFRESH PITTSBURGH PA,Subway
SUBWAY654 02/05 #XXXXX9876 PURCHASE EATFRESH RENO NV,Subway
SUBWAY654 05/31 #XXXXX8901 PURCHASE FOOTLONG ATLANTA GA,Subway
SUBWAY654 07/30 #XXXXX4573 PURCHASE FOOD CHICAGO IL,Subway
SUBWAY654 12/03 #XXXXX4594 PURCHASE FOOD LAS VEGAS NV,Subway
SUBWAY789 02/19 PURCHASE MILFORD CT,Subway
SUBWAY789 03/02 #XXXXX4567 PURCHASE MEATBALL NEW ORLEANS LA,Subway
SUBWAY789 04/01 #XXXXX8901 PURCHASE FOOTLONG PHOENIX AZ,Subway
SUBWAY789 05/21 #XXXXX2345 PURCHASE VEGGIE HOUSTON TX,Subway
SUBWAY789 05/26 PURCHASE MILFORD CT,Subway
SUBWAY789 09/22 #XXXXX4582 PURCHASE FOOD PHILADELPHIA PA,Subway
SUBWAY789 09/23 #XXXXX1234 PURCHASE EATFRESH AUSTIN TX,Subway
SUBWAY789 12/07 #XXXXX1234 PURCHASE EATFRESH PORTLAND OR,Subway
SUBWAY987 06/30 #XXXXX4567 PURCHASE CLUB NEW ORLEANS LA,Subway
SUBWAY987 07/18 #XXXXX2345 PURCHASE FOOTLONG HOUSTON TX,Subway
SUBWAY987 11/15 #XXXXX4591 PURCHASE FOOD PHOENIX AZ,Subway
SUBWAY_SNDWCH147 09/23 #XXXXX6789 PURCHASE FOOTLONG ATLANTA GA,Subway
SUBWAY_SNDWCH963 06/27 #XXXXX7890 PURCHASE FOOTLONG MIAMI FL,Subway
SUBZI MANDI CASH &amp; CAR1518 OAK TREE RD ISELIN 08830 NJ USA,SUBZI MANDI
SUBZI MANDI CASH &amp; CAR1518 OAK TREE ROAD ISELINE 08830 NJ USA,SUBZI MANDI
SUB_ZERO0_830 06/20 #XXXXX0832 PURCHASE COOLING_GEAR MADISON WI,Sub Zero
SUMMIT ONE VANDERBILT ONE VANDERBILT AVE 212-216-1716 10170 NY USA,SUMMIT ONE
SUNDAES INTERNATIONAL 1059 RT 34 MATAWAN 07747 NJ USA,SUNDAES INTERNATIONAL
SUNDAES INTERNATIONAL IN MATAWAN NJ,SUNDAES INTERNATIONAL
SUNDANCENOW 09/09 PURCHASE NEW YORK NY,Sundance Now
SUNOCO 0327962700 QPSGARDEN ST PKY MP 124.1 SOUTH AMBOY 08879 NJ USA,Sunoco
SUNOCO 05/07 PURCHASE PITTSBURGH PA,Sunoco
SUNOCO 07/13 PURCHASE PHILADELPHIA PA,Sunoco
SUNOCO 09/24 PURCHASE PHILADELPHIA PA,Sunoco
SUPERSUMMARY 548 MARKET ST #76678 8559532122 94104 CA USA,SUPERSUMMARY
SURFSHARK.COM/BILL 01/23 PURCHASE +44 2080581723 UK,Surfshark
SURFSHARK.COM/BILL 01/26 PURCHASE 613-555-8338 US,Surfshark
SURFSHARK.COM/BILL 04/16 PURCHASE 393-555-4998 US,Surfshark
SURFSHARK.COM/BILL 07/14 PURCHASE 888-555-5678 DE,Surfshark
SURFSHARK.COM/BILL 11/03 PURCHASE 844-555-1345 US,Surfshark
"SWEET ICE CREAMERY 55 PARSONAGE RD, SUITE 12 EDISON 08837 NJ USA",SWEET ICE CREAMERY
SWING LOOSE INDOOR GOL101 CRAWFORDS CORNER RD S 908-7056800 07733 NJ USA,SWING LOOSE
SWING LOOSE INDOOR GOL101 CRAWFORDS CORNER RD S 908-7056800 07733 NJ USA (RETURN),SWING LOOSE
SYNCHRONY PPD ID: 0833872958, 
SYNCHRONY PPD ID: 3189003650, 
SYNCHRONY PPD ID: 3685135645, 
SYNCHRONY PPD ID: 7731409586, 
Schwab Brokerage Transfer, 
Sizzling_SZECHUAN_343 07/18 #XXXXX9342 PURCHASE CHINESE_RESTRNT SAN_FRANCISCO CA,Sizzling Szechuan
Subway034 04/11 #XXXXX4039 PURCHASE EATFRESH MIAMI FL,Subway
T-MOBILE WEB PAYMENT 12920 SE 38TH ST 877-453-1304 98006 WA USA,T-MOBILE
T.J.MAXX_754 05/21 #XXXXX4759 PURCHASE DEPARTMENT_STORE FRAMINGHAM MA,T.J. Maxx
T135790 10/04 #XXXXX3456 WITHDRWL 1630 PHOENIX AZ FEE, 
T246813 10/16 #XXXXX7890 WITHDRWL 1845 MIAMI FL FEE, 
T456789 09/20 #XXXXX5678 WITHDRWL 1845 CHICAGO IL FEE, 
T468012 10/23 #XXXXX7890 WITHDRWL 1915 DALLAS TX FEE, 
T579102 10/30 #XXXXX7890 WITHDRWL 1915 DALLAS TX FEE, 
T680124 11/06 #XXXXX7890 WITHDRWL 1915 DALLAS TX FEE, 
T789012 09/27 #XXXXX9012 WITHDRWL 2130 HOUSTON TX FEE, 
TACO BELL 01/17 PURCHASE IRVINE CA,Taco Bell
TACO BELL 03/06 PURCHASE IRVINE CA,Taco Bell
TACO BELL 039089 125 STATE ROUTE 34 ABERDEEN 07747 NJ USA,Taco Bell
TACO BELL 039089 ABERDEEN NJ,Taco Bell
TACO BELL 04/23 PURCHASE IRVINE CA,Taco Bell
TACO BELL 06/10 PURCHASE IRVINE CA,Taco Bell
TACO BELL 07/28 PURCHASE IRVINE CA,Taco Bell
TACO BELL 08/24 #XXXXX3456 PURCHASE FOOD FORT COLLINS CO,Taco Bell
TACO BELL 10/13 #XXXXX4567 PURCHASE FOOD IRVINE CA,Taco Bell
TACO.BELL_235 07/14 #XXXXX9235 PURCHASE FAST_FOOD IRVINE CA,Taco Bell
TACO911 01/16 #XXXXX7890 PURCHASE BURRITO AUSTIN TX,Taco 911
TACOBELL321 02/06 #XXXXX6789 PURCHASE BURRITO AUSTIN TX,Taco Bell
TACOBELL321 03/01 #XXXXX3456 PURCHASE TACO HOUSTON TX,Taco Bell
TACOBELL321 11/01 #XXXXX1234 PURCHASE TACO HOUSTON TX,Taco Bell
TACOBELL456 04/01 #XXXXX4567 PURCHASE CRUNCHWRAP DENVER CO,Taco Bell
TACOBELL654 01/21 #XXXXX9876 PURCHASE LIVEMAS CHULA VISTA CA,Taco Bell
TACOBELL654 04/01 #XXXXX1234 PURCHASE LIVEMAS NEWPORT NEWS VA,Taco Bell
TACOBELL654 05/01 #XXXXX1234 PURCHASE LIVEMAS SIOUX FALLS SD,Taco Bell
TACOBELL654 06/20 #XXXXX2345 PURCHASE NACHOS DENVER CO,Taco Bell
TACOBELL789 05/01 #XXXXX8901 PURCHASE TACO LOS ANGELES CA,Taco Bell
TACOBELL987 02/20 #XXXXX2345 PURCHASE CHALUPA PHOENIX AZ,Taco Bell
TACOBELL987 02/25 #XXXXX5432 PURCHASE LIVEMAS MODESTO CA,Taco Bell
TACO_BLL147 05/20 PURCHASE BURRITO SEATTLE WA,Taco Bell
TACO_BLL258 08/16 PURCHASE BURRITO CHICAGO IL,Taco Bell
TACO_BLL369 11/12 PURCHASE BURRITO PHOENIX AZ,Taco Bell
TALABAT DES:FOOD ID:TALA5678 INDN:AHMAD HASSAN CO ID:TALAFD9012 WEB,Talabat
TARG3T_STR321 03/21 #XXXXX8901 PURCHASE ESSENTIALS DALLAS TX,Target
TARG3T_STR654 01/14 #XXXXX1234 PURCHASE GROCERIES DALLAS TX,Target
TARG3T_STR987 05/20 #XXXXX8901 PURCHASE ESSENTIALS SEATTLE WA,Target
TARGET 00010553100 PARSONAGE RD EDISON 08837 NJ USA,Target
TARGET 000119242105 ROUTE 35 MIDDLETOWN 07748 NJ USA,Target
TARGET 000192995000 HADLEY CENTER DR SOUTH PLAINFI07080 NJ USA,Target
TARGET 01/24 PURCHASE HOUSTON TX,Target
TARGET 03/04 PURCHASE MINNEAPOLIS MN,Target
TARGET 04/04 PURCHASE HOUSTON TX,Target
TARGET 06/13 PURCHASE HOUSTON TX,Target
TARGET 08/22 PURCHASE HOUSTON TX,Target
TARGET 10/03 PURCHASE MIAMI FL,Target
TARGET 10/06 PURCHASE MIAMI FL,Target
TARGET.COM * 7000 TARGET PARKWAY 800-591-3869 55445 MN USA,Target
TARGETT654 10/18 #XXXXX4321 PURCHASE BULLSEYE BOSTON MA,Target
TAXIFY DES:RIDE ID:TAXI9012 INDN:ANDRES SILVA CO ID:TAXIRI3456 WEB,Taxify
TCOBELL321 12/02 #XXXXX1234 PURCHASE LIVEMAS MESA AZ,Taco Bell
TD BANK DDA TO DDA 0IKRXCKD5X WEB ID: 0ICWU5AC8R, 
TD BANK DDA TO DDA 8MFXSEQWEW WEB ID: Y3GAETMG8M, 
TD BANK DDA TO DDA 8RM1NU0774 WEB ID: 244L3VEUKF, 
TD BANK DDA TO DDA GFM4JPC73I WEB ID: NQBPWLJHAI, 
TD BANK DDA TO DDA GYSH7K4SR3 WEB ID: GUK468RD3H, 
TEAM EXPRESS HAZLET HAZLET NJ,TEAM EXPRESS
TEDDYBEARPORTRAITS.COM152 MOLLY WALTON DRIVE HENDERSONVILL37075 TN USA,Teddy Bear Portraits
TEDDYBEARPORTRAITS.COM152 MOLLY WALTON DRIVE HENDERSONVILL37075 TN USA (RETURN),Teddy Bear Portraits
TEN TEA INC 419 ECCLES AVENUE SAN FRANCISCO94080 CA USA,TEN TEA
TERMINAL 9 GRILL RESTA2243 US HIGHWAY 9 7323136479 08857 NJ USA,TERMINAL 9 GRILL
TESLA COMMERCE US,Tesla
TESLA INC SUBSCRIPPALO ALTO CA,Tesla
TESLA MOTORS,Tesla
TESLA OTA US,Tesla
TESLA RESERVATION US,Tesla
TEXACO 05/23 PURCHASE BOISE ID,Texaco
TGIF_RSTRNT147 12/02 #XXXXX9012 PURCHASE DINNER ATLANTA GA,TGI Fridays
TGIF_RSTRNT258 01/31 #XXXXX9012 PURCHASE DINNER ATLANTA GA,TGI Fridays
TGIF_RSTRNT258 02/20 #XXXXX9012 PURCHASE DINNER ATLANTA GA,TGI Fridays
TGIF_RSTRNT258 04/19 #XXXXX7890 PURCHASE DINNER ORLANDO FL,TGI Fridays
TGIF_RSTRNT258 12/22 #XXXXX9012 PURCHASE DINNER ATLANTA GA,TGI Fridays
TGIF_RSTRNT741 07/16 #XXXXX6789 PURCHASE DINNER MIAMI FL,TGI Fridays
TGIF_RSTRNT963 10/12 #XXXXX9012 PURCHASE DINNER ATLANTA GA,TGI Fridays
TGT 651-555-0199 09/22 PURCHASE 651-555-0199 MN,Target
TGTG5893 03/05 #XXXXX3085 PURCHASE BULKFREIGHT STLOUIS MO,Target
THE CHILDRENS PLACE 00354 WOODBRIDGE CENTER WOODBRIDGE 07095 NJ USA,THE CHILDREN'S PLACE
THE CRYPTO MERCHANT 4470 W SUNSET 929-322-0896 90027 CA USA,THE CRYPTO MERCHANT
THE DEPOSITORY T,THE DEPOSITORY TRUST & CLEARING CORP.
THE HALAL CRAVE 777 WASHINGTON RD PARLIN 08859 NJ USA,THE HALAL CRAVE
THE HOBBY SHOP 1077 STATE ROUTE 34 STE C MATAWAN 07747 NJ USA,THE HOBBY
THE HOME DEPOT #0916 373 ROUTE 9 SOUTH WOODBRIDGE 070950000 NJ USA,Home Depot
THE HOME DEPOT #0926 3700 HWY 35 HAZLET 077300000 NJ USA,Home Depot
THE HOME DEPOT #0947 400 PROMENADE BLVD BRIDGEWATER 088070000 NJ USA,Home Depot
THE HOME DEPOT #0957 1090 RTE 9 SOUTH OLD BRIDGE 088570000 NJ USA,Home Depot
THE NATIONAL SOCIETY O1 EVERTRUST PLZ STE 101 SUITE 101 JERSEY CITY 07302 NJ USA,THE NATIONAL SOCIETY
THORNTONS 09/11 PURCHASE LOUISVILLE KY,Thorntons
THORNTONS 12/11 PURCHASE LOUISVILLE KY,Thorntons
TICKETMASTER DES:TIX PURCH ID:TICKETM1234 INDN:EMILY DAVIS CO ID:TICKETMDE56 WEB,Ticketmaster
TICKETMASTER DES:TIX PURCH ID:TICKETM1234 INDN:SOPHIA DAVIS CO ID:TICKETMDE56 WEB,Ticketmaster
TICKETMASTER DES:TIX PURCH ID:TICKETM5678 INDN:EMILY GREEN CO ID:TICKETMDE90 WEB,Ticketmaster
TIDAL MUSIC 03/21 #XXXXX6789 PURCHASE SUBSCR NEW YORK NY,Tidal
TIDAL MUSIC 11/21 #XXXXX6789 PURCHASE SUBSCR NEW YORK NY,Tidal
TIFFANYS_349 06/24 #XXXXX9349 PURCHASE JEWELRY NEW_YORK NY,Tiffany's
TJMAXX_DPT147 11/27 PURCHASE CLOTHING DENVER CO,T.J. Maxx
TJMAXX_DPT258 01/06 PURCHASE CLOTHING DENVER CO,T.J. Maxx
TJMAXX_DPT258 01/26 PURCHASE CLOTHING DENVER CO,T.J. Maxx
TJMAXX_DPT258 02/15 PURCHASE CLOTHING DENVER CO,T.J. Maxx
TJMAXX_DPT258 03/27 PURCHASE CLOTHING DENVER CO,T.J. Maxx
TJMAXX_DPT258 12/17 PURCHASE CLOTHING DENVER CO,T.J. Maxx
TJMAXX_DPT741 06/13 PURCHASE CLOTHING SAN FRANCISCO CA,T.J. Maxx
TM *FRAN LEBOWITZ 7060 HOLLYWOOD BLVD 800-653-8000 90028 CA USA,FRAN LEBOWITZ
TM *TICKETMASTER,Ticketmaster
TMF*MOTLEY.FOOL.COM 2000 DUKE STREET 855-6953665 22314 VA USA,MOTLEY.FOOL.COM
TMOBILE*AUTO PAY 12920 SE 38TH ST 800-937-8997 98006 WA USA,T-MOBILE
TMOBILE*AUTO PAY 12920 SE 38TH STREET 800-937-8997 98006 WA USA,T-MOBILE
TORGUARD.NET/BILL 02/19 PURCHASE 547-555-0336 US,TorGuard
TORGUARD.NET/BILL 02/24 PURCHASE 866-575-5519 US,TorGuard
TOWNSHIP OF OLD BRIDGE1 OLD BRIDGE PLZ 732-721-5600 08857 NJ USA,TOWNSHIP OF OLD BRIDGE
TOWNSHIP OF OLD BRIDGE1 OLD BRIDGE PLZ OLD BRIDGE 08857 NJ USA,TOWNSHIP OF OLD BRIDGE
TOYSRUS_789 03/12 #XXXXX9785 PURCHASE KIDS_TOYS WAYNE NJ,Toys R Us
TRADER JOE 01/29 PURCHASE MONROVIA CA,Trader Joe's
TRADER JOE 05/05 PURCHASE MONROVIA CA,Trader Joe's
TRADER JOE 08/09 PURCHASE MONROVIA CA,Trader Joe's
TRADER JOE 12/12 PURCHASE MONROVIA CA,Trader Joe's
TRADER JOE'S #123 02/21 PURCHASE LOS ANGELES CA,Trader Joe's
TRADER JOE'S 02/21 PURCHASE LOS ANGELES CA,Trader Joe's
TRADER JOE'S 05/02 PURCHASE LOS ANGELES CA,Trader Joe's
TRADER JOE'S 07/11 PURCHASE LOS ANGELES CA,Trader Joe's
TRADER JOE'S 09/20 PURCHASE LOS ANGELES CA,Trader Joe's
TRADER JOE'S 10/10 PURCHASE SAN FRANCISCO CA,Trader Joe's
TRADER JOE'S 10/26 PURCHASE LOS ANGELES CA,Trader Joe's
TRADER JOES 05/06 PURCHASE RALEIGH NC,Trader Joe's
TRADER JOES 05/30 PURCHASE LOS ANGELES CA,Trader Joe's
TRADERJOES 09/03 PURCHASE MONROVIA CA,Trader Joe's
TRADERJOES678 01/21 PURCHASE LOS ANGELES CA,Trader Joe's
TRADER_JS_092 07/08 #XXXXX0092 PURCHASE GROCERIES MONROVIA CA,Trader Joe's
TRADESTATION PAYMENTS 094079721577847 WEB ID: 05086751, 
TRADESTATION PAYMENTS 888155400857052 WEB ID: 02324554, 
TRADESTATION PAYMENTS 968105643135772 WEB ID: 38385459, 
TRENT_BASS_PRO_047 05/27 #XXXXX8047 PURCHASE OUTDOOR_STORE SPRINGFIELD MO,Bass Pro Shops
TRENT_BASS_PRO_047 05/27 #XXXXX8047 PURCHASE OUTDOOR_STORE SPRINGFIELD MO REF1,Bass Pro Shops
TRENT_BASS_PRO_047 05/27 #XXXXX8047 PURCHASE OUTDOOR_STORE SPRINGFIELD MO REF2,Bass Pro Shops
TRENT_BASS_PRO_047 05/27 #XXXXX8047 PURCHASE OUTDOOR_STORE SPRINGFIELD MO REF3,Bass Pro Shops
TRENT_BASS_PRO_099 05/27 #XXXXX8099 PURCHASE OUTDOOR_STORE SPRINGFIELD MO,Bass Pro Shops
TRGT STORE #1854 10/07 #XXXXX231017 PURCHASE TRGT STORE #1854 MIAMI FL,Target
TRGT_SPSTR147 04/30 PURCHASE ESSENTIALS SEATTLE WA,Target
TRGT_SPSTR258 07/27 PURCHASE ESSENTIALS PORTLAND OR,Target
TRGT_SPSTR369 10/23 PURCHASE ESSENTIALS HOUSTON TX,Target
TRGT_STORE456 02/12 #XXXXX7890 PURCHASE HOMEGOODS PHILADELPHIA PA,Target
TRGT_STORE456 04/13 #XXXXX9012 PURCHASE ELECTRONICS LOS ANGELES CA,Target
TRGT_STORE456 10/15 #XXXXX5678 PURCHASE CLOTHING CHICAGO IL,Target
TRUST.ZONE/BILL 04/01 PURCHASE +248 4672761 SC,Trust.Zone
TRUST.ZONE/BILL 09/12 PURCHASE 888-555-6789 SC,Trust.Zone
TRget564 01/13 #XXXXX8549 PURCHASE HOUSEHOLD MINNEAPOLIS MN,Target
TST* GOLDIE LOX AD 211 W ENGLEWOOD AVE TEANECK 07666 NJ USA,GOLDIE LOX
TST* GOOD FOOD BY UZMA2070 US 1 NORTH BRUNSWI08902 NJ USA,GOOD FOOD BY UZMA
TST* GOOD FOOD BY UZMA2070 US ROUTE 1 NORTH BRUNSWI08902 NJ USA,GOOD FOOD BY UZMA
TST* JIN SOY 335 GEORGE ST NEW BRUNSWICK08901 NJ USA,JIN SOY
TST* SAHARA 165 EASTON AVENUE NEW BRUNSWICK08901 NJ USA,SAHARA
TST* THE PIZZERIA - SM342 SMITH HAVEN MALL LAKE GROVE 11755 NY USA,THE PIZZERIA
TST* ZAIKA BBQ &amp; GRILL1199 AMBOY AVENUE EDISON 08837 NJ USA,ZAIKA BBQ
TUNNELBEAR.COM/BILL 01/31 PURCHASE 888-788-6235 CA,TunnelBear
TUNNELBEAR.COM/BILL 03/11 PURCHASE 492-555-2001 US,TunnelBear
TUNNELBEAR.COM/BILL 07/26 PURCHASE 888-555-7890 CA,TunnelBear
TUNNELBEAR.COM/BILL 12/21 PURCHASE 712-555-5341 US,TunnelBear
TURKUAZ RESTAURANT 310 WEST 53RD STREET NEW YORK 10019 NY USA,TURKUAZ RESTAURANT
TURNING POINT LONG BRA92 OCEAN AVENUE LONG BRANCH 07740 NJ USA,TURNING POINT
TWITCH SUB 09/16 #XXXXX8901 PURCHASE SUBSCR SAN FRANCISCO CA,Twitch
TWITCH.TV/BILL 04/06 PURCHASE 415-263-9670 CA,Twitch
TWITCH.TV/BILL 06/04 PURCHASE 888-883-7669 CA,Twitch
TWITCH.TV/BILL 08/10 PURCHASE 415-263-9670 CA,Twitch
TXHSE5564 03/14 #XXXXX0234 PURCHASE STEAK HOUSTONT,Texas Roadhouse
Tradestation Payments 275231816835539 Web Id: 80920398, 
Tradestation Payments 683186821593798 Web Id: 25077622, 
UBER *EATS HELP.UBER.COMCA,Uber Eats
UBER *TRIP HELP.UBER.COMCA,Uber
UBER DES:EATS ID:UBER5678 INDN:JOHN SMITH CO ID:UBEREI9012 WEB,Uber Eats
UBER DES:RIDE ID:UBER1234 INDN:SOPHIA GREEN CO ID:UBERRI5678 WEB,Uber
UBER DES:RIDE ID:UBER1234 INDN:SOPHIA WILSON CO ID:UBERRI5678 WEB,Uber
UBER DES:RIDE ID:UBER5678 INDN:SOPHIA GREEN CO ID:UBERRI9012 WEB,Uber
UBER DES:RIDE ID:UBER9012 INDN:DANIEL GREEN CO ID:UBERRI3456 WEB,Uber
UBER EATS 02/17 #XXXXX7890 PURCHASE FOOD SAN FRANCISCO CA,Uber Eats
UBER EATS 04/06 #XXXXX6789 PURCHASE FOOD SAN FRANCISCO CA,Uber Eats
UBER EATS 05/24 #XXXXX5678 PURCHASE FOOD SAN FRANCISCO CA,Uber Eats
UBER EATS 07/11 #XXXXX3456 PURCHASE FOOD SAN FRANCISCO CA,Uber Eats
UBER EATS 08/28 #XXXXX2345 PURCHASE FOOD SAN FRANCISCO CA,Uber Eats
UBER EATS 1455 MARKET ST 8005928996 94103 CA USA,Uber Eats
UBER EATS DES:FOOD DELIV ID:UBEREATS1234 INDN:EMMA SMITH CO ID:UBEREATSDE56 WEB,Uber Eats
UBER EATS DES:FOOD DELIV ID:UBEREATS1234 INDN:SOPHIA BROWN CO ID:UBEREATSDE56 WEB,Uber Eats
UBER EATS DES:FOOD DELIV ID:UBEREATS5678 INDN:SOPHIA WILSON CO ID:UBEREATSDE90 WEB,Uber Eats
UBER EATS.COM/BILL 01/12 PURCHASE 800-253-9377 CA,Uber Eats
UBER EATS.COM/BILL 05/18 PURCHASE 800-253-9377 CA,Uber Eats
UBER TECHNOLOGIES INC 1455 MARKET ST 866-576-1039 94103 CA USA,Uber
UBER TRIP 01/30 #XXXXX2345 PURCHASE RIDE SAN FRANCISCO CA,Uber
UBER TRIP 02/16 PURCHASE HELP.UBER.COM CA,Uber
UBER TRIP 03/28 #XXXXX3456 PURCHASE RIDE SAN FRANCISCO CA,Uber
UBER TRIP 08/19 #XXXXX9012 PURCHASE RIDE SAN FRANCISCO CA,Uber
UBER TRIP 11/25 #XXXXX7890 PURCHASE RIDE CHICAGO IL,Uber
UBER TRIP 1455 MARKET ST 8005928996 94105 CA USA,Uber
UBER4567 01/11 PURCHASE RIDE NEW YORK NY,Uber
UBEREATS123 01/17 PURCHASE BOSTON MA,Uber Eats
UBEREATS123 06/09 PURCHASE NEW YORK NY,Uber Eats
UBEREATS123 07/09 PURCHASE CHICAGO IL,Uber Eats
UBEREATS123 09/15 PURCHASE BOSTON MA,Uber Eats
UBEREATS123 12/02 PURCHASE NEW YORK NY,Uber Eats
UBEREATS321 03/13 PURCHASE NEW YORK NY,Uber Eats
UBEREATS321 03/21 PURCHASE AKRON OH,Uber Eats
UBEREATS321 04/20 PURCHASE RANCHO CUCAMONGA CA,Uber Eats
UBEREATS321 07/05 PURCHASE HOUSTON TX,Uber Eats
UBEREATS321 07/11 PURCHASE LOS ANGELES CA,Uber Eats
UBEREATS456 10/09 PURCHASE PHOENIX AZ,Uber Eats
UBEREATS456 10/12 PURCHASE SAN FRANCISCO CA,Uber Eats
UBEREATS654 03/11 PURCHASE CHICAGO IL,Uber Eats
UBEREATS654 07/29 PURCHASE DETROIT MI,Uber Eats
UBEREATS654 11/21 PURCHASE MILWAUKEE WI,Uber Eats
UBEREATS741 05/30 #XXXXX7890 PURCHASE FOOD ORLANDO FL,Uber Eats
UBEREATS789 01/05 PURCHASE NEW YORK NY,Uber Eats
UBEREATS789 05/10 PURCHASE CHICAGO IL,Uber Eats
UBEREATS789 05/12 PURCHASE LAS VEGAS NV,Uber Eats
UBEREATS789 08/22 PURCHASE CHICAGO IL,Uber Eats
UBEREATS963 08/26 #XXXXX6789 PURCHASE FOOD DALLAS TX,Uber Eats
UBEREATS987 01/06 PURCHASE NEW YORK NY,Uber Eats
UBEREATS987 01/20 PURCHASE JERSEY CITY NJ,Uber Eats
UBEREATS987 02/19 PURCHASE BOISE ID,Uber Eats
UBEREATS987 04/10 PURCHASE DALLAS TX,Uber Eats
UBEREATS987 11/24 PURCHASE CHICAGO IL,Uber Eats
UBEREATSARBYS 06/19 PURCHASE HELP.UBER.COM CA,Uber Eats
UBEREATSPANERA 05/06 PURCHASE HELP.UBER.COM CA,Uber Eats
UBEREATSPIZZAHUT 03/23 PURCHASE HELP.UBER.COM CA,Uber Eats
UBEREATSPOPEYES 08/02 PURCHASE HELP.UBER.COM CA,Uber Eats
UBEREATSSUBWAY 09/15 PURCHASE HELP.UBER.COM CA,Uber Eats
UBERRIDE741 04/12 #XXXXX9012 PURCHASE TRANSPORT MIAMI FL,Uber
UBERRIDE741 07/09 #XXXXX1234 PURCHASE TRANSPORT CHICAGO IL,Uber
UBERTRIP09X24 09/24 #XXXXX987654 PURCHASE HELP.UBER.COM CA,Uber
UBER_EATS123 07/14 PURCHASE ATLANTA GA,Uber Eats
UBER_EATS321 09/02 PURCHASE HOUSTON TX,Uber Eats
UBER_EATS321 11/16 PURCHASE SAN DIEGO CA,Uber Eats
UBER_EATS654 09/27 PURCHASE LOS ANGELES CA,Uber Eats
UBER_EATS654 12/11 PURCHASE DALLAS TX,Uber Eats
UBER_EATS789 08/08 PURCHASE BOSTON MA,Uber Eats
UBER_EATS789 09/01 PURCHASE CHICAGO IL,Uber Eats
UBER_EATS987 06/19 PURCHASE WASHINGTON DC,Uber Eats
UBER_EATS987 10/22 PURCHASE SAN FRANCISCO CA,Uber Eats
UBR POSTMATES 1455 MARKET ST 8005928996 94103 CA USA,UBR POSTMATES
ULTA #125 2130 ROUTE 35 SOUTH HOLMDEL 07733 NJ USA,Ulta Beauty
ULTA_BEAUTY147 06/29 PURCHASE COSMETICS BOSTON MA,Ulta Beauty
ULTA_BEAUTY258 09/25 PURCHASE COSMETICS SEATTLE WA,Ulta Beauty
ULTA_BT_345 07/10 #XXXXX9345 PURCHASE BEAUTY_SUPPLY BOLINGBROOK IL,Ulta Beauty
UNIQLO3253 02/05 PURCHASE CLOTHING SAN FRANCISCO CA,Uniqlo
UNITED AIR0162466789 04/01 PURCHASE 800-932-2732 IL,United Airlines
UNITED AIR0162466789 07/09 PURCHASE 800-932-2732 IL,United Airlines
URBAN AIR ADVENTURE PA2350 AIRPORT FREEWAY SUI 8177780339 76022 TX USA,URBAN AIR
URBAN AIR HAZLET 3010 STATE ROUTE 35 HAZLET 07730-1505NJ USA,URBAN AIR
URBAN AIR LAKE GROVE 3147 MIDDLE COUNTRY LAKE GROVE 11755-2121NY USA,URBAN AIR
URBAN AIR LAKE GROVE 3147 MIDDLE COUNTRY RD LAKE GROVE 11755 NY USA,URBAN AIR
US BANK DDA TO DDA XWYT5JCYCD WEB ID: 6HXAZPEZ2W, 
US BANK LOAN PMT, 
US BANK PAYMENT, 
USPS PO 3316500711 349 STATE ROUTE 35 CLIFFWOOD 07721 NJ USA,USPS
USPS PO 3378760601 902 STATE ROUTE 35 SOUTH AMBOY 08879 NJ USA,USPS
USPS.COM CLICKNSHIP 475 L'ENFANT PLAZA SW ROOM 1660 800-782-6724 20260 DC USA,USPS
VALERO 05/11 PURCHASE SACRAMENTO CA,Valero
VALERO 07/10 PURCHASE ALBUQUERQUE NM,Valero
VALERO 08/31 PURCHASE ALBUQUERQUE NM,Valero
VALERO 10/15 PURCHASE ALBUQUERQUE NM,Valero
VANGUARD ACH TRANSFER, 
VARSITYTUTORS,Varsity Tutors
VENMO CASHOUT PPD ID: 09311794, 
VENMO CASHOUT PPD ID: 17903032, 
VENMO CASHOUT PPD ID: 52752690, 
VENMO CASHOUT PPD ID: 56747421, 
VENMO CASHOUT PPD ID: 57547481, 
VENMO CASHOUT PPD ID: 57960415, 
VENMO CASHOUT PPD ID: 58243411, 
VENMO CASHOUT PPD ID: 60623665, 
VENMO CASHOUT PPD ID: 67792605, 
VENMO CASHOUT PPD ID: 82149815, 
VENMO CASHOUT PPD ID: 89027609, 
VENMO CASHOUT PPD ID: 90948260, 
VENMO CASHOUT PPD ID: 94581906, 
VENMO PAYMENT TO ANDREW ROBINSON, 
VENMO PAYMENT TO ANTHONY LEE, 
VENMO PAYMENT TO BARBARA RAMIREZ, 
VENMO PAYMENT TO CHARLES LI, 
VENMO PAYMENT TO CHRISTOPHER SMITH, 
VENMO PAYMENT TO DANIEL MARTINEZ, 
VENMO PAYMENT TO DAVID WALKER, 
VENMO PAYMENT TO ELIZABETH SINGH, 
VENMO PAYMENT TO JOSHUA TAYLOR, 
VENMO PAYMENT TO KAREN GARCIA, 
VENMO PAYMENT TO LISA GARCIA, 
VENMO PAYMENT TO MARGARET LOPEZ, 
VENMO PAYMENT TO MARGARET MOORE, 
VENMO PAYMENT TO MARGARET WILLIAMS, 
VENMO PAYMENT TO MARK BROWN, 
VENMO PAYMENT TO MICHAEL WHITE, 
VENMO PAYMENT TO MICHELLE DAVIS, 
VENMO PAYMENT TO MICHELLE HARRIS, 
VENMO PAYMENT TO NANCY THOMAS, 
VENMO PAYMENT TO RICHARD GONZALEZ, 
VENMO PAYMENT TO SUSAN PATEL, 
VENMO PAYMENT TO THOMAS WANG, 
VENMO PAYMENT TO WILLIAM KIM, 
VERIZON*TELESALE 04231899 HEATHROW PARK LN 800-922-0204 32746 FL USA,Verizon
VE_RIZON_702 06/02 #XXXXX2702 PURCHASE DATA_PLAN BASKING_RIDGE NJ,Verizon
VFS SERVICES NY 128 E 32ND ST NEW YORK 10016 NY USA,VFS SERVICES
"VFS SERVICES USA INC. 1625, K STREET, NW SUITE 103 1625 WASHINGTON 20006 DC USA",VFS SERVICES
VONAGE *PRICE+TAXES 23 MAIN ST 866-243-4357 07733 NJ USA,VONAGE
VONS 01/02 PURCHASE SAN DIEGO CA,Vons
VPNAREA.COM/BILL 09/28 PURCHASE 888-555-2345 BG,VPNArea
VPNSECURE.ME/BILL 10/02 PURCHASE 888-555-6789 AU,VPNSecure
VPNUNLIMITED.COM/BILL 04/05 PURCHASE 888-555-1234 US,VPN Unlimited
VPNUNLIMITED.COM/BILL 10/06 PURCHASE 888-555-0123 US,VPN Unlimited
VPNUNLIMITED.COM/BILL 10/18 PURCHASE 888-555-0123 US,VPN Unlimited
VUDU.COM/BILLING 09/18 PURCHASE 855-618-7243 CA,Vudu
VYPRVPN.COM/BILL 02/28 PURCHASE 888-881-8977 US,VyprVPN
VYPRVPN.COM/BILL 08/31 PURCHASE 888-555-4567 CH,VyprVPN
VYPRVPN.COM/BILL 12/13 PURCHASE 734-555-4675 US,VyprVPN
VZWRLSS*D2393-01 899 HEATHROW PARK LN 800-922-0204 32746 FL USA,Verizon Wireless
Venmo Payment To Anthony Brown, 
Venmo Payment To Anthony Davis, 
Venmo Payment To Christopher Wong, 
Venmo Payment To Daniel Ramirez, 
Venmo Payment To Kimberly Brown, 
Venmo Payment To William Thomas, 
WAL-MART #2003 979 ROUTE#1 SOUTH NORTH BRUNSWI08902 NJ USA,Walmart
WAL-MART #2825 1126 ROUTE 9 OLD BRIDGE 08857 NJ USA,Walmart
WAL-MART #2825 1126 ROUTE 9 OLD BRIDGE 08857 NJ USA (RETURN),Walmart
WAL-MART #2825 1126 US HIGHWAY 9 732-525-8030 08857 NJ USA (RETURN),Walmart
WAL-MART #2825 1126 US HIGHWAY 9 OLD BRIDGE 08857 NJ USA,Walmart
WAL-MART #2825 1126 US HIGHWAY 9 OLD BRIDGE 08857 NJ USA (RETURN),Walmart
WAL-MART #2825 OLD BRIDGE NJ,Walmart
WAL-MART #2915 3990 NESCONSET HWY EAST SETAUKET11733 NY USA,Walmart
WAL-MART #5201 2220 STATE ROUTE 27 EDISON 08817 NJ USA,Walmart
WAL-MART #5281 360 US HIGHWAY 9 N WOODBRIDGE 07095 NJ USA,Walmart
WALGREENS #15186 339 MATAWAN RD MATAWAN 07747 NJ USA,Walgreens
WALGREENS 02/13 PURCHASE DEERFIELD IL,Walgreens
WALGREENS 03/07 PURCHASE CHICAGO IL,Walgreens
WALGREENS 03/20 PURCHASE CHICAGO IL,Walgreens
WALGREENS 04/02 PURCHASE DEERFIELD IL,Walgreens
WALGREENS 04/12 PURCHASE CHICAGO IL,Walgreens
WALGREENS 05/16 PURCHASE CHICAGO IL,Walgreens
WALGREENS 05/20 PURCHASE DEERFIELD IL,Walgreens
WALGREENS 07/07 PURCHASE DEERFIELD IL,Walgreens
WALGREENS 07/25 PURCHASE CHICAGO IL,Walgreens
WALGREENS 08/24 PURCHASE DEERFIELD IL,Walgreens
WALGREENS 09/09 PURCHASE DEERFIELD IL,Walgreens
WALGREENS 09/27 PURCHASE CHICAGO IL,Walgreens
WALGREENS 10/14 PURCHASE BOSTON MA,Walgreens
WALGREENS 10/18 PURCHASE HOUSTON TX,Walgreens
WALGREENS 11/01 PURCHASE CHICAGO IL,Walgreens
WALGREENS 11/26 PURCHASE CHICAGO IL,Walgreens
WALGREENS 12/27 PURCHASE CHICAGO IL,Walgreens
WALGREENS3892 02/22 #XXXXX9423 PURCHASE PHARMACY CHICAGO IL,Walgreens
WALMART 04/20 PURCHASE DALLAS TX,Walmart
WALMART 12/06 PURCHASE HOUSTON TX,Walmart
WALMART.COM 702 SW 8TH STREET MS100 WALMART.COM 72716 AR USA,Walmart
WALMART.COM AA BENTONVILLE AR 800-966-6546 72716 AR USA,Walmart
WALMART.COM AA BENTONVILLE AR 800-966-6546 72716 AR USA (RETURN),Walmart
WALMART.COM AY 702 SW 8TH STREET MS100 8009666546 72716 AR USA,Walmart
WALMRT #2845 10/06 #XXXXX562783 PURCHASE WALMRT #2845 RALEIGH NC,Walmart
WALMRT_806 04/09 #XXXXX0805 PURCHASE GROCERIES BENTONVILLE AR,Walmart
WATER - COFFEE DELIVER2300 WINDY RIDGE PKW ATLANTA 30339-8577GA USA,PRIMO WATER
WAVE HOSPITALITY PRIVAFRONT DESK 3  ASSET AREA 12 HOSP DELHI 110037 IND,WAVE HOSPITALITY
WAWA 08/10 PURCHASE PHILADELPHIA PA,WAWA
WAWA 680 15809 JEFFERSON DAVIS HW WOODBRIDGE 22191 VA USA,WAWA
WAWA 8365 00083659WOODBRIDGE AVE &amp; COLLE EDISON 08837 NJ USA,WAWA
WAWA 8365 WOODBRIDGE AVE AND COLLE EDISON 08837 NJ USA,WAWA
WAWA 976 00009761204 HGIHWWAY 35 UNION BEACH 07735 NJ USA,WAWA
WAWA 976 204 HIGHWAY 35 KEYPORT 07735 NJ USA,WAWA
WAWA INC 02/15 PURCHASE WAWA PA,WAWA
WAWA INC 11/11 PURCHASE WAWA PA,WAWA
WEGMANS #032 15 WOODBRIDGE CENTER DR WOODBRIDGE 07095 NJ USA,Wegmans
WEGMANS #032 15 WOODBRIDGE CENTER DR WOODBRIDGE 07095 NJ USA (RETURN),Wegmans
WEGMANS 01/19 PURCHASE ROCHESTER NY,Wegmans
WEGMANS 02/19 PURCHASE BUFFALO NY,Wegmans
WEGMANS 05/09 PURCHASE ROCHESTER NY,Wegmans
WEGMANS 07/17 PURCHASE BUFFALO NY,Wegmans
WEGMANS 07/19 PURCHASE BUFFALO NY,Wegmans
WEGMANS 08/30 PURCHASE BUFFALO NY,Wegmans
WEGMANS 09/23 PURCHASE ROCHESTER NY,Wegmans
WEGMANS 10/14 PURCHASE BUFFALO NY,Wegmans
WEGMANS 11/02 PURCHASE ROCHESTER NY,Wegmans
WEGMANS 11/15 PURCHASE ROCHESTER NY,Wegmans
WEIS MARKETS 01/22 PURCHASE HARRISBURG PA,Weis Markets
WELLS FARGO DDA TO DDA OWIP7CEJ9I WEB ID: 6C6PC638ZA, 
WELLS FARGO PAYMENT, 
WENDY'S 5601 3710 US 9 FREEHOLD 07728 NJ USA,Wendy's
WENDYS 04/26 #XXXXX3456 PURCHASE FOOD DETROIT MI,Wendy's
WENDYS 08/12 #XXXXX1234 PURCHASE FOOD MODESTO CA,Wendy's
WENDYS 09/25 #XXXXX0123 PURCHASE FOOD DUBLIN OH,Wendy's
WENDYS321 01/31 #XXXXX1234 PURCHASE SQUAREPATTIES WINSTON-SALEM NC,Wendy's
WENDYS321 12/17 #XXXXX1234 PURCHASE SQUAREPATTIES WICHITA KS,Wendy's
WENDYS456 01/31 #XXXXX8901 PURCHASE FROSTY DENVER CO,Wendy's
WENDYS456 02/10 #XXXXX3456 PURCHASE FROSTY PORTLAND OR,Wendy's
WENDYS456 06/10 #XXXXX3456 PURCHASE CHILI HOUSTON TX,Wendy's
WENDYS456 12/25 #XXXXX5678 PURCHASE FROSTY BOSTON MA,Wendy's
WENDYS654 04/25 #XXXXX0123 PURCHASE FROSTY ATLANTA GA,Wendy's
WENDYS987 05/01 #XXXXX4567 PURCHASE SALAD DENVER CO,Wendy's
WENDYS987 05/06 #XXXXX9876 PURCHASE SQUAREPATTIES PEMBROKE PINES FL,Wendy's
WENDYS987 10/20 #XXXXX6789 PURCHASE FRIES ATLANTA GA,Wendy's
WENDYS_478 04/29 #XXXXX8477 PURCHASE FAST_FOOD DUBLIN OH,Wendy's
WHATABURGER 01/11 #XXXXX4567 PURCHASE FOOD SAN ANTONIO TX,Whataburger
WHATABURGER321 04/19 #XXXXX2345 PURCHASE BURGER AUSTIN TX,Whataburger
WHLFDS753 11/01 PURCHASE AUSTIN TX,Whole Foods
WHLFDS_MRKT147 07/19 PURCHASE ORGANIC SAN FRANCISCO CA,Whole Foods
WHLFDS_MRKT258 10/15 PURCHASE ORGANIC DENVER CO,Whole Foods
WHLFDS_MRKT321 01/13 #XXXXX2345 PURCHASE ORGANIC PHOENIX AZ,Whole Foods
WHLFDS_MRKT369 12/05 PURCHASE ORGANIC DENVER CO,Whole Foods
WHLFDS_MRKT741 01/14 PURCHASE ORGANIC DENVER CO,Whole Foods
WHLFDS_MRKT741 02/03 PURCHASE ORGANIC DENVER CO,Whole Foods
WHLFDS_MRKT741 12/25 PURCHASE ORGANIC DENVER CO,Whole Foods
WHLFDS_MRKT789 09/15 #XXXXX2345 PURCHASE ORGANIC SEATTLE WA,Whole Foods
WHLFDS_MRKT963 04/22 PURCHASE ORGANIC AUSTIN TX,Whole Foods
WHOLE FOODS 01/17 PURCHASE SAN FRANCISCO CA,Whole Foods
WHOLE FOODS 03/28 PURCHASE SAN FRANCISCO CA,Whole Foods
WHOLE FOODS 05/02 PURCHASE AUSTIN TX,Whole Foods
WHOLE FOODS 08/15 PURCHASE SAN FRANCISCO CA,Whole Foods
WHOLE FOODS 09/18 PURCHASE AUSTIN TX,Whole Foods
WHOLE FOODS 10/02 PURCHASE CHICAGO IL,Whole Foods
WHOLEFDS CIR 10160 10 COLUMBUS CIR STE SC101 NEW YORK 10019 NY USA,Whole Foods
WHOLEFDS MID 10213 471 ROUTE 35 RED BANK 07701 NJ USA,Whole Foods
WHOLEFDS MTC #10602 645 MIDDLESEX AVE METUCHEN 08840 NJ USA,Whole Foods
WHOLEFDS365 08/04 PURCHASE AUSTIN TX,Whole Foods
WHOLEFDS789 11/30 PURCHASE AUSTIN TX,Whole Foods
WHOLEFDS_MKT741 09/21 PURCHASE ORGANIC CHICAGO IL,Whole Foods
WHOLEFOODS9820 01/27 #XXXXX6521 PURCHASE GROCERY HOUSTON TX,Whole Foods
WINDSCRIBE.COM/BILL 02/16 PURCHASE 855-266-4157 CA,Windscribe
WINDSCRIBE.COM/BILL 11/19 PURCHASE 800-555-2677 US,Windscribe
WINN DIXIE 03/08 PURCHASE JACKSONVILLE FL,Winn-Dixie
WINN DIXIE 06/23 PURCHASE MOBILE AL,Winn-Dixie
WINN DIXIE 08/06 PURCHASE MOBILE AL,Winn-Dixie
WINN-DIXIE 03/19 PURCHASE JACKSONVILLE FL,Winn-Dixie
WINN-DIXIE 12/05 PURCHASE MIAMI FL,Winn-Dixie
WINN_DIXIE234 03/16 #XXXXX2234 PURCHASE GROCERIES JACKSONVILLE FL,Winn-Dixie
WIRE TRANSFER FEE, 
WIRE TRANSFER FEE - 03/49, 
WIRE TRANSFER FEE - 06/25, 
WIRE TRANSFER FEE - 08/60, 
WIRE TRANSFER FEE - 08/94, 
WIRE TRANSFER FEE - 17/30, 
WIRE TRANSFER FEE - 18/91, 
WIRE TRANSFER FEE - 21/27, 
WIRE TRANSFER FEE - 24/42, 
WIRE TRANSFER FEE - 25/06, 
WIRE TRANSFER FEE - 27/36, 
WIRE TRANSFER FEE - 29/75, 
WIRE TRANSFER FEE - 40/98, 
WIRE TRANSFER FEE - 41/98, 
WIRE TRANSFER FEE - 42/83, 
WIRE TRANSFER FEE - 54/60, 
WIRE TRANSFER FEE - 54/78, 
WIRE TRANSFER FEE - 55/58, 
WIRE TRANSFER FEE - 65/92, 
WIRE TRANSFER FEE - 74/54, 
WIRE TRANSFER FEE - 77/90, 
WIRE TRANSFER FEE - 79/08, 
WIRE TRANSFER FEE - 82/02, 
WIRE TRANSFER FEE - 90/07, 
WIRE TRANSFER FEE - 96/12, 
WIRE TRANSFER FEE - 96/78, 
WIRE TRANSFER FEE - 97/01, 
WIRE TRANSFER FEE - 98/93, 
WITHDRAWAL FROM ATT BILL PAY, 
WITHDRAWAL FROM BANK OF AMERICA EXT TRNSFR, 
WITHDRAWAL FROM COMCAST CABLE, 
WITHDRAWAL FROM FIFTH THIRD EXT TRNSFR, 
WITHDRAWAL FROM JPMORGAN CHASE EXT TRNSFR, 
WITHDRAWAL FROM PGANDE WEB ONLINE, 
WITHDRAWAL FROM PNC BANK EXT TRNSFR, 
WITHDRAWAL FROM REGIONS BANK EXT TRNSFR, 
WITHDRAWAL FROM TD BANK EXT TRNSFR, 
WITHDRAWAL FROM US BANK EXT TRNSFR, 
WITHDRAWAL FROM WELLS FARGO EXT TRNSFR, 
WLGRNS_PHRM147 05/26 #XXXXX5678 PURCHASE MEDICINE DALLAS TX,Walgreens
WLGRNS_PHRM258 08/22 #XXXXX7890 PURCHASE MEDICINE MIAMI FL,Walgreens
WLGRNS_PHRM321 05/08 #XXXXX2345 PURCHASE HEALTH HOUSTON TX,Walgreens
WLGRNS_PHRM369 11/18 #XXXXX6789 PURCHASE MEDICINE MIAMI FL,Walgreens
WLGRNS_PHRM654 03/03 #XXXXX4567 PURCHASE HEALTH MIAMI FL,Walgreens
WLGRNS_STORE123 10/27 #XXXXX9012 PURCHASE PHARMACY SAN DIEGO CA,Walgreens
WLGRNS_STORE789 12/26 #XXXXX1234 PURCHASE COSMETICS PHILADELPHIA PA,Walgreens
WLMR5678 01/27 #XXXXX8761 PURCHASE GROCERIES BENTONVILLE AR,Walmart
WLMRT987 01/07 #XXXXX4782 PURCHASE GROCERIES BENTONVILLE AR,Walmart
WLMRTSPRMKT 08/16 PURCHASE BENTONVILLE AR,Walmart
WLMRTT321 10/23 #XXXXX2109 PURCHASE SAVEALOT PHOENIX AZ,Walmart
WLMRT_SPRCTR147 04/14 PURCHASE HOUSEHOLD PHOENIX AZ,Walmart
WLMRT_SPRCTR963 07/11 PURCHASE HOUSEHOLD NEW YORK NY,Walmart
WLMRT_SPRMRKT321 04/02 #XXXXX4567 PURCHASE GROCERIES HOUSTON TX,Walmart
WLMRT_SPRMRKT654 08/12 #XXXXX0123 PURCHASE GROCERIES DALLAS TX,Walmart
WLMRT_SPRMRKT987 01/20 #XXXXX8901 PURCHASE HOUSEHOLD HOUSTON TX,Walmart
WLMRT_SPRMRKT987 06/01 #XXXXX4567 PURCHASE GROCERIES DALLAS TX,Walmart
WOLT DES:FOOD ID:WOLT1234 INDN:MIKKO VIRTANEN CO ID:WOLTFD5678 WEB,Wolt
WOLT DES:FOOD ID:WOLT5678 INDN:JUHANI MÄKINEN CO ID:WOLTFD9012 WEB,Wolt
WRITTEN OUT LOUD 282 BROOKLAWN TERRACE FAIRFIELD 06825 CT USA,Written Out Loud
WRITTEN OUT LOUD CKG 282 BROOKLAWN TERRACE FAIRFIELD 06825 CT USA,Written Out Loud
WRITTEN OUT LOUD CKG 282 BROOKLAWN TERRACE FAIRFIELD 06825 CT USA (RETURN),Written Out Loud
WWW COSTCO COM 800-955-2292 WA,Costco
WWW COSTCO COM 999 LAKE DR 800-955-2292 98027 WA USA,Costco
WWW.BNLSCHOOLPICTURES.84 LAUREL DRIVE LITTLE SILVER07739 NJ USA,BNL SCHOOL PICTURES
WWW.CVS.COM 2800 ENTERPRISE DR REC DOORS 800-746-7287 46219 RI USA,CVS
WWW.KHANACADEMY.ORG 1200 VILLA ST.SUITE 200 MOUNTAIN VIEW94041 CA USA,Khan Academy
WWW.LUMINO* LUMINOCITY74 KUHL AVENUE HICKSVILLE 11801 NY USA,LUMINOCITY
Wire Transfer Fee, 
Wire Transfer Fee - 20/72, 
Wire Transfer Fee - 42/96, 
Wire Transfer Fee - 68/90, 
Wire Transfer Fee - 69/57, 
Wire Transfer Fee - 88/43, 
Wire Transfer Fee - 97/44, 
Withdrawal From Att Bill Pay, 
Withdrawal From Bank Of America Ext Trnsfr, 
Withdrawal From Comcast Cable, 
Withdrawal From Fifth Third Ext Trnsfr, 
Withdrawal From Pnc Bank Ext Trnsfr, 
Withdrawal From Regions Bank Ext Trnsfr, 
Withdrawal From Td Bank Ext Trnsfr, 
Withdrawal from ATT BILL PAY, 
Withdrawal from BANK OF AMERICA Ext Trnsfr, 
Withdrawal from COMCAST CABLE, 
Withdrawal from JPMORGAN CHASE Ext Trnsfr, 
Withdrawal from PGANDE WEB ONLINE, 
Withdrawal from PNC BANK Ext Trnsfr, 
Withdrawal from REGIONS BANK Ext Trnsfr, 
Withdrawal from TD BANK Ext Trnsfr, 
Withdrawal from WELLS FARGO Ext Trnsfr, 
XBOX LIVE 03/15 #XXXXX8901 PURCHASE SUBSCR REDMOND WA,Xbox Live
XBOX LIVE 11/03 #XXXXX2345 PURCHASE SUBSCR REDMOND WA,Xbox Live
XPEL  Inc,XPEL
YANDEX DES:RIDE ID:YAND9012 INDN:DMITRY IVANOV CO ID:YANDRI3456 WEB,Yandex
YANKEE 8778036890 16 YANKEE CANDLE WAY DEERFIELD 01373 MA USA,Yankee Candle
YANKEE CANDLE 3399 RET16 YANKEE CANDLE WAY 413-665-8306 01373 MA USA,Yankee Candle
YANKEE CANDLE 3399 RET16 YANKEE CANDLE WAY SOUTH DEERFIE01373 MA USA,Yankee Candle
YCC STORE 00259 134 SMITH HAVEN MALL H1 LAKE GROVE 11755 NY USA,Yankee Candle
YELP-GRUBHUBGOODFOODB 1065 AVENUE OF THE AMERI 8002561020 10018 NY USA,Grubhub GOOD FOOD BY UZMA
YMCA OF MEWSA 483 MIDDLESEX AVE METUCHEN 08840 NJ USA,YMCA
YMCA OF SOUTH AMBOY 200 JOHN T O'LEARY BLVD 7325169200 08879 NJ USA,YMCA
YMCA OF SOUTH AMBOY 200 JOHN T O'LEARY BLVD 7325169200 08879 NJ USA (RETURN),YMCA
YMCA OF SOUTH AMBOY 200 JOHN T O'LEARY BLVD SOUTH AMBOY 08879 NJ USA,YMCA
YOUTUBE PREM 01/26 #XXXXX4567 PURCHASE SUBSCR SAN BRUNO CA,YouTube
YOUTUBE PREM 09/04 #XXXXX2345 PURCHASE SUBSCR SAN BRUNO CA,YouTube
YOUTUBE TV 04/08 PURCHASE 650-253-0000 CA,YouTube
YOUTUBE.COM/BILL 07/13 PURCHASE 650-253-0000 CA,YouTube
YOUTUBE.COM/BILL 10/27 PURCHASE 650-253-0000 CA,YouTube
YOUTUBE.COM/BILL 11/03 PURCHASE 650-253-0000 CA,YouTube
ZAIKA BBQ &amp; GRILL 1199 AMBOY AVE EDISON 08837 NJ USA,ZAIKA BBQ
ZAIKA BBQ &amp; GRILL 1199 AMBOY AVE EDISON 08837 NJ USA (RETURN),ZAIKA BBQ
ZAIKA BBQ * ZAIKA BBQ 888 AMBOY AVE EDISON 08837 NJ USA,ZAIKA BBQ
ZAPOS8864 02/27 #XXXXX2356 PURCHASE FOOTWEAR LAS VEGAS NV,Zappos
ZENMATE.COM/BILL 03/20 PURCHASE +49 3025555536 DE,ZenMate
ZENMATE.COM/BILL 12/29 PURCHASE 690-555-6007 US,ZenMate
ZGMYC Fashion Leopard Print Hi,ZGMYC Fashion Leopard
ZOLA.COM*REGISTRY,ZOLA.COM
ZOMATO321 04/24 PURCHASE HOUSTON TX,Zomato
ZOMATO654 06/29 PURCHASE AUSTIN TX,Zomato
ZOMATO987 02/17 PURCHASE LOS ANGELES CA,Zomato
ZOOM.US 55 ALMADEN BLVD #600 8887999666 95113 CA USA,Zoom
ZOOM.US 888-799-9666 55 ALMADEN BOULEVARD SAN JOSE 95113 CA USA,Zoom
ZOOM.US/BILL 01/05 PURCHASE 888-799-9666 CA,Zoom
ZOOM.US/BILL 05/11 PURCHASE 888-799-9666 CA,Zoom
ZUMBA_PWR_GYM938 03/22 #XXXXX8934 PURCHASE GYM_MEMBERSHIP HALLANDALE BEACH FL,Zumba Power Gym
Zelle payment from ANDREW JOHNSON K121HV5KJYRR, 
Zelle payment from ANTHONY LOPEZ 7N0SMI8TB02V, 
Zelle payment from ANTHONY THOMAS CAV2GTPXVMD4, 
Zelle payment from ANTHONY WALKER UVW9L6ZRYTDM, 
Zelle payment from ASHLEY GONZALEZ HE3Y5O07ADPR, 
Zelle payment from ASHLEY JONES YN90SBZJEG0A, 
Zelle payment from ASHLEY RAMIREZ V3BB38GDG63E, 
Zelle payment from ASHLEY RAMIREZ VQK5EP267UQE, 
Zelle payment from BARBARA JACKSON ZFAMKM9GTYVK, 
Zelle payment from BARBARA LEE PCE3BAY7S6UA, 
Zelle payment from BARBARA RAMIREZ QOJC8160Z2S4, 
Zelle payment from BARBARA WILLIAMS GY2HCT9NM787, 
Zelle payment from BETTY BROWN 256WPV0BGRCP, 
Zelle payment from BETTY LOPEZ LVEFR9S199G9, 
Zelle payment from BETTY MOORE Y4FXUSSTHCMC, 
Zelle payment from BETTY RAMIREZ 3X1Q4D07GCXD, 
Zelle payment from BETTY ROBINSON U77C6AO0AYKM, 
Zelle payment from BETTY SHAH CJ5BPMIYGJXH, 
Zelle payment from BETTY TAYLOR 5OL9UDQOP04O, 
Zelle payment from BETTY WHITE SAW6XJGCFVFZ, 
Zelle payment from CHRISTOPHER KIM QGOLEI005N7T, 
Zelle payment from CHRISTOPHER MARTIN R9IGMBDAFWW7, 
Zelle payment from CHRISTOPHER THOMPSON BH1M6YTZINMA, 
Zelle payment from DANIEL MARTIN VVS9XPJ8Y83G, 
Zelle payment from DANIEL WILSON UMTM3AVT2I0W, 
Zelle payment from DAVID ANDERSON TJ1OJ1D9QSB2, 
Zelle payment from DAVID HARRIS 3TQJ3TCZRX5W, 
Zelle payment from DAVID LOPEZ SAHL624MD8V6, 
Zelle payment from DAVID WILSON LPVLTL760MUV, 
Zelle payment from DONALD LEWIS IOXXROFETW41, 
Zelle payment from DONALD MILLER ZW40LDRJPQJC, 
Zelle payment from DONALD SINGH BHYJ9QJMIASA, 
Zelle payment from DONALD WHITE LQ297OWDTO5S, 
Zelle payment from DONALD WILSON TD3TN9QM5G8K, 
Zelle payment from DONALD WONG Z56M8M7DEH7U, 
Zelle payment from DONNA DAVIS EJKVOC9KFA4U, 
Zelle payment from DONNA JONES RVPNVFV925UT, 
Zelle payment from DONNA WANG PL96ALT0RSFJ, 
Zelle payment from ELIZABETH DAVIS ZEOT1ZJUC8XK, 
Zelle payment from ELIZABETH HARRIS W02GZ5C1ME5O, 
Zelle payment from ELIZABETH LI 2G6KOO3IHMEJ, 
Zelle payment from ELIZABETH LOPEZ OJUUEZDXIVUZ, 
Zelle payment from EMILY LEE VMWFOGAI7QBQ, 
Zelle payment from EMILY WANG VZSYOHQLNQNT, 
Zelle payment from JAMES CHEN JTEQDTPZHC6A, 
Zelle payment from JAMES GONZALEZ ER747J53A6SC, 
Zelle payment from JAMES NGUYEN ZOJHN8N3LB31, 
Zelle payment from JAMES WHITE E3X9FTDC5V0R, 
Zelle payment from JENNIFER LI QCMFK8RBRE02, 
Zelle payment from JENNIFER WALKER D21UMWVTKCL0, 
Zelle payment from JESSICA MOORE JGX7GEPAF2I9, 
Zelle payment from JESSICA PATEL 3Y7XD4ZCZOSL, 
Zelle payment from JESSICA PEREZ V0G4BG3G1DH4, 
Zelle payment from JESSICA THOMPSON 5C8O4OIR7UDE, 
Zelle payment from JOHN CHEN C2XYXHELTM21, 
Zelle payment from JOHN LEWIS 9N10JWT0AG2T, 
Zelle payment from JOSEPH GONZALEZ SY6VFPVTZTEL, 
Zelle payment from JOSEPH PARK 8FW9KBJ4XXSY, 
Zelle payment from JOSEPH SMITH 0BMK9RQPWD5N, 
Zelle payment from JOSHUA JACKSON EVRU6XWMA0TW, 
Zelle payment from JOSHUA KIM N61UN4JKWX8B, 
Zelle payment from JOSHUA MARTINEZ 2YWDN2PCA9T6, 
Zelle payment from JOSHUA NGUYEN DF040WC4VUOT, 
Zelle payment from KAREN DAVIS I16GDAA3NL6D, 
Zelle payment from KAREN MARTIN BAFJIQJKJLGQ, 
Zelle payment from KIMBERLY KIM KNE30GEQ1JQ7, 
Zelle payment from KIMBERLY LEWIS POG3JPEQ8Z4P, 
Zelle payment from KIMBERLY LOPEZ 62D3XP5KXDNI, 
Zelle payment from KIMBERLY RAMIREZ OYIL5GBS41MF, 
Zelle payment from KIMBERLY SANCHEZ 2G0FAKWNJHNJ, 
Zelle payment from KIMBERLY WILLIAMS DCB3UY14DY92, 
Zelle payment from LINDA CLARK WA65FNRUM5CF, 
Zelle payment from LINDA LI R18IL85UD3QA, 
Zelle payment from LINDA MARTIN 9AB23IGRJM6L, 
Zelle payment from LISA ANDERSON 6K3LSM0X1DPN, 
Zelle payment from LISA CLARK 6UFPUQK2G0Z4, 
Zelle payment from LISA LEE C27BNBHWLFC0, 
Zelle payment from LISA MILLER VZKFHX1B22IY, 
Zelle payment from LISA SMITH 7YC7QUGWJAK7, 
Zelle payment from LISA WILLIAMS EHDIZZ5TC1N7, 
Zelle payment from MARGARET PARK XSY5BZM18FVL, 
Zelle payment from MARGARET THOMAS 0JPNFKF2W08F, 
Zelle payment from MARK LEWIS 15SZKOUDW8BZ, 
Zelle payment from MARK MOORE QS9M892JTQYK, 
Zelle payment from MARK SINGH 1HLB53JDQUGV, 
Zelle payment from MARK THOMAS WBSMBLDYVM8N, 
Zelle payment from MARY JOHNSON R76ER2KDZUX4, 
Zelle payment from MARY NGUYEN V7TCD7CAJ2LM, 
Zelle payment from MARY SANCHEZ B0LKNP9HEA4J, 
Zelle payment from MATTHEW HARRIS 9Z54ROGYIRYG, 
Zelle payment from MATTHEW LEE CGZDO1Z3EXSI, 
Zelle payment from MATTHEW LI 002MZ0F54O23, 
Zelle payment from MATTHEW PEREZ IJUDHO9ZV1ZH, 
Zelle payment from MATTHEW RAMIREZ JZRX81F9BB2N, 
Zelle payment from MATTHEW SANCHEZ G11PQA18NOMJ, 
Zelle payment from MATTHEW WHITE I55QCO7ZK0MX, 
Zelle payment from MICHAEL CLARK K91YK7T3OKM4, 
Zelle payment from MICHAEL JOHNSON P6MKLMNH8BCR, 
Zelle payment from MICHAEL RAMIREZ KSBTVC5HGOPZ, 
Zelle payment from MICHAEL WANG 59MG1AYZBQFV, 
Zelle payment from MICHAEL WHITE 782HDAVCJQCF, 
Zelle payment from MICHAEL WILSON 9HE4KEXD7FCY, 
Zelle payment from MICHELLE JONES L9ULCQPJJPK1, 
Zelle payment from MICHELLE MILLER 8GBXSGS1IE9U, 
Zelle payment from MICHELLE PEREZ KSPUEXSMAU7G, 
Zelle payment from MICHELLE THOMPSON XILHNBHTUPQN, 
Zelle payment from NANCY GARCIA P1ZEKGLLK60Y, 
Zelle payment from NANCY HERNANDEZ Q1NJ4HZ2RQVY, 
Zelle payment from NANCY NGUYEN 3W7224QBN7PO, 
Zelle payment from NANCY WANG MEDTJM1COPB5, 
Zelle payment from PATRICIA DAVIS HWCT3RPFY8R9, 
Zelle payment from PATRICIA GONZALEZ VEI9MRG2SVD9, 
Zelle payment from PATRICIA KIM NXJ3YE320ICW, 
Zelle payment from PATRICIA WILLIAMS TFFJGZUOD7KS, 
Zelle payment from PATRICIA WONG YY3O3Z2780BD, 
Zelle payment from PAUL CHEN 2KC3IKTG4LCU, 
Zelle payment from PAUL PEREZ UXSZJVWNGM71, 
Zelle payment from PAUL SINGH CA9D4WMSS9LI, 
Zelle payment from RICHARD KIM ZB0K9XP1TC9C, 
Zelle payment from RICHARD LI OWIWBQOTL5XX, 
Zelle payment from RICHARD MARTIN 1OCNO0GJ2LWN, 
Zelle payment from ROBERT JOHNSON JBESM9Y9FUCN, 
Zelle payment from ROBERT LEE BPAGBU0OOHMZ, 
Zelle payment from ROBERT PARK JBKZP16MXDQ1, 
Zelle payment from ROBERT SMITH 7NISL6MW5KZX, 
Zelle payment from ROBERT SMITH 9TULV32P2PKH, 
Zelle payment from SANDRA PARK L4D6ERB53213, 
Zelle payment from SANDRA PEREZ TM0XQX3HCCCR, 
Zelle payment from SANDRA ROBINSON 4X0X6T4IV9DC, 
Zelle payment from SANDRA WILLIAMS 2G8YN0VHOWOV, 
Zelle payment from SARAH HARRIS IWPOL0WZRI22, 
Zelle payment from SARAH WHITE AQFC0IYK24W8, 
Zelle payment from SARAH WILLIAMS 0T6DEAF6XV00, 
Zelle payment from STEVEN DAVIS ADE13P84RC4M, 
Zelle payment from STEVEN GARCIA SKSA9I0TTSYD, 
Zelle payment from STEVEN LEWIS 5T300U7ZTB8S, 
Zelle payment from SUSAN GARCIA N9K5XYSWJHAP, 
Zelle payment from SUSAN HARRIS 6YJYI71LWT37, 
Zelle payment from SUSAN JOHNSON H1YJBVV2YR0A, 
Zelle payment from SUSAN WILLIAMS 7J29WYV8QEPM, 
Zelle payment from THOMAS JOHNSON 0MPYF108SI1S, 
Zelle payment from THOMAS RODRIGUEZ O69OJWFJIOXN, 
Zelle payment from THOMAS TAYLOR 51W982QFNUN2, 
Zelle payment from WILLIAM ANDERSON TGEW3YX9MFI3, 
Zelle payment from WILLIAM PARK 41UC6MJJSBQ6, 
Zelle payment to ANDREW LEWIS INDIANAPOLIS IN 19230034623, 
Zelle payment to ANTHONY DAVIS CHARLOTTE NC 15512908555, 
Zelle payment to ANTHONY LEWIS AUSTIN TX 18502712187, 
Zelle payment to ASHLEY ROBINSON BROOKLYN NY 90059432502, 
Zelle payment to BARBARA DAVIS SAN DIEGO CA 84952878084, 
Zelle payment to BARBARA LEE ORLANDO FL 79450618374, 
Zelle payment to BARBARA MARTIN PITTSBURGH PA 63951129897, 
Zelle payment to BETTY DAVIS ATLANTA GA 62478121751, 
Zelle payment to CHARLES BROWN SAN DIEGO CA 65447691475, 
Zelle payment to CHRISTOPHER JACKSON NEW YORK NY 97778372131, 
Zelle payment to DAVID CHEN DALLAS TX 92000747134, 
Zelle payment to DAVID MARTINEZ CHARLOTTE NC 43488150953, 
Zelle payment to DONNA CLARK INDIANAPOLIS IN 80946766941, 
Zelle payment to DONNA SMITH SAN DIEGO CA 62905785534, 
Zelle payment to EMILY WONG MINNEAPOLIS MN 40144277015, 
Zelle payment to JAMES MILLER LOS ANGELES CA 90707834619, 
Zelle payment to JESSICA MILLER LAS VEGAS NV 87931405141, 
Zelle payment to JOSEPH PATEL HAYWARD CA 40872818639, 
Zelle payment to JOSEPH SANCHEZ PITTSBURGH PA 06525335812, 
Zelle payment to JOSEPH WONG MIAMI FL 92407841421, 
Zelle payment to KAREN RODRIGUEZ TAMPA FL 24983257352, 
Zelle payment to KAREN WILLIAMS QUEENS NY 60831056061, 
Zelle payment to KIMBERLY HARRIS NEWARK NJ 40700364770, 
Zelle payment to KIMBERLY WHITE PHOENIX AZ 91258986401, 
Zelle payment to LINDA ANDERSON PHILADELPHIA PA 63305487425, 
Zelle payment to LINDA KIM BROOKLYN NY 30517018620, 
Zelle payment to LISA MARTIN TAMPA FL 62301350864, 
Zelle payment to LISA NGUYEN NEWARK NJ 84642329570, 
Zelle payment to MARGARET RODRIGUEZ QUEENS NY 88057022808, 
Zelle payment to MARGARET TAYLOR QUEENS NY 50129551335, 
Zelle payment to MATTHEW HERNANDEZ UNION CITY CA 53343446536, 
Zelle payment to PATRICIA CLARK SAN DIEGO CA 57801381076, 
Zelle payment to PAUL PARK HAYWARD CA 95718300113, 
Zelle payment to RICHARD LOPEZ CHICAGO IL 39275009355, 
Zelle payment to ROBERT MARTINEZ NASHVILLE TN 06997299624, 
Zelle payment to ROBERT MOORE PORTLAND OR 94936124159, 
Zelle payment to STEVEN KIM DENVER CO 53354197009, 
Zelle payment to STEVEN THOMAS NEW YORK NY 56815860433, 
Zelle payment to STEVEN THOMPSON BOSTON MA 82563179469, 
Zelle payment to SUSAN WALKER UNION CITY CA 25959432121, 
Zelle payment to WILLIAM HERNANDEZ BOSTON MA 75139520975, 
Zelle payment to WILLIAM JACKSON DENVER CO 41983298426, 
annual fee, 
annual fee - 29/18, 
annual fee - 51/68, 
annual fee - 65/61, 
annual fee - 74/14, 
annual fee - 88/95, 
atm fee, 
atm fee - 12/04, 
atm fee - 21/84, 
atm fee - 27/36, 
atm fee - 42/56, 
atm fee - 67/60, 
atm fee - 88/86, 
balance transfer fee, 
balance transfer fee - 02/37, 
balance transfer fee - 36/16, 
balance transfer fee - 82/02, 
bank of america loan pmt, 
bank of america payment, 
cash advance fee, 
cash advance fee - 11/84, 
cash advance fee - 89/05, 
cash advance fee - 97/81, 
cash app payment to charles hernandez, 
cash app payment to david li, 
cash app payment to david wilson, 
cash app payment to john singh, 
cash app payment to nancy garcia, 
cash app payment to richard smith, 
cash app payment to susan nguyen, 
daily cash adjustment, 
daily cash adjustment - 07/71, 
daily cash adjustment - 48/60, 
daily cash adjustment - 50/11, 
daily cash adjustment - 92/75, 
daily cash adjustment - 99/08, 
foreign transaction fee, 
foreign transaction fee - 63/96, 
foreign transaction fee - 69/75, 
general payment: bank of america, 
general payment: regions bank, 
general payment: us bank, 
late payment fee, 
late payment fee - 36/54, 
late payment fee - 37/16, 
late payment fee - 49/29, 
late payment fee - 63/67, 
late payment fee - 86/69, 
late payment fee - 92/06, 
manual db-bkrg 16/23, 
manual db-bkrg 46/71, 
monthly installments (10 of 12), 
monthly installments (10 of 36), 
monthly installments (11 of 12), 
monthly installments (11 of 24), 
monthly installments (11 of 36), 
monthly installments (12 of 12), 
monthly installments (12 of 24), 
monthly installments (3 of 12), 
monthly installments (3 of 24), 
monthly installments (4 of 24), 
monthly installments (4 of 36), 
monthly installments (5 of 12), 
monthly installments (5 of 24), 
monthly installments (7 of 24), 
monthly installments (7 of 36), 
monthly installments (9 of 12), 
monthly installments (9 of 36), 
monthly service fee, 
monthly service fee - 08/47, 
monthly service fee - 95/69, 
monthly service fee - 99/29, 
overdraft fee, 
overdraft fee - 24/13, 
payment to bank of america card ending in 4582, 
payment to bank of america card ending in 4677, 
payment to bank of america card ending in 4772, 
payment to fifth third card ending in 2440, 
payment to fifth third card ending in 3615, 
payment to jpmorgan chase card ending in 0189, 
payment to jpmorgan chase card ending in 2048, 
payment to jpmorgan chase card ending in 2949, 
payment to jpmorgan chase card ending in 6991, 
payment to regions bank card ending in 4058, 
payment to wells fargo card ending in 0362, 
paypal inst xfer amex autopay web id: paypalsi29, 
paypal inst xfer amex autopay web id: paypalsi81, 
paypal inst xfer applecard gsbank payment web id: paypalsi17, 
paypal inst xfer capital one autopay web id: paypalsi20, 
paypal inst xfer capital one autopay web id: paypalsi28, 
paypal inst xfer capital one autopay web id: paypalsi49, 
paypal inst xfer capital one autopay web id: paypalsi75, 
paypal inst xfer capital one autopay web id: paypalsi82, 
paypal inst xfer chase credit crd autopay web id: paypalsi07, 
paypal inst xfer chase credit crd autopay web id: paypalsi87, 
paypal inst xfer citi autopay web id: paypalsi85, 
paypal inst xfer web id: paypalsi03, 
paypal inst xfer web id: paypalsi04, 
paypal inst xfer web id: paypalsi15, 
paypal inst xfer web id: paypalsi48, 
paypal inst xfer web id: paypalsi58, 
paypal inst xfer web id: paypalsi86, 
paypal payment to mark wong, 
paypal payment to michelle lee, 
paypal payment to nancy patel, 
paypal payment to nancy sanchez, 
paypal payment to patricia harris, 
pnc bank loan pmt, 
regions bank payment, 
returned item fee, 
returned item fee - 86/22, 
returned payment, 
td bank payment, 
tradestation payments 332988497890945 web id: 11289340, 
us bank payment, 
venmo payment to jennifer brown, 
venmo payment to lisa shah, 
venmo payment to william williams, 
wire transfer fee, 
wire transfer fee - 10/23, 
wire transfer fee - 71/13, 
wire transfer fee - 89/04, 
wire transfer fee - 90/83, 
withdrawal from att bill pay, 
withdrawal from comcast cable, 
withdrawal from pgande web online, 
withdrawal from td bank ext trnsfr, 
withdrawal from us bank ext trnsfr, 
